[0.009s] Invoking command in '/home/ansl/ca_ws/build/px4_msgs': CMAKE_PREFIX_PATH=${CMAKE_PREFIX_PATH}:/home/ansl/px4_ros2_ws/install/usv_control_pkg:/home/ansl/px4_ros2_ws/install/ugv_collision_avoidance_lidar_example2:/home/ansl/px4_ros2_ws/install/ugv_collision_avoidance_lidar_example1:/opt/ros/humble /usr/bin/cmake /home/ansl/ca_ws/src/px4_msgs -DAMENT_CMAKE_SYMLINK_INSTALL=1 -DCMAKE_INSTALL_PREFIX=/home/ansl/ca_ws/install/px4_msgs
[0.044s] -- The C compiler identification is GNU 11.4.0
[0.082s] -- The CXX compiler identification is GNU 11.4.0
[0.086s] -- Detecting C compiler ABI info
[0.133s] -- Detecting C compiler ABI info - done
[0.142s] -- Check for working C compiler: /usr/bin/cc - skipped
[0.142s] -- Detecting C compile features
[0.143s] -- Detecting C compile features - done
[0.146s] -- Detecting CXX compiler ABI info
[0.200s] -- Detecting CXX compiler ABI info - done
[0.205s] -- Check for working CXX compiler: /usr/bin/c++ - skipped
[0.205s] -- Detecting CXX compile features
[0.206s] -- Detecting CXX compile features - done
[0.207s] -- Found ament_cmake: 1.3.14 (/opt/ros/humble/share/ament_cmake/cmake)
[0.322s] -- Found Python3: /usr/bin/python3 (found version "3.10.12") found components: Interpreter 
[0.366s] -- Override CMake install command with custom implementation using symlinks instead of copying resources
[0.390s] -- Found builtin_interfaces: 1.2.2 (/opt/ros/humble/share/builtin_interfaces/cmake)
[0.415s] -- Found rosidl_generator_c: 3.1.8 (/opt/ros/humble/share/rosidl_generator_c/cmake)
[0.418s] -- Found rosidl_adapter: 3.1.8 (/opt/ros/humble/share/rosidl_adapter/cmake)
[0.424s] -- Found rosidl_generator_cpp: 3.1.8 (/opt/ros/humble/share/rosidl_generator_cpp/cmake)
[0.431s] -- Using all available rosidl_typesupport_c: rosidl_typesupport_fastrtps_c;rosidl_typesupport_introspection_c
[0.442s] -- Using all available rosidl_typesupport_cpp: rosidl_typesupport_fastrtps_cpp;rosidl_typesupport_introspection_cpp
[0.451s] -- Found rosidl_default_generators: 1.2.1 (/opt/ros/humble/share/rosidl_default_generators/cmake)
[1.584s] -- Found ament_cmake_cppcheck: 0.12.15 (/opt/ros/humble/share/ament_cmake_cppcheck/cmake)
[1.585s] -- Found ament_cmake_cpplint: 0.12.15 (/opt/ros/humble/share/ament_cmake_cpplint/cmake)
[1.587s] -- Found ament_cmake_uncrustify: 0.12.15 (/opt/ros/humble/share/ament_cmake_uncrustify/cmake)
[1.589s] -- Found ament_cmake_ros: 0.10.0 (/opt/ros/humble/share/ament_cmake_ros/cmake)
[1.907s] -- Using all available rosidl_typesupport_c: rosidl_typesupport_fastrtps_c;rosidl_typesupport_introspection_c
[2.039s] -- Using all available rosidl_typesupport_cpp: rosidl_typesupport_fastrtps_cpp;rosidl_typesupport_introspection_cpp
[2.059s] -- Found PythonInterp: /usr/bin/python3 (found suitable version "3.10.12", minimum required is "3.6") 
[2.061s] -- Found python_cmake_module: 0.10.0 (/opt/ros/humble/share/python_cmake_module/cmake)
[2.081s] -- Found PythonLibs: /usr/lib/x86_64-linux-gnu/libpython3.10.so (found suitable version "3.10.12", minimum required is "3.5") 
[2.081s] -- Using PYTHON_EXECUTABLE: /usr/bin/python3
[2.081s] -- Using PYTHON_INCLUDE_DIRS: /usr/include/python3.10
[2.081s] -- Using PYTHON_LIBRARIES: /usr/lib/x86_64-linux-gnu/libpython3.10.so
[2.098s] -- Found PythonExtra: .so  
[2.144s] -- Found ament_cmake_flake8: 0.12.15 (/opt/ros/humble/share/ament_cmake_flake8/cmake)
[2.146s] -- Found ament_cmake_pep257: 0.12.15 (/opt/ros/humble/share/ament_cmake_pep257/cmake)
[2.235s] -- Configuring done
[2.452s] -- Generating done
[2.475s] -- Build files have been written to: /home/ansl/ca_ws/build/px4_msgs
[2.491s] Invoked command in '/home/ansl/ca_ws/build/px4_msgs' returned '0': CMAKE_PREFIX_PATH=${CMAKE_PREFIX_PATH}:/home/ansl/px4_ros2_ws/install/usv_control_pkg:/home/ansl/px4_ros2_ws/install/ugv_collision_avoidance_lidar_example2:/home/ansl/px4_ros2_ws/install/ugv_collision_avoidance_lidar_example1:/opt/ros/humble /usr/bin/cmake /home/ansl/ca_ws/src/px4_msgs -DAMENT_CMAKE_SYMLINK_INSTALL=1 -DCMAKE_INSTALL_PREFIX=/home/ansl/ca_ws/install/px4_msgs
[2.492s] Invoking command in '/home/ansl/ca_ws/build/px4_msgs': CMAKE_PREFIX_PATH=${CMAKE_PREFIX_PATH}:/home/ansl/px4_ros2_ws/install/usv_control_pkg:/home/ansl/px4_ros2_ws/install/ugv_collision_avoidance_lidar_example2:/home/ansl/px4_ros2_ws/install/ugv_collision_avoidance_lidar_example1:/opt/ros/humble /usr/bin/cmake --build /home/ansl/ca_ws/build/px4_msgs -- -j8 -l8
[2.732s] [  0%] [34m[1mGenerating C code for ROS interfaces[0m
[2.732s] [  1%] [34m[1mGenerating Rust code for ROS interfaces[0m
[2.732s] [  1%] Built target ament_cmake_python_symlink_px4_msgs
[2.752s] [  1%] [34m[1mGenerating C++ code for ROS interfaces[0m
[3.040s] running egg_info
[3.040s] creating px4_msgs.egg-info
[3.040s] writing px4_msgs.egg-info/PKG-INFO
[3.041s] writing dependency_links to px4_msgs.egg-info/dependency_links.txt
[3.041s] writing top-level names to px4_msgs.egg-info/top_level.txt
[3.041s] writing manifest file 'px4_msgs.egg-info/SOURCES.txt'
[3.043s] reading manifest file 'px4_msgs.egg-info/SOURCES.txt'
[3.044s] writing manifest file 'px4_msgs.egg-info/SOURCES.txt'
[3.072s] [  1%] Built target ament_cmake_python_build_px4_msgs_egg
[21.526s] [  1%] Built target px4_msgs__rs
[25.904s] [  1%] Built target px4_msgs__cpp
[25.914s] [  1%] [34m[1mGenerating C++ type support dispatch for ROS interfaces[0m
[25.916s] [  1%] [34m[1mGenerating C++ introspection for ROS interfaces[0m
[25.916s] [  1%] [34m[1mGenerating C++ type support for eProsima Fast-RTPS[0m
[32.173s] [  1%] [32mBuilding C object CMakeFiles/px4_msgs__rosidl_generator_c.dir/rosidl_generator_c/px4_msgs/msg/detail/action_request__functions.c.o[0m
[32.174s] [  1%] [32mBuilding C object CMakeFiles/px4_msgs__rosidl_generator_c.dir/rosidl_generator_c/px4_msgs/msg/detail/actuator_command__functions.c.o[0m
[32.174s] [  1%] [32mBuilding C object CMakeFiles/px4_msgs__rosidl_generator_c.dir/rosidl_generator_c/px4_msgs/msg/detail/actuator_controls_status__functions.c.o[0m
[32.174s] [  1%] [32mBuilding C object CMakeFiles/px4_msgs__rosidl_generator_c.dir/rosidl_generator_c/px4_msgs/msg/detail/actuator_armed__functions.c.o[0m
[32.175s] [  1%] [32mBuilding C object CMakeFiles/px4_msgs__rosidl_generator_c.dir/rosidl_generator_c/px4_msgs/msg/detail/actuator_motors__functions.c.o[0m
[32.230s] [  1%] [32mBuilding C object CMakeFiles/px4_msgs__rosidl_generator_c.dir/rosidl_generator_c/px4_msgs/msg/detail/actuator_outputs__functions.c.o[0m
[32.232s] [  1%] [32mBuilding C object CMakeFiles/px4_msgs__rosidl_generator_c.dir/rosidl_generator_c/px4_msgs/msg/detail/actuator_servos__functions.c.o[0m
[32.232s] [  1%] [32mBuilding C object CMakeFiles/px4_msgs__rosidl_generator_c.dir/rosidl_generator_c/px4_msgs/msg/detail/actuator_servos_trim__functions.c.o[0m
[32.232s] [  1%] [32mBuilding C object CMakeFiles/px4_msgs__rosidl_generator_c.dir/rosidl_generator_c/px4_msgs/msg/detail/actuator_test__functions.c.o[0m
[32.254s] [  1%] [32mBuilding C object CMakeFiles/px4_msgs__rosidl_generator_c.dir/rosidl_generator_c/px4_msgs/msg/detail/adc_report__functions.c.o[0m
[32.279s] [  2%] [32mBuilding C object CMakeFiles/px4_msgs__rosidl_generator_c.dir/rosidl_generator_c/px4_msgs/msg/detail/airspeed__functions.c.o[0m
[32.279s] [  2%] [32mBuilding C object CMakeFiles/px4_msgs__rosidl_generator_c.dir/rosidl_generator_c/px4_msgs/msg/detail/airspeed_validated__functions.c.o[0m
[32.279s] [  2%] [32mBuilding C object CMakeFiles/px4_msgs__rosidl_generator_c.dir/rosidl_generator_c/px4_msgs/msg/detail/airspeed_wind__functions.c.o[0m
[32.291s] [  2%] [32mBuilding C object CMakeFiles/px4_msgs__rosidl_generator_c.dir/rosidl_generator_c/px4_msgs/msg/detail/autotune_attitude_control_status__functions.c.o[0m
[32.306s] [  2%] [32mBuilding C object CMakeFiles/px4_msgs__rosidl_generator_c.dir/rosidl_generator_c/px4_msgs/msg/detail/battery_status__functions.c.o[0m
[32.332s] [  2%] [32mBuilding C object CMakeFiles/px4_msgs__rosidl_generator_c.dir/rosidl_generator_c/px4_msgs/msg/detail/button_event__functions.c.o[0m
[32.332s] [  2%] [32mBuilding C object CMakeFiles/px4_msgs__rosidl_generator_c.dir/rosidl_generator_c/px4_msgs/msg/detail/camera_capture__functions.c.o[0m
[32.343s] [  2%] [32mBuilding C object CMakeFiles/px4_msgs__rosidl_generator_c.dir/rosidl_generator_c/px4_msgs/msg/detail/camera_status__functions.c.o[0m
[32.349s] [  2%] [32mBuilding C object CMakeFiles/px4_msgs__rosidl_generator_c.dir/rosidl_generator_c/px4_msgs/msg/detail/camera_trigger__functions.c.o[0m
[32.364s] [  2%] [32mBuilding C object CMakeFiles/px4_msgs__rosidl_generator_c.dir/rosidl_generator_c/px4_msgs/msg/detail/cellular_status__functions.c.o[0m
[32.378s] [  2%] [32mBuilding C object CMakeFiles/px4_msgs__rosidl_generator_c.dir/rosidl_generator_c/px4_msgs/msg/detail/collision_constraints__functions.c.o[0m
[32.381s] [  2%] [32mBuilding C object CMakeFiles/px4_msgs__rosidl_generator_c.dir/rosidl_generator_c/px4_msgs/msg/detail/collision_report__functions.c.o[0m
[32.393s] [  2%] [32mBuilding C object CMakeFiles/px4_msgs__rosidl_generator_c.dir/rosidl_generator_c/px4_msgs/msg/detail/command_values__functions.c.o[0m
[32.414s] [  2%] [32mBuilding C object CMakeFiles/px4_msgs__rosidl_generator_c.dir/rosidl_generator_c/px4_msgs/msg/detail/control_allocator_status__functions.c.o[0m
[32.419s] [  2%] [32mBuilding C object CMakeFiles/px4_msgs__rosidl_generator_c.dir/rosidl_generator_c/px4_msgs/msg/detail/cpuload__functions.c.o[0m
[32.434s] [  2%] [32mBuilding C object CMakeFiles/px4_msgs__rosidl_generator_c.dir/rosidl_generator_c/px4_msgs/msg/detail/debug_array__functions.c.o[0m
[32.434s] [  2%] [32mBuilding C object CMakeFiles/px4_msgs__rosidl_generator_c.dir/rosidl_generator_c/px4_msgs/msg/detail/debug_key_value__functions.c.o[0m
[32.447s] [  2%] [32mBuilding C object CMakeFiles/px4_msgs__rosidl_generator_c.dir/rosidl_generator_c/px4_msgs/msg/detail/debug_value__functions.c.o[0m
[32.473s] [  3%] [32mBuilding C object CMakeFiles/px4_msgs__rosidl_generator_c.dir/rosidl_generator_c/px4_msgs/msg/detail/debug_vect__functions.c.o[0m
[32.486s] [  3%] [32mBuilding C object CMakeFiles/px4_msgs__rosidl_generator_c.dir/rosidl_generator_c/px4_msgs/msg/detail/differential_pressure__functions.c.o[0m
[32.490s] [  3%] [32mBuilding C object CMakeFiles/px4_msgs__rosidl_generator_c.dir/rosidl_generator_c/px4_msgs/msg/detail/ekf2_timestamps__functions.c.o[0m
[32.490s] [  3%] [32mBuilding C object CMakeFiles/px4_msgs__rosidl_generator_c.dir/rosidl_generator_c/px4_msgs/msg/detail/distance_sensor__functions.c.o[0m
[32.500s] [  3%] [32mBuilding C object CMakeFiles/px4_msgs__rosidl_generator_c.dir/rosidl_generator_c/px4_msgs/msg/detail/esc_report__functions.c.o[0m
[32.530s] [  3%] [32mBuilding C object CMakeFiles/px4_msgs__rosidl_generator_c.dir/rosidl_generator_c/px4_msgs/msg/detail/esc_status__functions.c.o[0m
[32.546s] [  3%] [32mBuilding C object CMakeFiles/px4_msgs__rosidl_generator_c.dir/rosidl_generator_c/px4_msgs/msg/detail/estimator_aid_source2d__functions.c.o[0m
[32.546s] [  3%] [32mBuilding C object CMakeFiles/px4_msgs__rosidl_generator_c.dir/rosidl_generator_c/px4_msgs/msg/detail/estimator_aid_source1d__functions.c.o[0m
[32.561s] [  3%] [32mBuilding C object CMakeFiles/px4_msgs__rosidl_generator_c.dir/rosidl_generator_c/px4_msgs/msg/detail/estimator_aid_source3d__functions.c.o[0m
[32.567s] [  3%] [32mBuilding C object CMakeFiles/px4_msgs__rosidl_generator_c.dir/rosidl_generator_c/px4_msgs/msg/detail/estimator_bias__functions.c.o[0m
[32.590s] [  3%] [32mBuilding C object CMakeFiles/px4_msgs__rosidl_generator_c.dir/rosidl_generator_c/px4_msgs/msg/detail/estimator_bias3d__functions.c.o[0m
[32.604s] [  3%] [32mBuilding C object CMakeFiles/px4_msgs__rosidl_generator_c.dir/rosidl_generator_c/px4_msgs/msg/detail/estimator_event_flags__functions.c.o[0m
[32.609s] [  3%] [32mBuilding C object CMakeFiles/px4_msgs__rosidl_generator_c.dir/rosidl_generator_c/px4_msgs/msg/detail/estimator_gps_status__functions.c.o[0m
[32.630s] [  3%] [32mBuilding C object CMakeFiles/px4_msgs__rosidl_generator_c.dir/rosidl_generator_c/px4_msgs/msg/detail/estimator_innovations__functions.c.o[0m
[32.646s] [  3%] [32mBuilding C object CMakeFiles/px4_msgs__rosidl_generator_c.dir/rosidl_generator_c/px4_msgs/msg/detail/estimator_selector_status__functions.c.o[0m
[32.651s] [  4%] [32mBuilding C object CMakeFiles/px4_msgs__rosidl_generator_c.dir/rosidl_generator_c/px4_msgs/msg/detail/estimator_sensor_bias__functions.c.o[0m
[32.666s] [  4%] [32mBuilding C object CMakeFiles/px4_msgs__rosidl_generator_c.dir/rosidl_generator_c/px4_msgs/msg/detail/estimator_status__functions.c.o[0m
[32.667s] [  4%] [32mBuilding C object CMakeFiles/px4_msgs__rosidl_generator_c.dir/rosidl_generator_c/px4_msgs/msg/detail/estimator_states__functions.c.o[0m
[32.708s] [  4%] [32mBuilding C object CMakeFiles/px4_msgs__rosidl_generator_c.dir/rosidl_generator_c/px4_msgs/msg/detail/estimator_status_flags__functions.c.o[0m
[32.715s] [  4%] [32mBuilding C object CMakeFiles/px4_msgs__rosidl_generator_c.dir/rosidl_generator_c/px4_msgs/msg/detail/event__functions.c.o[0m
[32.725s] [  4%] [32mBuilding C object CMakeFiles/px4_msgs__rosidl_generator_c.dir/rosidl_generator_c/px4_msgs/msg/detail/failsafe_flags__functions.c.o[0m
[32.729s] [  4%] [32mBuilding C object CMakeFiles/px4_msgs__rosidl_generator_c.dir/rosidl_generator_c/px4_msgs/msg/detail/failure_detector_status__functions.c.o[0m
[32.734s] [  4%] [32mBuilding C object CMakeFiles/px4_msgs__rosidl_generator_c.dir/rosidl_generator_c/px4_msgs/msg/detail/follow_target__functions.c.o[0m
[32.774s] [  4%] [32mBuilding C object CMakeFiles/px4_msgs__rosidl_generator_c.dir/rosidl_generator_c/px4_msgs/msg/detail/follow_target_estimator__functions.c.o[0m
[32.778s] [  4%] [32mBuilding C object CMakeFiles/px4_msgs__rosidl_generator_c.dir/rosidl_generator_c/px4_msgs/msg/detail/follow_target_status__functions.c.o[0m
[32.793s] [  4%] [32mBuilding C object CMakeFiles/px4_msgs__rosidl_generator_c.dir/rosidl_generator_c/px4_msgs/msg/detail/generator_status__functions.c.o[0m
[32.797s] [  4%] [32mBuilding C object CMakeFiles/px4_msgs__rosidl_generator_c.dir/rosidl_generator_c/px4_msgs/msg/detail/geofence_result__functions.c.o[0m
[32.814s] [  4%] [32mBuilding C object CMakeFiles/px4_msgs__rosidl_generator_c.dir/rosidl_generator_c/px4_msgs/msg/detail/gimbal_controls__functions.c.o[0m
[32.838s] [  4%] [32mBuilding C object CMakeFiles/px4_msgs__rosidl_generator_c.dir/rosidl_generator_c/px4_msgs/msg/detail/gimbal_device_attitude_status__functions.c.o[0m
[32.839s] [  4%] [32mBuilding C object CMakeFiles/px4_msgs__rosidl_generator_c.dir/rosidl_generator_c/px4_msgs/msg/detail/gimbal_device_information__functions.c.o[0m
[32.857s] [  4%] [32mBuilding C object CMakeFiles/px4_msgs__rosidl_generator_c.dir/rosidl_generator_c/px4_msgs/msg/detail/gimbal_device_set_attitude__functions.c.o[0m
[32.877s] [  5%] [32mBuilding C object CMakeFiles/px4_msgs__rosidl_generator_c.dir/rosidl_generator_c/px4_msgs/msg/detail/gimbal_manager_information__functions.c.o[0m
[32.896s] [  5%] [32mBuilding C object CMakeFiles/px4_msgs__rosidl_generator_c.dir/rosidl_generator_c/px4_msgs/msg/detail/gimbal_manager_set_attitude__functions.c.o[0m
[32.917s] [  5%] [32mBuilding C object CMakeFiles/px4_msgs__rosidl_generator_c.dir/rosidl_generator_c/px4_msgs/msg/detail/gimbal_manager_set_manual_control__functions.c.o[0m
[32.924s] [  5%] [32mBuilding C object CMakeFiles/px4_msgs__rosidl_generator_c.dir/rosidl_generator_c/px4_msgs/msg/detail/gimbal_manager_status__functions.c.o[0m
[32.935s] [  5%] [32mBuilding C object CMakeFiles/px4_msgs__rosidl_generator_c.dir/rosidl_generator_c/px4_msgs/msg/detail/gps_dump__functions.c.o[0m
[32.936s] [  5%] [32mBuilding C object CMakeFiles/px4_msgs__rosidl_generator_c.dir/rosidl_generator_c/px4_msgs/msg/detail/gps_inject_data__functions.c.o[0m
[32.958s] [  5%] [32mBuilding C object CMakeFiles/px4_msgs__rosidl_generator_c.dir/rosidl_generator_c/px4_msgs/msg/detail/gripper__functions.c.o[0m
[32.983s] [  5%] [32mBuilding C object CMakeFiles/px4_msgs__rosidl_generator_c.dir/rosidl_generator_c/px4_msgs/msg/detail/health_report__functions.c.o[0m
[32.994s] [  5%] [32mBuilding C object CMakeFiles/px4_msgs__rosidl_generator_c.dir/rosidl_generator_c/px4_msgs/msg/detail/heater_status__functions.c.o[0m
[33.003s] [  5%] [32mBuilding C object CMakeFiles/px4_msgs__rosidl_generator_c.dir/rosidl_generator_c/px4_msgs/msg/detail/hover_thrust_estimate__functions.c.o[0m
[33.006s] [  5%] [32mBuilding C object CMakeFiles/px4_msgs__rosidl_generator_c.dir/rosidl_generator_c/px4_msgs/msg/detail/home_position__functions.c.o[0m
[33.017s] [  5%] [32mBuilding C object CMakeFiles/px4_msgs__rosidl_generator_c.dir/rosidl_generator_c/px4_msgs/msg/detail/input_rc__functions.c.o[0m
[33.043s] [  5%] [32mBuilding C object CMakeFiles/px4_msgs__rosidl_generator_c.dir/rosidl_generator_c/px4_msgs/msg/detail/input_tau__functions.c.o[0m
[33.058s] [  5%] [32mBuilding C object CMakeFiles/px4_msgs__rosidl_generator_c.dir/rosidl_generator_c/px4_msgs/msg/detail/internal_combustion_engine_status__functions.c.o[0m
[33.065s] [  5%] [32mBuilding C object CMakeFiles/px4_msgs__rosidl_generator_c.dir/rosidl_generator_c/px4_msgs/msg/detail/iridiumsbd_status__functions.c.o[0m
[33.080s] [  6%] [32mBuilding C object CMakeFiles/px4_msgs__rosidl_generator_c.dir/rosidl_generator_c/px4_msgs/msg/detail/irlock_report__functions.c.o[0m
[33.097s] [  6%] [32mBuilding C object CMakeFiles/px4_msgs__rosidl_generator_c.dir/rosidl_generator_c/px4_msgs/msg/detail/landing_gear__functions.c.o[0m
[33.105s] [  6%] [32mBuilding C object CMakeFiles/px4_msgs__rosidl_generator_c.dir/rosidl_generator_c/px4_msgs/msg/detail/landing_gear_wheel__functions.c.o[0m
[33.120s] [  6%] [32mBuilding C object CMakeFiles/px4_msgs__rosidl_generator_c.dir/rosidl_generator_c/px4_msgs/msg/detail/landing_target_innovations__functions.c.o[0m
[33.126s] [  6%] [32mBuilding C object CMakeFiles/px4_msgs__rosidl_generator_c.dir/rosidl_generator_c/px4_msgs/msg/detail/landing_target_pose__functions.c.o[0m
[33.142s] [  6%] [32mBuilding C object CMakeFiles/px4_msgs__rosidl_generator_c.dir/rosidl_generator_c/px4_msgs/msg/detail/launch_detection_status__functions.c.o[0m
[33.162s] [  6%] [32mBuilding C object CMakeFiles/px4_msgs__rosidl_generator_c.dir/rosidl_generator_c/px4_msgs/msg/detail/led_control__functions.c.o[0m
[33.180s] [  6%] [32mBuilding C object CMakeFiles/px4_msgs__rosidl_generator_c.dir/rosidl_generator_c/px4_msgs/msg/detail/log_message__functions.c.o[0m
[33.187s] [  6%] [32mBuilding C object CMakeFiles/px4_msgs__rosidl_generator_c.dir/rosidl_generator_c/px4_msgs/msg/detail/logger_status__functions.c.o[0m
[33.195s] [  6%] [32mBuilding C object CMakeFiles/px4_msgs__rosidl_generator_c.dir/rosidl_generator_c/px4_msgs/msg/detail/mag_worker_data__functions.c.o[0m
[33.203s] [  6%] [32mBuilding C object CMakeFiles/px4_msgs__rosidl_generator_c.dir/rosidl_generator_c/px4_msgs/msg/detail/magnetometer_bias_estimate__functions.c.o[0m
[33.222s] [  6%] [32mBuilding C object CMakeFiles/px4_msgs__rosidl_generator_c.dir/rosidl_generator_c/px4_msgs/msg/detail/manual_control_setpoint__functions.c.o[0m
[33.241s] [  6%] [32mBuilding C object CMakeFiles/px4_msgs__rosidl_generator_c.dir/rosidl_generator_c/px4_msgs/msg/detail/manual_control_switches__functions.c.o[0m
[33.248s] [  6%] [32mBuilding C object CMakeFiles/px4_msgs__rosidl_generator_c.dir/rosidl_generator_c/px4_msgs/msg/detail/mavlink_log__functions.c.o[0m
[33.264s] [  6%] [32mBuilding C object CMakeFiles/px4_msgs__rosidl_generator_c.dir/rosidl_generator_c/px4_msgs/msg/detail/mavlink_tunnel__functions.c.o[0m
[33.288s] [  6%] [32mBuilding C object CMakeFiles/px4_msgs__rosidl_generator_c.dir/rosidl_generator_c/px4_msgs/msg/detail/mission__functions.c.o[0m
[33.294s] [  7%] [32mBuilding C object CMakeFiles/px4_msgs__rosidl_generator_c.dir/rosidl_generator_c/px4_msgs/msg/detail/mission_result__functions.c.o[0m
[33.303s] [  7%] [32mBuilding C object CMakeFiles/px4_msgs__rosidl_generator_c.dir/rosidl_generator_c/px4_msgs/msg/detail/mode_completed__functions.c.o[0m
[33.320s] [  7%] [32mBuilding C object CMakeFiles/px4_msgs__rosidl_generator_c.dir/rosidl_generator_c/px4_msgs/msg/detail/mode_flag__functions.c.o[0m
[33.324s] [  7%] [32mBuilding C object CMakeFiles/px4_msgs__rosidl_generator_c.dir/rosidl_generator_c/px4_msgs/msg/detail/mount_orientation__functions.c.o[0m
[33.348s] [  7%] [32mBuilding C object CMakeFiles/px4_msgs__rosidl_generator_c.dir/rosidl_generator_c/px4_msgs/msg/detail/navigator_mission_item__functions.c.o[0m
[33.359s] [  7%] [32mBuilding C object CMakeFiles/px4_msgs__rosidl_generator_c.dir/rosidl_generator_c/px4_msgs/msg/detail/normalized_unsigned_setpoint__functions.c.o[0m
[33.360s] [  7%] [32mBuilding C object CMakeFiles/px4_msgs__rosidl_generator_c.dir/rosidl_generator_c/px4_msgs/msg/detail/npfg_status__functions.c.o[0m
[33.386s] [  7%] [32mBuilding C object CMakeFiles/px4_msgs__rosidl_generator_c.dir/rosidl_generator_c/px4_msgs/msg/detail/obstacle_distance__functions.c.o[0m
[33.407s] [  7%] [32mBuilding C object CMakeFiles/px4_msgs__rosidl_generator_c.dir/rosidl_generator_c/px4_msgs/msg/detail/offboard_control_mode__functions.c.o[0m
[33.417s] [  7%] [32mBuilding C object CMakeFiles/px4_msgs__rosidl_generator_c.dir/rosidl_generator_c/px4_msgs/msg/detail/onboard_computer_status__functions.c.o[0m
[33.418s] [  7%] [32mBuilding C object CMakeFiles/px4_msgs__rosidl_generator_c.dir/rosidl_generator_c/px4_msgs/msg/detail/orb_test__functions.c.o[0m
[33.422s] [  7%] [32mBuilding C object CMakeFiles/px4_msgs__rosidl_generator_c.dir/rosidl_generator_c/px4_msgs/msg/detail/orb_test_large__functions.c.o[0m
[33.447s] [  7%] [32mBuilding C object CMakeFiles/px4_msgs__rosidl_generator_c.dir/rosidl_generator_c/px4_msgs/msg/detail/orb_test_medium__functions.c.o[0m
[33.468s] [  7%] [32mBuilding C object CMakeFiles/px4_msgs__rosidl_generator_c.dir/rosidl_generator_c/px4_msgs/msg/detail/orbit_status__functions.c.o[0m
[33.476s] [  7%] [32mBuilding C object CMakeFiles/px4_msgs__rosidl_generator_c.dir/rosidl_generator_c/px4_msgs/msg/detail/output_test__functions.c.o[0m
[33.482s] [  7%] [32mBuilding C object CMakeFiles/px4_msgs__rosidl_generator_c.dir/rosidl_generator_c/px4_msgs/msg/detail/parameter_update__functions.c.o[0m
[33.508s] [  8%] [32mBuilding C object CMakeFiles/px4_msgs__rosidl_generator_c.dir/rosidl_generator_c/px4_msgs/msg/detail/ping__functions.c.o[0m
[33.520s] [  8%] [32mBuilding C object CMakeFiles/px4_msgs__rosidl_generator_c.dir/rosidl_generator_c/px4_msgs/msg/detail/position_controller_landing_status__functions.c.o[0m
[33.530s] [  8%] [32mBuilding C object CMakeFiles/px4_msgs__rosidl_generator_c.dir/rosidl_generator_c/px4_msgs/msg/detail/position_controller_status__functions.c.o[0m
[33.543s] [  8%] [32mBuilding C object CMakeFiles/px4_msgs__rosidl_generator_c.dir/rosidl_generator_c/px4_msgs/msg/detail/position_setpoint_triplet__functions.c.o[0m
[33.548s] [  8%] [32mBuilding C object CMakeFiles/px4_msgs__rosidl_generator_c.dir/rosidl_generator_c/px4_msgs/msg/detail/position_setpoint__functions.c.o[0m
[33.576s] [  8%] [32mBuilding C object CMakeFiles/px4_msgs__rosidl_generator_c.dir/rosidl_generator_c/px4_msgs/msg/detail/power_button_state__functions.c.o[0m
[33.582s] [  8%] [32mBuilding C object CMakeFiles/px4_msgs__rosidl_generator_c.dir/rosidl_generator_c/px4_msgs/msg/detail/power_monitor__functions.c.o[0m
[33.589s] [  8%] [32mBuilding C object CMakeFiles/px4_msgs__rosidl_generator_c.dir/rosidl_generator_c/px4_msgs/msg/detail/pps_capture__functions.c.o[0m
[33.606s] [  8%] [32mBuilding C object CMakeFiles/px4_msgs__rosidl_generator_c.dir/rosidl_generator_c/px4_msgs/msg/detail/pwm_input__functions.c.o[0m
[33.614s] [  8%] [32mBuilding C object CMakeFiles/px4_msgs__rosidl_generator_c.dir/rosidl_generator_c/px4_msgs/msg/detail/px4io_status__functions.c.o[0m
[33.647s] [  8%] [32mBuilding C object CMakeFiles/px4_msgs__rosidl_generator_c.dir/rosidl_generator_c/px4_msgs/msg/detail/qshell_req__functions.c.o[0m
[33.650s] [  8%] [32mBuilding C object CMakeFiles/px4_msgs__rosidl_generator_c.dir/rosidl_generator_c/px4_msgs/msg/detail/qshell_retval__functions.c.o[0m
[33.663s] [  8%] [32mBuilding C object CMakeFiles/px4_msgs__rosidl_generator_c.dir/rosidl_generator_c/px4_msgs/msg/detail/radio_status__functions.c.o[0m
[33.668s] [  8%] [32mBuilding C object CMakeFiles/px4_msgs__rosidl_generator_c.dir/rosidl_generator_c/px4_msgs/msg/detail/rate_ctrl_status__functions.c.o[0m
[33.688s] [  8%] [32mBuilding C object CMakeFiles/px4_msgs__rosidl_generator_c.dir/rosidl_generator_c/px4_msgs/msg/detail/rc_channels__functions.c.o[0m
[33.704s] [  9%] [32mBuilding C object CMakeFiles/px4_msgs__rosidl_generator_c.dir/rosidl_generator_c/px4_msgs/msg/detail/rc_parameter_map__functions.c.o[0m
[33.707s] [  9%] [32mBuilding C object CMakeFiles/px4_msgs__rosidl_generator_c.dir/rosidl_generator_c/px4_msgs/msg/detail/rpm__functions.c.o[0m
[33.728s] [  9%] [32mBuilding C object CMakeFiles/px4_msgs__rosidl_generator_c.dir/rosidl_generator_c/px4_msgs/msg/detail/rtl_time_estimate__functions.c.o[0m
[33.730s] [  9%] [32mBuilding C object CMakeFiles/px4_msgs__rosidl_generator_c.dir/rosidl_generator_c/px4_msgs/msg/detail/satellite_info__functions.c.o[0m
[33.765s] [  9%] [32mBuilding C object CMakeFiles/px4_msgs__rosidl_generator_c.dir/rosidl_generator_c/px4_msgs/msg/detail/sensor_accel__functions.c.o[0m
[33.769s] [  9%] [32mBuilding C object CMakeFiles/px4_msgs__rosidl_generator_c.dir/rosidl_generator_c/px4_msgs/msg/detail/sensor_accel_fifo__functions.c.o[0m
[33.782s] [  9%] [32mBuilding C object CMakeFiles/px4_msgs__rosidl_generator_c.dir/rosidl_generator_c/px4_msgs/msg/detail/sensor_baro__functions.c.o[0m
[33.787s] [  9%] [32mBuilding C object CMakeFiles/px4_msgs__rosidl_generator_c.dir/rosidl_generator_c/px4_msgs/msg/detail/sensor_combined__functions.c.o[0m
[33.792s] [  9%] [32mBuilding C object CMakeFiles/px4_msgs__rosidl_generator_c.dir/rosidl_generator_c/px4_msgs/msg/detail/sensor_correction__functions.c.o[0m
[33.827s] [  9%] [32mBuilding C object CMakeFiles/px4_msgs__rosidl_generator_c.dir/rosidl_generator_c/px4_msgs/msg/detail/sensor_gnss_relative__functions.c.o[0m
[33.831s] [  9%] [32mBuilding C object CMakeFiles/px4_msgs__rosidl_generator_c.dir/rosidl_generator_c/px4_msgs/msg/detail/sensor_gps__functions.c.o[0m
[33.850s] [  9%] [32mBuilding C object CMakeFiles/px4_msgs__rosidl_generator_c.dir/rosidl_generator_c/px4_msgs/msg/detail/sensor_gyro__functions.c.o[0m
[33.861s] [  9%] [32mBuilding C object CMakeFiles/px4_msgs__rosidl_generator_c.dir/rosidl_generator_c/px4_msgs/msg/detail/sensor_gyro_fft__functions.c.o[0m
[33.871s] [  9%] [32mBuilding C object CMakeFiles/px4_msgs__rosidl_generator_c.dir/rosidl_generator_c/px4_msgs/msg/detail/sensor_gyro_fifo__functions.c.o[0m
[33.891s] [  9%] [32mBuilding C object CMakeFiles/px4_msgs__rosidl_generator_c.dir/rosidl_generator_c/px4_msgs/msg/detail/sensor_hygrometer__functions.c.o[0m
[33.897s] [  9%] [32mBuilding C object CMakeFiles/px4_msgs__rosidl_generator_c.dir/rosidl_generator_c/px4_msgs/msg/detail/sensor_mag__functions.c.o[0m
[33.913s] [ 10%] [32mBuilding C object CMakeFiles/px4_msgs__rosidl_generator_c.dir/rosidl_generator_c/px4_msgs/msg/detail/sensor_optical_flow__functions.c.o[0m
[33.924s] [ 10%] [32mBuilding C object CMakeFiles/px4_msgs__rosidl_generator_c.dir/rosidl_generator_c/px4_msgs/msg/detail/sensor_preflight_mag__functions.c.o[0m
[33.953s] [ 10%] [32mBuilding C object CMakeFiles/px4_msgs__rosidl_generator_c.dir/rosidl_generator_c/px4_msgs/msg/detail/sensor_selection__functions.c.o[0m
[33.959s] [ 10%] [32mBuilding C object CMakeFiles/px4_msgs__rosidl_generator_c.dir/rosidl_generator_c/px4_msgs/msg/detail/sensor_uwb__functions.c.o[0m
[33.972s] [ 10%] [32mBuilding C object CMakeFiles/px4_msgs__rosidl_generator_c.dir/rosidl_generator_c/px4_msgs/msg/detail/sensors_status__functions.c.o[0m
[33.974s] [ 10%] [32mBuilding C object CMakeFiles/px4_msgs__rosidl_generator_c.dir/rosidl_generator_c/px4_msgs/msg/detail/sensors_status_imu__functions.c.o[0m
[33.984s] [ 10%] [32mBuilding C object CMakeFiles/px4_msgs__rosidl_generator_c.dir/rosidl_generator_c/px4_msgs/msg/detail/simulink_custom_message__functions.c.o[0m
[34.011s] [ 10%] [32mBuilding C object CMakeFiles/px4_msgs__rosidl_generator_c.dir/rosidl_generator_c/px4_msgs/msg/detail/states_and_actuators__functions.c.o[0m
[34.021s] [ 10%] [32mBuilding C object CMakeFiles/px4_msgs__rosidl_generator_c.dir/rosidl_generator_c/px4_msgs/msg/detail/system_power__functions.c.o[0m
[34.034s] [ 10%] [32mBuilding C object CMakeFiles/px4_msgs__rosidl_generator_c.dir/rosidl_generator_c/px4_msgs/msg/detail/takeoff_status__functions.c.o[0m
[34.046s] [ 10%] [32mBuilding C object CMakeFiles/px4_msgs__rosidl_generator_c.dir/rosidl_generator_c/px4_msgs/msg/detail/task_stack_info__functions.c.o[0m
[34.066s] [ 10%] [32mBuilding C object CMakeFiles/px4_msgs__rosidl_generator_c.dir/rosidl_generator_c/px4_msgs/msg/detail/tecs_status__functions.c.o[0m
[34.075s] [ 10%] [32mBuilding C object CMakeFiles/px4_msgs__rosidl_generator_c.dir/rosidl_generator_c/px4_msgs/msg/detail/telemetry_status__functions.c.o[0m
[34.082s] [ 10%] [32mBuilding C object CMakeFiles/px4_msgs__rosidl_generator_c.dir/rosidl_generator_c/px4_msgs/msg/detail/tiltrotor_extra_controls__functions.c.o[0m
[34.093s] [ 10%] [32mBuilding C object CMakeFiles/px4_msgs__rosidl_generator_c.dir/rosidl_generator_c/px4_msgs/msg/detail/timesync_status__functions.c.o[0m
[34.129s] [ 10%] [32mBuilding C object CMakeFiles/px4_msgs__rosidl_generator_c.dir/rosidl_generator_c/px4_msgs/msg/detail/trajectory_setpoint__functions.c.o[0m
[34.131s] [ 11%] [32mBuilding C object CMakeFiles/px4_msgs__rosidl_generator_c.dir/rosidl_generator_c/px4_msgs/msg/detail/trajectory_bezier__functions.c.o[0m
[34.146s] [ 11%] [32mBuilding C object CMakeFiles/px4_msgs__rosidl_generator_c.dir/rosidl_generator_c/px4_msgs/msg/detail/transponder_report__functions.c.o[0m
[34.146s] [ 11%] [32mBuilding C object CMakeFiles/px4_msgs__rosidl_generator_c.dir/rosidl_generator_c/px4_msgs/msg/detail/trajectory_waypoint__functions.c.o[0m
[34.151s] [ 11%] [32mBuilding C object CMakeFiles/px4_msgs__rosidl_generator_c.dir/rosidl_generator_c/px4_msgs/msg/detail/tune_control__functions.c.o[0m
[34.191s] [ 11%] [32mBuilding C object CMakeFiles/px4_msgs__rosidl_generator_c.dir/rosidl_generator_c/px4_msgs/msg/detail/uavcan_parameter_request__functions.c.o[0m
[34.192s] [ 11%] [32mBuilding C object CMakeFiles/px4_msgs__rosidl_generator_c.dir/rosidl_generator_c/px4_msgs/msg/detail/uavcan_parameter_value__functions.c.o[0m
[34.212s] [ 11%] [32mBuilding C object CMakeFiles/px4_msgs__rosidl_generator_c.dir/rosidl_generator_c/px4_msgs/msg/detail/ulog_stream__functions.c.o[0m
[34.213s] [ 11%] [32mBuilding C object CMakeFiles/px4_msgs__rosidl_generator_c.dir/rosidl_generator_c/px4_msgs/msg/detail/ulog_stream_ack__functions.c.o[0m
[34.240s] [ 11%] [32mBuilding C object CMakeFiles/px4_msgs__rosidl_generator_c.dir/rosidl_generator_c/px4_msgs/msg/detail/vehicle_acceleration__functions.c.o[0m
[34.254s] [ 11%] [32mBuilding C object CMakeFiles/px4_msgs__rosidl_generator_c.dir/rosidl_generator_c/px4_msgs/msg/detail/vehicle_air_data__functions.c.o[0m
[34.259s] [ 11%] [32mBuilding C object CMakeFiles/px4_msgs__rosidl_generator_c.dir/rosidl_generator_c/px4_msgs/msg/detail/vehicle_angular_acceleration_setpoint__functions.c.o[0m
[34.275s] [ 11%] [32mBuilding C object CMakeFiles/px4_msgs__rosidl_generator_c.dir/rosidl_generator_c/px4_msgs/msg/detail/vehicle_attitude__functions.c.o[0m
[34.277s] [ 11%] [32mBuilding C object CMakeFiles/px4_msgs__rosidl_generator_c.dir/rosidl_generator_c/px4_msgs/msg/detail/vehicle_angular_velocity__functions.c.o[0m
[34.302s] [ 11%] [32mBuilding C object CMakeFiles/px4_msgs__rosidl_generator_c.dir/rosidl_generator_c/px4_msgs/msg/detail/vehicle_attitude_setpoint__functions.c.o[0m
[34.315s] [ 11%] [32mBuilding C object CMakeFiles/px4_msgs__rosidl_generator_c.dir/rosidl_generator_c/px4_msgs/msg/detail/vehicle_command__functions.c.o[0m
[34.321s] [ 12%] [32mBuilding C object CMakeFiles/px4_msgs__rosidl_generator_c.dir/rosidl_generator_c/px4_msgs/msg/detail/vehicle_command_ack__functions.c.o[0m
[34.342s] [ 12%] [32mBuilding C object CMakeFiles/px4_msgs__rosidl_generator_c.dir/rosidl_generator_c/px4_msgs/msg/detail/vehicle_constraints__functions.c.o[0m
[34.361s] [ 12%] [32mBuilding C object CMakeFiles/px4_msgs__rosidl_generator_c.dir/rosidl_generator_c/px4_msgs/msg/detail/vehicle_control_mode__functions.c.o[0m
[34.364s] [ 12%] [32mBuilding C object CMakeFiles/px4_msgs__rosidl_generator_c.dir/rosidl_generator_c/px4_msgs/msg/detail/vehicle_global_position__functions.c.o[0m
[34.378s] [ 12%] [32mBuilding C object CMakeFiles/px4_msgs__rosidl_generator_c.dir/rosidl_generator_c/px4_msgs/msg/detail/vehicle_imu__functions.c.o[0m
[34.383s] [ 12%] [32mBuilding C object CMakeFiles/px4_msgs__rosidl_generator_c.dir/rosidl_generator_c/px4_msgs/msg/detail/vehicle_imu_status__functions.c.o[0m
[34.422s] [ 12%] [32mBuilding C object CMakeFiles/px4_msgs__rosidl_generator_c.dir/rosidl_generator_c/px4_msgs/msg/detail/vehicle_land_detected__functions.c.o[0m
[34.426s] [ 12%] [32mBuilding C object CMakeFiles/px4_msgs__rosidl_generator_c.dir/rosidl_generator_c/px4_msgs/msg/detail/vehicle_local_position__functions.c.o[0m
[34.433s] [ 12%] [32mBuilding C object CMakeFiles/px4_msgs__rosidl_generator_c.dir/rosidl_generator_c/px4_msgs/msg/detail/vehicle_local_position_setpoint__functions.c.o[0m
[34.441s] [ 12%] [32mBuilding C object CMakeFiles/px4_msgs__rosidl_generator_c.dir/rosidl_generator_c/px4_msgs/msg/detail/vehicle_magnetometer__functions.c.o[0m
[34.449s] [ 12%] [32mBuilding C object CMakeFiles/px4_msgs__rosidl_generator_c.dir/rosidl_generator_c/px4_msgs/msg/detail/vehicle_odometry__functions.c.o[0m
[34.485s] [ 12%] [32mBuilding C object CMakeFiles/px4_msgs__rosidl_generator_c.dir/rosidl_generator_c/px4_msgs/msg/detail/vehicle_optical_flow__functions.c.o[0m
[34.498s] [ 12%] [32mBuilding C object CMakeFiles/px4_msgs__rosidl_generator_c.dir/rosidl_generator_c/px4_msgs/msg/detail/vehicle_optical_flow_vel__functions.c.o[0m
[34.503s] [ 12%] [32mBuilding C object CMakeFiles/px4_msgs__rosidl_generator_c.dir/rosidl_generator_c/px4_msgs/msg/detail/vehicle_rates_setpoint__functions.c.o[0m
[34.513s] [ 12%] [32mBuilding C object CMakeFiles/px4_msgs__rosidl_generator_c.dir/rosidl_generator_c/px4_msgs/msg/detail/vehicle_roi__functions.c.o[0m
[34.527s] [ 12%] [32mBuilding C object CMakeFiles/px4_msgs__rosidl_generator_c.dir/rosidl_generator_c/px4_msgs/msg/detail/vehicle_status__functions.c.o[0m
[34.547s] [ 13%] [32mBuilding C object CMakeFiles/px4_msgs__rosidl_generator_c.dir/rosidl_generator_c/px4_msgs/msg/detail/vehicle_thrust_setpoint__functions.c.o[0m
[34.563s] [ 13%] [32mBuilding C object CMakeFiles/px4_msgs__rosidl_generator_c.dir/rosidl_generator_c/px4_msgs/msg/detail/vehicle_trajectory_bezier__functions.c.o[0m
[34.563s] [ 13%] [32mBuilding C object CMakeFiles/px4_msgs__rosidl_generator_c.dir/rosidl_generator_c/px4_msgs/msg/detail/vehicle_torque_setpoint__functions.c.o[0m
[34.575s] [ 13%] [32mBuilding C object CMakeFiles/px4_msgs__rosidl_generator_c.dir/rosidl_generator_c/px4_msgs/msg/detail/vehicle_trajectory_waypoint__functions.c.o[0m
[34.607s] [ 13%] [32mBuilding C object CMakeFiles/px4_msgs__rosidl_generator_c.dir/rosidl_generator_c/px4_msgs/msg/detail/vtol_vehicle_status__functions.c.o[0m
[34.624s] [ 13%] [32mBuilding C object CMakeFiles/px4_msgs__rosidl_generator_c.dir/rosidl_generator_c/px4_msgs/msg/detail/yaw_estimator_status__functions.c.o[0m
[34.624s] [ 13%] [32mBuilding C object CMakeFiles/px4_msgs__rosidl_generator_c.dir/rosidl_generator_c/px4_msgs/msg/detail/wind__functions.c.o[0m
[34.630s] [ 13%] [32mBuilding C object CMakeFiles/px4_msgs__rosidl_generator_c.dir/rosidl_generator_c/px4_msgs/srv/detail/vehicle_command__functions.c.o[0m
[34.697s] [ 13%] [32m[1mLinking C shared library libpx4_msgs__rosidl_generator_c.so[0m
[34.776s] [ 13%] Built target px4_msgs__rosidl_generator_c
[34.795s] [ 14%] [34m[1mGenerating C type support for eProsima Fast-RTPS[0m
[34.799s] [ 15%] [34m[1mGenerating C type support dispatch for ROS interfaces[0m
[34.800s] [ 16%] [34m[1mGenerating C introspection for ROS interfaces[0m
[51.946s] [ 16%] [32mBuilding CXX object CMakeFiles/px4_msgs__rosidl_typesupport_introspection_cpp.dir/rosidl_typesupport_introspection_cpp/px4_msgs/msg/detail/actuator_command__type_support.cpp.o[0m
[51.946s] [ 16%] [32mBuilding CXX object CMakeFiles/px4_msgs__rosidl_typesupport_introspection_cpp.dir/rosidl_typesupport_introspection_cpp/px4_msgs/msg/detail/action_request__type_support.cpp.o[0m
[51.947s] [ 16%] [32mBuilding CXX object CMakeFiles/px4_msgs__rosidl_typesupport_introspection_cpp.dir/rosidl_typesupport_introspection_cpp/px4_msgs/msg/detail/actuator_armed__type_support.cpp.o[0m
[52.406s] [ 16%] [32mBuilding CXX object CMakeFiles/px4_msgs__rosidl_typesupport_introspection_cpp.dir/rosidl_typesupport_introspection_cpp/px4_msgs/msg/detail/actuator_controls_status__type_support.cpp.o[0m
[52.406s] [ 16%] [32mBuilding CXX object CMakeFiles/px4_msgs__rosidl_typesupport_introspection_cpp.dir/rosidl_typesupport_introspection_cpp/px4_msgs/msg/detail/actuator_motors__type_support.cpp.o[0m
[52.448s] [ 16%] [32mBuilding CXX object CMakeFiles/px4_msgs__rosidl_typesupport_introspection_cpp.dir/rosidl_typesupport_introspection_cpp/px4_msgs/msg/detail/actuator_outputs__type_support.cpp.o[0m
[52.865s] [ 16%] [32mBuilding CXX object CMakeFiles/px4_msgs__rosidl_typesupport_introspection_cpp.dir/rosidl_typesupport_introspection_cpp/px4_msgs/msg/detail/actuator_servos_trim__type_support.cpp.o[0m
[52.865s] [ 17%] [32mBuilding CXX object CMakeFiles/px4_msgs__rosidl_typesupport_introspection_cpp.dir/rosidl_typesupport_introspection_cpp/px4_msgs/msg/detail/actuator_servos__type_support.cpp.o[0m
[52.951s] [ 17%] [32mBuilding CXX object CMakeFiles/px4_msgs__rosidl_typesupport_introspection_cpp.dir/rosidl_typesupport_introspection_cpp/px4_msgs/msg/detail/actuator_test__type_support.cpp.o[0m
[53.328s] [ 17%] [32mBuilding CXX object CMakeFiles/px4_msgs__rosidl_typesupport_introspection_cpp.dir/rosidl_typesupport_introspection_cpp/px4_msgs/msg/detail/adc_report__type_support.cpp.o[0m
[53.330s] [ 17%] [32mBuilding CXX object CMakeFiles/px4_msgs__rosidl_typesupport_introspection_cpp.dir/rosidl_typesupport_introspection_cpp/px4_msgs/msg/detail/airspeed__type_support.cpp.o[0m
[53.443s] [ 17%] [32mBuilding CXX object CMakeFiles/px4_msgs__rosidl_typesupport_introspection_cpp.dir/rosidl_typesupport_introspection_cpp/px4_msgs/msg/detail/airspeed_validated__type_support.cpp.o[0m
[53.785s] [ 17%] [32mBuilding CXX object CMakeFiles/px4_msgs__rosidl_typesupport_introspection_cpp.dir/rosidl_typesupport_introspection_cpp/px4_msgs/msg/detail/airspeed_wind__type_support.cpp.o[0m
[53.804s] [ 17%] [32mBuilding CXX object CMakeFiles/px4_msgs__rosidl_typesupport_introspection_cpp.dir/rosidl_typesupport_introspection_cpp/px4_msgs/msg/detail/autotune_attitude_control_status__type_support.cpp.o[0m
[53.941s] [ 17%] [32mBuilding CXX object CMakeFiles/px4_msgs__rosidl_typesupport_introspection_cpp.dir/rosidl_typesupport_introspection_cpp/px4_msgs/msg/detail/battery_status__type_support.cpp.o[0m
[54.257s] [ 17%] [32mBuilding CXX object CMakeFiles/px4_msgs__rosidl_typesupport_introspection_cpp.dir/rosidl_typesupport_introspection_cpp/px4_msgs/msg/detail/button_event__type_support.cpp.o[0m
[54.286s] [ 17%] [32mBuilding CXX object CMakeFiles/px4_msgs__rosidl_typesupport_introspection_cpp.dir/rosidl_typesupport_introspection_cpp/px4_msgs/msg/detail/camera_capture__type_support.cpp.o[0m
[54.457s] [ 17%] [32mBuilding CXX object CMakeFiles/px4_msgs__rosidl_typesupport_introspection_cpp.dir/rosidl_typesupport_introspection_cpp/px4_msgs/msg/detail/camera_status__type_support.cpp.o[0m
[54.719s] [ 17%] [32mBuilding CXX object CMakeFiles/px4_msgs__rosidl_typesupport_introspection_cpp.dir/rosidl_typesupport_introspection_cpp/px4_msgs/msg/detail/camera_trigger__type_support.cpp.o[0m
[54.763s] [ 17%] [32mBuilding CXX object CMakeFiles/px4_msgs__rosidl_typesupport_introspection_cpp.dir/rosidl_typesupport_introspection_cpp/px4_msgs/msg/detail/cellular_status__type_support.cpp.o[0m
[54.955s] [ 17%] [32mBuilding CXX object CMakeFiles/px4_msgs__rosidl_typesupport_introspection_cpp.dir/rosidl_typesupport_introspection_cpp/px4_msgs/msg/detail/collision_constraints__type_support.cpp.o[0m
[55.187s] [ 17%] [32mBuilding CXX object CMakeFiles/px4_msgs__rosidl_typesupport_introspection_cpp.dir/rosidl_typesupport_introspection_cpp/px4_msgs/msg/detail/collision_report__type_support.cpp.o[0m
[55.226s] [ 18%] [32mBuilding CXX object CMakeFiles/px4_msgs__rosidl_typesupport_introspection_cpp.dir/rosidl_typesupport_introspection_cpp/px4_msgs/msg/detail/command_values__type_support.cpp.o[0m
[55.466s] [ 18%] [32mBuilding CXX object CMakeFiles/px4_msgs__rosidl_typesupport_introspection_cpp.dir/rosidl_typesupport_introspection_cpp/px4_msgs/msg/detail/control_allocator_status__type_support.cpp.o[0m
[55.658s] [ 18%] [32mBuilding CXX object CMakeFiles/px4_msgs__rosidl_typesupport_introspection_cpp.dir/rosidl_typesupport_introspection_cpp/px4_msgs/msg/detail/cpuload__type_support.cpp.o[0m
[55.691s] [ 18%] [32mBuilding CXX object CMakeFiles/px4_msgs__rosidl_typesupport_introspection_cpp.dir/rosidl_typesupport_introspection_cpp/px4_msgs/msg/detail/debug_array__type_support.cpp.o[0m
[55.992s] [ 18%] [32mBuilding CXX object CMakeFiles/px4_msgs__rosidl_typesupport_introspection_cpp.dir/rosidl_typesupport_introspection_cpp/px4_msgs/msg/detail/debug_key_value__type_support.cpp.o[0m
[56.117s] [ 18%] [32mBuilding CXX object CMakeFiles/px4_msgs__rosidl_typesupport_introspection_cpp.dir/rosidl_typesupport_introspection_cpp/px4_msgs/msg/detail/debug_value__type_support.cpp.o[0m
[56.166s] [ 18%] [32mBuilding CXX object CMakeFiles/px4_msgs__rosidl_typesupport_introspection_cpp.dir/rosidl_typesupport_introspection_cpp/px4_msgs/msg/detail/debug_vect__type_support.cpp.o[0m
[56.500s] [ 18%] [32mBuilding CXX object CMakeFiles/px4_msgs__rosidl_typesupport_introspection_cpp.dir/rosidl_typesupport_introspection_cpp/px4_msgs/msg/detail/differential_pressure__type_support.cpp.o[0m
[56.585s] [ 18%] [32mBuilding CXX object CMakeFiles/px4_msgs__rosidl_typesupport_introspection_cpp.dir/rosidl_typesupport_introspection_cpp/px4_msgs/msg/detail/distance_sensor__type_support.cpp.o[0m
[56.641s] [ 18%] [32mBuilding CXX object CMakeFiles/px4_msgs__rosidl_typesupport_introspection_cpp.dir/rosidl_typesupport_introspection_cpp/px4_msgs/msg/detail/ekf2_timestamps__type_support.cpp.o[0m
[56.993s] [ 18%] [32mBuilding CXX object CMakeFiles/px4_msgs__rosidl_typesupport_introspection_cpp.dir/rosidl_typesupport_introspection_cpp/px4_msgs/msg/detail/esc_report__type_support.cpp.o[0m
[57.066s] [ 18%] [32mBuilding CXX object CMakeFiles/px4_msgs__rosidl_typesupport_introspection_cpp.dir/rosidl_typesupport_introspection_cpp/px4_msgs/msg/detail/esc_status__type_support.cpp.o[0m
[57.109s] [ 18%] [32mBuilding CXX object CMakeFiles/px4_msgs__rosidl_typesupport_introspection_cpp.dir/rosidl_typesupport_introspection_cpp/px4_msgs/msg/detail/estimator_aid_source1d__type_support.cpp.o[0m
[57.493s] [ 18%] [32mBuilding CXX object CMakeFiles/px4_msgs__rosidl_typesupport_introspection_cpp.dir/rosidl_typesupport_introspection_cpp/px4_msgs/msg/detail/estimator_aid_source2d__type_support.cpp.o[0m
[57.550s] [ 18%] [32mBuilding CXX object CMakeFiles/px4_msgs__rosidl_typesupport_introspection_cpp.dir/rosidl_typesupport_introspection_cpp/px4_msgs/msg/detail/estimator_aid_source3d__type_support.cpp.o[0m
[57.574s] [ 19%] [32mBuilding CXX object CMakeFiles/px4_msgs__rosidl_typesupport_introspection_cpp.dir/rosidl_typesupport_introspection_cpp/px4_msgs/msg/detail/estimator_bias__type_support.cpp.o[0m
[58.010s] [ 19%] [32mBuilding CXX object CMakeFiles/px4_msgs__rosidl_typesupport_introspection_cpp.dir/rosidl_typesupport_introspection_cpp/px4_msgs/msg/detail/estimator_bias3d__type_support.cpp.o[0m
[58.039s] [ 19%] [32mBuilding CXX object CMakeFiles/px4_msgs__rosidl_typesupport_introspection_cpp.dir/rosidl_typesupport_introspection_cpp/px4_msgs/msg/detail/estimator_event_flags__type_support.cpp.o[0m
[58.043s] [ 19%] [32mBuilding CXX object CMakeFiles/px4_msgs__rosidl_typesupport_introspection_cpp.dir/rosidl_typesupport_introspection_cpp/px4_msgs/msg/detail/estimator_gps_status__type_support.cpp.o[0m
[58.495s] [ 19%] [32mBuilding CXX object CMakeFiles/px4_msgs__rosidl_typesupport_introspection_cpp.dir/rosidl_typesupport_introspection_cpp/px4_msgs/msg/detail/estimator_innovations__type_support.cpp.o[0m
[58.495s] [ 19%] [32mBuilding CXX object CMakeFiles/px4_msgs__rosidl_typesupport_introspection_cpp.dir/rosidl_typesupport_introspection_cpp/px4_msgs/msg/detail/estimator_selector_status__type_support.cpp.o[0m
[58.526s] [ 19%] [32mBuilding CXX object CMakeFiles/px4_msgs__rosidl_typesupport_introspection_cpp.dir/rosidl_typesupport_introspection_cpp/px4_msgs/msg/detail/estimator_sensor_bias__type_support.cpp.o[0m
[58.989s] [ 19%] [32mBuilding CXX object CMakeFiles/px4_msgs__rosidl_typesupport_introspection_cpp.dir/rosidl_typesupport_introspection_cpp/px4_msgs/msg/detail/estimator_states__type_support.cpp.o[0m
[59.004s] [ 19%] [32mBuilding CXX object CMakeFiles/px4_msgs__rosidl_typesupport_introspection_cpp.dir/rosidl_typesupport_introspection_cpp/px4_msgs/msg/detail/estimator_status__type_support.cpp.o[0m
[59.049s] [ 19%] [32mBuilding CXX object CMakeFiles/px4_msgs__rosidl_typesupport_introspection_cpp.dir/rosidl_typesupport_introspection_cpp/px4_msgs/msg/detail/estimator_status_flags__type_support.cpp.o[0m
[59.471s] [ 19%] [32mBuilding CXX object CMakeFiles/px4_msgs__rosidl_typesupport_introspection_cpp.dir/rosidl_typesupport_introspection_cpp/px4_msgs/msg/detail/event__type_support.cpp.o[0m
[59.488s] [ 19%] [32mBuilding CXX object CMakeFiles/px4_msgs__rosidl_typesupport_introspection_cpp.dir/rosidl_typesupport_introspection_cpp/px4_msgs/msg/detail/failsafe_flags__type_support.cpp.o[0m
[59.558s] [ 19%] [32mBuilding CXX object CMakeFiles/px4_msgs__rosidl_typesupport_introspection_cpp.dir/rosidl_typesupport_introspection_cpp/px4_msgs/msg/detail/failure_detector_status__type_support.cpp.o[0m
[59.947s] [ 19%] [32mBuilding CXX object CMakeFiles/px4_msgs__rosidl_typesupport_introspection_cpp.dir/rosidl_typesupport_introspection_cpp/px4_msgs/msg/detail/follow_target__type_support.cpp.o[0m
[59.961s] [ 19%] [32mBuilding CXX object CMakeFiles/px4_msgs__rosidl_typesupport_introspection_cpp.dir/rosidl_typesupport_introspection_cpp/px4_msgs/msg/detail/follow_target_estimator__type_support.cpp.o[0m
[60.059s] [ 19%] [32mBuilding CXX object CMakeFiles/px4_msgs__rosidl_typesupport_introspection_cpp.dir/rosidl_typesupport_introspection_cpp/px4_msgs/msg/detail/follow_target_status__type_support.cpp.o[0m
[60.414s] [ 20%] [32mBuilding CXX object CMakeFiles/px4_msgs__rosidl_typesupport_introspection_cpp.dir/rosidl_typesupport_introspection_cpp/px4_msgs/msg/detail/generator_status__type_support.cpp.o[0m
[60.440s] [ 20%] [32mBuilding CXX object CMakeFiles/px4_msgs__rosidl_typesupport_introspection_cpp.dir/rosidl_typesupport_introspection_cpp/px4_msgs/msg/detail/geofence_result__type_support.cpp.o[0m
[60.568s] [ 20%] [32mBuilding CXX object CMakeFiles/px4_msgs__rosidl_typesupport_introspection_cpp.dir/rosidl_typesupport_introspection_cpp/px4_msgs/msg/detail/gimbal_controls__type_support.cpp.o[0m
[60.880s] [ 20%] [32mBuilding CXX object CMakeFiles/px4_msgs__rosidl_typesupport_introspection_cpp.dir/rosidl_typesupport_introspection_cpp/px4_msgs/msg/detail/gimbal_device_attitude_status__type_support.cpp.o[0m
[60.910s] [ 20%] [32mBuilding CXX object CMakeFiles/px4_msgs__rosidl_typesupport_introspection_cpp.dir/rosidl_typesupport_introspection_cpp/px4_msgs/msg/detail/gimbal_device_information__type_support.cpp.o[0m
[61.078s] [ 20%] [32mBuilding CXX object CMakeFiles/px4_msgs__rosidl_typesupport_introspection_cpp.dir/rosidl_typesupport_introspection_cpp/px4_msgs/msg/detail/gimbal_device_set_attitude__type_support.cpp.o[0m
[61.356s] [ 20%] [32mBuilding CXX object CMakeFiles/px4_msgs__rosidl_typesupport_introspection_cpp.dir/rosidl_typesupport_introspection_cpp/px4_msgs/msg/detail/gimbal_manager_information__type_support.cpp.o[0m
[61.398s] [ 20%] [32mBuilding CXX object CMakeFiles/px4_msgs__rosidl_typesupport_introspection_cpp.dir/rosidl_typesupport_introspection_cpp/px4_msgs/msg/detail/gimbal_manager_set_attitude__type_support.cpp.o[0m
[61.584s] [ 20%] [32mBuilding CXX object CMakeFiles/px4_msgs__rosidl_typesupport_introspection_cpp.dir/rosidl_typesupport_introspection_cpp/px4_msgs/msg/detail/gimbal_manager_set_manual_control__type_support.cpp.o[0m
[61.826s] [ 20%] [32mBuilding CXX object CMakeFiles/px4_msgs__rosidl_typesupport_introspection_cpp.dir/rosidl_typesupport_introspection_cpp/px4_msgs/msg/detail/gimbal_manager_status__type_support.cpp.o[0m
[61.882s] [ 20%] [32mBuilding CXX object CMakeFiles/px4_msgs__rosidl_typesupport_introspection_cpp.dir/rosidl_typesupport_introspection_cpp/px4_msgs/msg/detail/gps_dump__type_support.cpp.o[0m
[62.085s] [ 20%] [32mBuilding CXX object CMakeFiles/px4_msgs__rosidl_typesupport_introspection_cpp.dir/rosidl_typesupport_introspection_cpp/px4_msgs/msg/detail/gps_inject_data__type_support.cpp.o[0m
[62.289s] [ 20%] [32mBuilding CXX object CMakeFiles/px4_msgs__rosidl_typesupport_introspection_cpp.dir/rosidl_typesupport_introspection_cpp/px4_msgs/msg/detail/gripper__type_support.cpp.o[0m
[62.364s] [ 20%] [32mBuilding CXX object CMakeFiles/px4_msgs__rosidl_typesupport_introspection_cpp.dir/rosidl_typesupport_introspection_cpp/px4_msgs/msg/detail/health_report__type_support.cpp.o[0m
[62.595s] [ 20%] [32mBuilding CXX object CMakeFiles/px4_msgs__rosidl_typesupport_introspection_cpp.dir/rosidl_typesupport_introspection_cpp/px4_msgs/msg/detail/heater_status__type_support.cpp.o[0m
[62.752s] [ 20%] [32mBuilding CXX object CMakeFiles/px4_msgs__rosidl_typesupport_introspection_cpp.dir/rosidl_typesupport_introspection_cpp/px4_msgs/msg/detail/home_position__type_support.cpp.o[0m
[62.830s] [ 21%] [32mBuilding CXX object CMakeFiles/px4_msgs__rosidl_typesupport_introspection_cpp.dir/rosidl_typesupport_introspection_cpp/px4_msgs/msg/detail/hover_thrust_estimate__type_support.cpp.o[0m
[63.098s] [ 21%] [32mBuilding CXX object CMakeFiles/px4_msgs__rosidl_typesupport_introspection_cpp.dir/rosidl_typesupport_introspection_cpp/px4_msgs/msg/detail/input_rc__type_support.cpp.o[0m
[63.220s] [ 21%] [32mBuilding CXX object CMakeFiles/px4_msgs__rosidl_typesupport_introspection_cpp.dir/rosidl_typesupport_introspection_cpp/px4_msgs/msg/detail/input_tau__type_support.cpp.o[0m
[63.311s] [ 21%] [32mBuilding CXX object CMakeFiles/px4_msgs__rosidl_typesupport_introspection_cpp.dir/rosidl_typesupport_introspection_cpp/px4_msgs/msg/detail/internal_combustion_engine_status__type_support.cpp.o[0m
[63.630s] [ 21%] [32mBuilding CXX object CMakeFiles/px4_msgs__rosidl_typesupport_introspection_cpp.dir/rosidl_typesupport_introspection_cpp/px4_msgs/msg/detail/iridiumsbd_status__type_support.cpp.o[0m
[63.717s] [ 21%] [32mBuilding CXX object CMakeFiles/px4_msgs__rosidl_typesupport_introspection_cpp.dir/rosidl_typesupport_introspection_cpp/px4_msgs/msg/detail/irlock_report__type_support.cpp.o[0m
[63.792s] [ 21%] [32mBuilding CXX object CMakeFiles/px4_msgs__rosidl_typesupport_introspection_cpp.dir/rosidl_typesupport_introspection_cpp/px4_msgs/msg/detail/landing_gear__type_support.cpp.o[0m
[64.161s] [ 21%] [32mBuilding CXX object CMakeFiles/px4_msgs__rosidl_typesupport_introspection_cpp.dir/rosidl_typesupport_introspection_cpp/px4_msgs/msg/detail/landing_gear_wheel__type_support.cpp.o[0m
[64.190s] [ 21%] [32mBuilding CXX object CMakeFiles/px4_msgs__rosidl_typesupport_introspection_cpp.dir/rosidl_typesupport_introspection_cpp/px4_msgs/msg/detail/landing_target_innovations__type_support.cpp.o[0m
[64.355s] [ 21%] [32mBuilding CXX object CMakeFiles/px4_msgs__rosidl_typesupport_introspection_cpp.dir/rosidl_typesupport_introspection_cpp/px4_msgs/msg/detail/landing_target_pose__type_support.cpp.o[0m
[64.652s] [ 21%] [32mBuilding CXX object CMakeFiles/px4_msgs__rosidl_typesupport_introspection_cpp.dir/rosidl_typesupport_introspection_cpp/px4_msgs/msg/detail/launch_detection_status__type_support.cpp.o[0m
[64.662s] [ 21%] [32mBuilding CXX object CMakeFiles/px4_msgs__rosidl_typesupport_introspection_cpp.dir/rosidl_typesupport_introspection_cpp/px4_msgs/msg/detail/led_control__type_support.cpp.o[0m
[64.834s] [ 21%] [32mBuilding CXX object CMakeFiles/px4_msgs__rosidl_typesupport_introspection_cpp.dir/rosidl_typesupport_introspection_cpp/px4_msgs/msg/detail/log_message__type_support.cpp.o[0m
[64.901s] [ 21%] [32mBuilding CXX object CMakeFiles/px4_msgs__rosidl_typesupport_cpp.dir/rosidl_typesupport_cpp/px4_msgs/msg/action_request__type_support.cpp.o[0m
[65.123s] [ 21%] [32mBuilding CXX object CMakeFiles/px4_msgs__rosidl_typesupport_introspection_cpp.dir/rosidl_typesupport_introspection_cpp/px4_msgs/msg/detail/logger_status__type_support.cpp.o[0m
[65.152s] [ 21%] [32mBuilding CXX object CMakeFiles/px4_msgs__rosidl_typesupport_cpp.dir/rosidl_typesupport_cpp/px4_msgs/msg/actuator_armed__type_support.cpp.o[0m
[65.236s] [ 21%] [32mBuilding CXX object CMakeFiles/px4_msgs__rosidl_typesupport_introspection_cpp.dir/rosidl_typesupport_introspection_cpp/px4_msgs/msg/detail/mag_worker_data__type_support.cpp.o[0m
[65.304s] [ 21%] [32mBuilding CXX object CMakeFiles/px4_msgs__rosidl_typesupport_cpp.dir/rosidl_typesupport_cpp/px4_msgs/msg/actuator_command__type_support.cpp.o[0m
[65.506s] [ 22%] [32mBuilding CXX object CMakeFiles/px4_msgs__rosidl_typesupport_introspection_cpp.dir/rosidl_typesupport_introspection_cpp/px4_msgs/msg/detail/magnetometer_bias_estimate__type_support.cpp.o[0m
[65.587s] [ 22%] [32mBuilding CXX object CMakeFiles/px4_msgs__rosidl_typesupport_cpp.dir/rosidl_typesupport_cpp/px4_msgs/msg/actuator_controls_status__type_support.cpp.o[0m
[65.631s] [ 22%] [32mBuilding CXX object CMakeFiles/px4_msgs__rosidl_typesupport_introspection_cpp.dir/rosidl_typesupport_introspection_cpp/px4_msgs/msg/detail/manual_control_setpoint__type_support.cpp.o[0m
[65.728s] [ 22%] [32mBuilding CXX object CMakeFiles/px4_msgs__rosidl_typesupport_cpp.dir/rosidl_typesupport_cpp/px4_msgs/msg/actuator_motors__type_support.cpp.o[0m
[65.919s] [ 22%] [32mBuilding CXX object CMakeFiles/px4_msgs__rosidl_typesupport_introspection_cpp.dir/rosidl_typesupport_introspection_cpp/px4_msgs/msg/detail/manual_control_switches__type_support.cpp.o[0m
[66.031s] [ 22%] [32mBuilding CXX object CMakeFiles/px4_msgs__rosidl_typesupport_cpp.dir/rosidl_typesupport_cpp/px4_msgs/msg/actuator_outputs__type_support.cpp.o[0m
[66.056s] [ 22%] [32mBuilding CXX object CMakeFiles/px4_msgs__rosidl_typesupport_introspection_cpp.dir/rosidl_typesupport_introspection_cpp/px4_msgs/msg/detail/mavlink_log__type_support.cpp.o[0m
[66.095s] [ 23%] [32mBuilding CXX object CMakeFiles/px4_msgs__rosidl_typesupport_cpp.dir/rosidl_typesupport_cpp/px4_msgs/msg/actuator_servos__type_support.cpp.o[0m
[66.381s] [ 23%] [32mBuilding CXX object CMakeFiles/px4_msgs__rosidl_typesupport_introspection_cpp.dir/rosidl_typesupport_introspection_cpp/px4_msgs/msg/detail/mavlink_tunnel__type_support.cpp.o[0m
[66.383s] [ 23%] [32mBuilding CXX object CMakeFiles/px4_msgs__rosidl_typesupport_introspection_cpp.dir/rosidl_typesupport_introspection_cpp/px4_msgs/msg/detail/mission__type_support.cpp.o[0m
[66.421s] [ 23%] [32mBuilding CXX object CMakeFiles/px4_msgs__rosidl_typesupport_cpp.dir/rosidl_typesupport_cpp/px4_msgs/msg/actuator_servos_trim__type_support.cpp.o[0m
[66.524s] [ 23%] [32mBuilding CXX object CMakeFiles/px4_msgs__rosidl_typesupport_cpp.dir/rosidl_typesupport_cpp/px4_msgs/msg/actuator_test__type_support.cpp.o[0m
[66.749s] [ 23%] [32mBuilding CXX object CMakeFiles/px4_msgs__rosidl_typesupport_introspection_cpp.dir/rosidl_typesupport_introspection_cpp/px4_msgs/msg/detail/mission_result__type_support.cpp.o[0m
[66.847s] [ 23%] [32mBuilding CXX object CMakeFiles/px4_msgs__rosidl_typesupport_cpp.dir/rosidl_typesupport_cpp/px4_msgs/msg/adc_report__type_support.cpp.o[0m
[66.853s] [ 23%] [32mBuilding CXX object CMakeFiles/px4_msgs__rosidl_typesupport_cpp.dir/rosidl_typesupport_cpp/px4_msgs/msg/airspeed__type_support.cpp.o[0m
[66.878s] [ 23%] [32mBuilding CXX object CMakeFiles/px4_msgs__rosidl_typesupport_cpp.dir/rosidl_typesupport_cpp/px4_msgs/msg/airspeed_validated__type_support.cpp.o[0m
[67.174s] [ 23%] [32mBuilding CXX object CMakeFiles/px4_msgs__rosidl_typesupport_introspection_cpp.dir/rosidl_typesupport_introspection_cpp/px4_msgs/msg/detail/mode_completed__type_support.cpp.o[0m
[67.179s] [ 23%] [32mBuilding CXX object CMakeFiles/px4_msgs__rosidl_typesupport_introspection_cpp.dir/rosidl_typesupport_introspection_cpp/px4_msgs/msg/detail/mode_flag__type_support.cpp.o[0m
[67.210s] [ 23%] [32mBuilding CXX object CMakeFiles/px4_msgs__rosidl_typesupport_cpp.dir/rosidl_typesupport_cpp/px4_msgs/msg/airspeed_wind__type_support.cpp.o[0m
[67.229s] [ 23%] [32mBuilding CXX object CMakeFiles/px4_msgs__rosidl_typesupport_introspection_cpp.dir/rosidl_typesupport_introspection_cpp/px4_msgs/msg/detail/mount_orientation__type_support.cpp.o[0m
[67.536s] [ 23%] [32mBuilding CXX object CMakeFiles/px4_msgs__rosidl_typesupport_cpp.dir/rosidl_typesupport_cpp/px4_msgs/msg/autotune_attitude_control_status__type_support.cpp.o[0m
[67.641s] [ 23%] [32mBuilding CXX object CMakeFiles/px4_msgs__rosidl_typesupport_cpp.dir/rosidl_typesupport_cpp/px4_msgs/msg/battery_status__type_support.cpp.o[0m
[67.643s] [ 23%] [32mBuilding CXX object CMakeFiles/px4_msgs__rosidl_typesupport_cpp.dir/rosidl_typesupport_cpp/px4_msgs/msg/button_event__type_support.cpp.o[0m
[67.739s] [ 23%] [32mBuilding CXX object CMakeFiles/px4_msgs__rosidl_typesupport_introspection_cpp.dir/rosidl_typesupport_introspection_cpp/px4_msgs/msg/detail/navigator_mission_item__type_support.cpp.o[0m
[67.865s] [ 23%] [32mBuilding CXX object CMakeFiles/px4_msgs__rosidl_typesupport_introspection_cpp.dir/rosidl_typesupport_introspection_cpp/px4_msgs/msg/detail/normalized_unsigned_setpoint__type_support.cpp.o[0m
[67.968s] [ 23%] [32mBuilding CXX object CMakeFiles/px4_msgs__rosidl_typesupport_introspection_cpp.dir/rosidl_typesupport_introspection_cpp/px4_msgs/msg/detail/npfg_status__type_support.cpp.o[0m
[67.972s] [ 23%] [32mBuilding CXX object CMakeFiles/px4_msgs__rosidl_typesupport_cpp.dir/rosidl_typesupport_cpp/px4_msgs/msg/camera_capture__type_support.cpp.o[0m
[68.238s] [ 23%] [32mBuilding CXX object CMakeFiles/px4_msgs__rosidl_typesupport_cpp.dir/rosidl_typesupport_cpp/px4_msgs/msg/camera_status__type_support.cpp.o[0m
[68.301s] [ 23%] [32mBuilding CXX object CMakeFiles/px4_msgs__rosidl_typesupport_introspection_cpp.dir/rosidl_typesupport_introspection_cpp/px4_msgs/msg/detail/obstacle_distance__type_support.cpp.o[0m
[68.327s] [ 23%] [32mBuilding CXX object CMakeFiles/px4_msgs__rosidl_typesupport_cpp.dir/rosidl_typesupport_cpp/px4_msgs/msg/camera_trigger__type_support.cpp.o[0m
[68.433s] [ 23%] [32mBuilding CXX object CMakeFiles/px4_msgs__rosidl_typesupport_cpp.dir/rosidl_typesupport_cpp/px4_msgs/msg/cellular_status__type_support.cpp.o[0m
[68.590s] [ 23%] [32mBuilding CXX object CMakeFiles/px4_msgs__rosidl_typesupport_introspection_cpp.dir/rosidl_typesupport_introspection_cpp/px4_msgs/msg/detail/offboard_control_mode__type_support.cpp.o[0m
[68.653s] [ 23%] [32mBuilding CXX object CMakeFiles/px4_msgs__rosidl_typesupport_introspection_cpp.dir/rosidl_typesupport_introspection_cpp/px4_msgs/msg/detail/onboard_computer_status__type_support.cpp.o[0m
[68.760s] [ 23%] [32mBuilding CXX object CMakeFiles/px4_msgs__rosidl_typesupport_cpp.dir/rosidl_typesupport_cpp/px4_msgs/msg/collision_constraints__type_support.cpp.o[0m
[68.779s] [ 23%] [32mBuilding CXX object CMakeFiles/px4_msgs__rosidl_typesupport_cpp.dir/rosidl_typesupport_cpp/px4_msgs/msg/collision_report__type_support.cpp.o[0m
[69.087s] [ 24%] [32mBuilding CXX object CMakeFiles/px4_msgs__rosidl_typesupport_cpp.dir/rosidl_typesupport_cpp/px4_msgs/msg/command_values__type_support.cpp.o[0m
[69.088s] [ 25%] [32mBuilding CXX object CMakeFiles/px4_msgs__rosidl_typesupport_introspection_cpp.dir/rosidl_typesupport_introspection_cpp/px4_msgs/msg/detail/orb_test__type_support.cpp.o[0m
[69.113s] [ 25%] [32mBuilding CXX object CMakeFiles/px4_msgs__rosidl_typesupport_introspection_cpp.dir/rosidl_typesupport_introspection_cpp/px4_msgs/msg/detail/orb_test_large__type_support.cpp.o[0m
[69.197s] [ 25%] [32mBuilding CXX object CMakeFiles/px4_msgs__rosidl_typesupport_introspection_cpp.dir/rosidl_typesupport_introspection_cpp/px4_msgs/msg/detail/orb_test_medium__type_support.cpp.o[0m
[69.438s] [ 25%] [32mBuilding CXX object CMakeFiles/px4_msgs__rosidl_typesupport_cpp.dir/rosidl_typesupport_cpp/px4_msgs/msg/control_allocator_status__type_support.cpp.o[0m
[69.554s] [ 25%] [32mBuilding CXX object CMakeFiles/px4_msgs__rosidl_typesupport_cpp.dir/rosidl_typesupport_cpp/px4_msgs/msg/cpuload__type_support.cpp.o[0m
[69.586s] [ 25%] [32mBuilding CXX object CMakeFiles/px4_msgs__rosidl_typesupport_introspection_cpp.dir/rosidl_typesupport_introspection_cpp/px4_msgs/msg/detail/orbit_status__type_support.cpp.o[0m
[69.681s] [ 25%] [32mBuilding CXX object CMakeFiles/px4_msgs__rosidl_typesupport_introspection_cpp.dir/rosidl_typesupport_introspection_cpp/px4_msgs/msg/detail/output_test__type_support.cpp.o[0m
[69.794s] [ 25%] [32mBuilding CXX object CMakeFiles/px4_msgs__rosidl_typesupport_introspection_cpp.dir/rosidl_typesupport_introspection_cpp/px4_msgs/msg/detail/parameter_update__type_support.cpp.o[0m
[69.880s] [ 25%] [32mBuilding CXX object CMakeFiles/px4_msgs__rosidl_typesupport_cpp.dir/rosidl_typesupport_cpp/px4_msgs/msg/debug_array__type_support.cpp.o[0m
[70.049s] [ 25%] [32mBuilding CXX object CMakeFiles/px4_msgs__rosidl_typesupport_cpp.dir/rosidl_typesupport_cpp/px4_msgs/msg/debug_key_value__type_support.cpp.o[0m
[70.134s] [ 25%] [32mBuilding CXX object CMakeFiles/px4_msgs__rosidl_typesupport_cpp.dir/rosidl_typesupport_cpp/px4_msgs/msg/debug_value__type_support.cpp.o[0m
[70.223s] [ 25%] [32mBuilding CXX object CMakeFiles/px4_msgs__rosidl_typesupport_cpp.dir/rosidl_typesupport_cpp/px4_msgs/msg/debug_vect__type_support.cpp.o[0m
[70.305s] [ 25%] [32mBuilding CXX object CMakeFiles/px4_msgs__rosidl_typesupport_introspection_cpp.dir/rosidl_typesupport_introspection_cpp/px4_msgs/msg/detail/ping__type_support.cpp.o[0m
[70.387s] [ 25%] [32mBuilding CXX object CMakeFiles/px4_msgs__rosidl_typesupport_introspection_cpp.dir/rosidl_typesupport_introspection_cpp/px4_msgs/msg/detail/position_controller_landing_status__type_support.cpp.o[0m
[70.447s] [ 25%] [32mBuilding CXX object CMakeFiles/px4_msgs__rosidl_typesupport_introspection_cpp.dir/rosidl_typesupport_introspection_cpp/px4_msgs/msg/detail/position_controller_status__type_support.cpp.o[0m
[70.552s] [ 25%] [32mBuilding CXX object CMakeFiles/px4_msgs__rosidl_typesupport_cpp.dir/rosidl_typesupport_cpp/px4_msgs/msg/differential_pressure__type_support.cpp.o[0m
[70.837s] [ 25%] [32mBuilding CXX object CMakeFiles/px4_msgs__rosidl_typesupport_cpp.dir/rosidl_typesupport_cpp/px4_msgs/msg/distance_sensor__type_support.cpp.o[0m
[70.855s] [ 25%] [32mBuilding CXX object CMakeFiles/px4_msgs__rosidl_typesupport_cpp.dir/rosidl_typesupport_cpp/px4_msgs/msg/ekf2_timestamps__type_support.cpp.o[0m
[70.882s] [ 25%] [32mBuilding CXX object CMakeFiles/px4_msgs__rosidl_typesupport_introspection_cpp.dir/rosidl_typesupport_introspection_cpp/px4_msgs/msg/detail/position_setpoint__type_support.cpp.o[0m
[70.918s] [ 25%] [32mBuilding CXX object CMakeFiles/px4_msgs__rosidl_typesupport_introspection_cpp.dir/rosidl_typesupport_introspection_cpp/px4_msgs/msg/detail/position_setpoint_triplet__type_support.cpp.o[0m
[71.165s] [ 25%] [32mBuilding CXX object CMakeFiles/px4_msgs__rosidl_typesupport_introspection_cpp.dir/rosidl_typesupport_introspection_cpp/px4_msgs/msg/detail/power_button_state__type_support.cpp.o[0m
[71.186s] [ 25%] [32mBuilding CXX object CMakeFiles/px4_msgs__rosidl_typesupport_cpp.dir/rosidl_typesupport_cpp/px4_msgs/msg/esc_report__type_support.cpp.o[0m
[71.336s] [ 25%] [32mBuilding CXX object CMakeFiles/px4_msgs__rosidl_typesupport_cpp.dir/rosidl_typesupport_cpp/px4_msgs/msg/esc_status__type_support.cpp.o[0m
[71.411s] [ 25%] [32mBuilding CXX object CMakeFiles/px4_msgs__rosidl_typesupport_cpp.dir/rosidl_typesupport_cpp/px4_msgs/msg/estimator_aid_source1d__type_support.cpp.o[0m
[71.514s] [ 25%] [32mBuilding CXX object CMakeFiles/px4_msgs__rosidl_typesupport_introspection_cpp.dir/rosidl_typesupport_introspection_cpp/px4_msgs/msg/detail/power_monitor__type_support.cpp.o[0m
[71.626s] [ 25%] [32mBuilding CXX object CMakeFiles/px4_msgs__rosidl_typesupport_introspection_cpp.dir/rosidl_typesupport_introspection_cpp/px4_msgs/msg/detail/pps_capture__type_support.cpp.o[0m
[71.662s] [ 25%] [32mBuilding CXX object CMakeFiles/px4_msgs__rosidl_typesupport_introspection_cpp.dir/rosidl_typesupport_introspection_cpp/px4_msgs/msg/detail/pwm_input__type_support.cpp.o[0m
[71.747s] [ 25%] [32mBuilding CXX object CMakeFiles/px4_msgs__rosidl_typesupport_cpp.dir/rosidl_typesupport_cpp/px4_msgs/msg/estimator_aid_source2d__type_support.cpp.o[0m
[71.980s] [ 25%] [32mBuilding CXX object CMakeFiles/px4_msgs__rosidl_typesupport_cpp.dir/rosidl_typesupport_cpp/px4_msgs/msg/estimator_aid_source3d__type_support.cpp.o[0m
[72.102s] [ 26%] [32mBuilding CXX object CMakeFiles/px4_msgs__rosidl_typesupport_introspection_cpp.dir/rosidl_typesupport_introspection_cpp/px4_msgs/msg/detail/px4io_status__type_support.cpp.o[0m
[72.103s] [ 27%] [32mBuilding CXX object CMakeFiles/px4_msgs__rosidl_typesupport_cpp.dir/rosidl_typesupport_cpp/px4_msgs/msg/estimator_bias__type_support.cpp.o[0m
[72.108s] [ 27%] [32mBuilding CXX object CMakeFiles/px4_msgs__rosidl_typesupport_introspection_cpp.dir/rosidl_typesupport_introspection_cpp/px4_msgs/msg/detail/qshell_req__type_support.cpp.o[0m
[72.310s] [ 27%] [32mBuilding CXX object CMakeFiles/px4_msgs__rosidl_typesupport_introspection_cpp.dir/rosidl_typesupport_introspection_cpp/px4_msgs/msg/detail/qshell_retval__type_support.cpp.o[0m
[72.431s] [ 27%] [32mBuilding CXX object CMakeFiles/px4_msgs__rosidl_typesupport_cpp.dir/rosidl_typesupport_cpp/px4_msgs/msg/estimator_bias3d__type_support.cpp.o[0m
[72.562s] [ 27%] [32mBuilding CXX object CMakeFiles/px4_msgs__rosidl_typesupport_fastrtps_cpp.dir/rosidl_typesupport_fastrtps_cpp/px4_msgs/msg/detail/dds_fastrtps/action_request__type_support.cpp.o[0m
[72.585s] [ 27%] [32mBuilding CXX object CMakeFiles/px4_msgs__rosidl_typesupport_fastrtps_cpp.dir/rosidl_typesupport_fastrtps_cpp/px4_msgs/msg/detail/dds_fastrtps/actuator_armed__type_support.cpp.o[0m
[72.635s] [ 27%] [32mBuilding CXX object CMakeFiles/px4_msgs__rosidl_typesupport_fastrtps_cpp.dir/rosidl_typesupport_fastrtps_cpp/px4_msgs/msg/detail/dds_fastrtps/actuator_command__type_support.cpp.o[0m
[72.758s] [ 27%] [32mBuilding CXX object CMakeFiles/px4_msgs__rosidl_typesupport_cpp.dir/rosidl_typesupport_cpp/px4_msgs/msg/estimator_event_flags__type_support.cpp.o[0m
[72.777s] [ 27%] [32mBuilding CXX object CMakeFiles/px4_msgs__rosidl_typesupport_introspection_cpp.dir/rosidl_typesupport_introspection_cpp/px4_msgs/msg/detail/radio_status__type_support.cpp.o[0m
[73.041s] [ 27%] [32mBuilding CXX object CMakeFiles/px4_msgs__rosidl_typesupport_cpp.dir/rosidl_typesupport_cpp/px4_msgs/msg/estimator_gps_status__type_support.cpp.o[0m
[73.066s] [ 27%] [32mBuilding CXX object CMakeFiles/px4_msgs__rosidl_typesupport_introspection_cpp.dir/rosidl_typesupport_introspection_cpp/px4_msgs/msg/detail/rate_ctrl_status__type_support.cpp.o[0m
[73.088s] [ 27%] [32mBuilding CXX object CMakeFiles/px4_msgs__rosidl_typesupport_fastrtps_cpp.dir/rosidl_typesupport_fastrtps_cpp/px4_msgs/msg/detail/dds_fastrtps/actuator_controls_status__type_support.cpp.o[0m
[73.149s] [ 27%] [32mBuilding CXX object CMakeFiles/px4_msgs__rosidl_typesupport_cpp.dir/rosidl_typesupport_cpp/px4_msgs/msg/estimator_innovations__type_support.cpp.o[0m
[73.240s] [ 27%] [32mBuilding CXX object CMakeFiles/px4_msgs__rosidl_typesupport_fastrtps_cpp.dir/rosidl_typesupport_fastrtps_cpp/px4_msgs/msg/detail/dds_fastrtps/actuator_motors__type_support.cpp.o[0m
[73.369s] [ 27%] [32mBuilding CXX object CMakeFiles/px4_msgs__rosidl_typesupport_introspection_cpp.dir/rosidl_typesupport_introspection_cpp/px4_msgs/msg/detail/rc_channels__type_support.cpp.o[0m
[73.500s] [ 27%] [32mBuilding CXX object CMakeFiles/px4_msgs__rosidl_typesupport_cpp.dir/rosidl_typesupport_cpp/px4_msgs/msg/estimator_selector_status__type_support.cpp.o[0m
[73.529s] [ 27%] [32mBuilding CXX object CMakeFiles/px4_msgs__rosidl_typesupport_cpp.dir/rosidl_typesupport_cpp/px4_msgs/msg/estimator_sensor_bias__type_support.cpp.o[0m
[73.575s] [ 27%] [32mBuilding CXX object CMakeFiles/px4_msgs__rosidl_typesupport_introspection_cpp.dir/rosidl_typesupport_introspection_cpp/px4_msgs/msg/detail/rc_parameter_map__type_support.cpp.o[0m
[73.731s] [ 27%] [32mBuilding CXX object CMakeFiles/px4_msgs__rosidl_typesupport_fastrtps_cpp.dir/rosidl_typesupport_fastrtps_cpp/px4_msgs/msg/detail/dds_fastrtps/actuator_outputs__type_support.cpp.o[0m
[73.845s] [ 28%] [32mBuilding CXX object CMakeFiles/px4_msgs__rosidl_typesupport_fastrtps_cpp.dir/rosidl_typesupport_fastrtps_cpp/px4_msgs/msg/detail/dds_fastrtps/actuator_servos__type_support.cpp.o[0m
[73.848s] [ 28%] [32mBuilding CXX object CMakeFiles/px4_msgs__rosidl_typesupport_cpp.dir/rosidl_typesupport_cpp/px4_msgs/msg/estimator_states__type_support.cpp.o[0m
[73.856s] [ 28%] [32mBuilding CXX object CMakeFiles/px4_msgs__rosidl_typesupport_fastrtps_cpp.dir/rosidl_typesupport_fastrtps_cpp/px4_msgs/msg/detail/dds_fastrtps/actuator_servos_trim__type_support.cpp.o[0m
[74.084s] [ 28%] [32mBuilding CXX object CMakeFiles/px4_msgs__rosidl_typesupport_introspection_cpp.dir/rosidl_typesupport_introspection_cpp/px4_msgs/msg/detail/rpm__type_support.cpp.o[0m
[74.199s] [ 28%] [32mBuilding CXX object CMakeFiles/px4_msgs__rosidl_typesupport_cpp.dir/rosidl_typesupport_cpp/px4_msgs/msg/estimator_status__type_support.cpp.o[0m
[74.221s] [ 28%] [32mBuilding CXX object CMakeFiles/px4_msgs__rosidl_typesupport_cpp.dir/rosidl_typesupport_cpp/px4_msgs/msg/estimator_status_flags__type_support.cpp.o[0m
[74.325s] [ 28%] [32mBuilding CXX object CMakeFiles/px4_msgs__rosidl_typesupport_introspection_cpp.dir/rosidl_typesupport_introspection_cpp/px4_msgs/msg/detail/rtl_time_estimate__type_support.cpp.o[0m
[74.343s] [ 28%] [32mBuilding CXX object CMakeFiles/px4_msgs__rosidl_typesupport_fastrtps_cpp.dir/rosidl_typesupport_fastrtps_cpp/px4_msgs/msg/detail/dds_fastrtps/actuator_test__type_support.cpp.o[0m
[74.543s] [ 28%] [32mBuilding CXX object CMakeFiles/px4_msgs__rosidl_typesupport_fastrtps_cpp.dir/rosidl_typesupport_fastrtps_cpp/px4_msgs/msg/detail/dds_fastrtps/adc_report__type_support.cpp.o[0m
[74.549s] [ 28%] [32mBuilding CXX object CMakeFiles/px4_msgs__rosidl_typesupport_introspection_cpp.dir/rosidl_typesupport_introspection_cpp/px4_msgs/msg/detail/satellite_info__type_support.cpp.o[0m
[74.552s] [ 28%] [32mBuilding CXX object CMakeFiles/px4_msgs__rosidl_typesupport_cpp.dir/rosidl_typesupport_cpp/px4_msgs/msg/event__type_support.cpp.o[0m
[74.794s] [ 28%] [32mBuilding CXX object CMakeFiles/px4_msgs__rosidl_typesupport_fastrtps_cpp.dir/rosidl_typesupport_fastrtps_cpp/px4_msgs/msg/detail/dds_fastrtps/airspeed__type_support.cpp.o[0m
[74.823s] [ 28%] [32mBuilding CXX object CMakeFiles/px4_msgs__rosidl_typesupport_cpp.dir/rosidl_typesupport_cpp/px4_msgs/msg/failsafe_flags__type_support.cpp.o[0m
[74.903s] [ 28%] [32mBuilding CXX object CMakeFiles/px4_msgs__rosidl_typesupport_introspection_cpp.dir/rosidl_typesupport_introspection_cpp/px4_msgs/msg/detail/sensor_accel__type_support.cpp.o[0m
[75.031s] [ 28%] [32mBuilding CXX object CMakeFiles/px4_msgs__rosidl_typesupport_introspection_cpp.dir/rosidl_typesupport_introspection_cpp/px4_msgs/msg/detail/sensor_accel_fifo__type_support.cpp.o[0m
[75.037s] [ 28%] [32mBuilding CXX object CMakeFiles/px4_msgs__rosidl_typesupport_cpp.dir/rosidl_typesupport_cpp/px4_msgs/msg/failure_detector_status__type_support.cpp.o[0m
[75.151s] [ 28%] [32mBuilding CXX object CMakeFiles/px4_msgs__rosidl_typesupport_fastrtps_cpp.dir/rosidl_typesupport_fastrtps_cpp/px4_msgs/msg/detail/dds_fastrtps/airspeed_validated__type_support.cpp.o[0m
[75.281s] [ 28%] [32mBuilding CXX object CMakeFiles/px4_msgs__rosidl_typesupport_introspection_cpp.dir/rosidl_typesupport_introspection_cpp/px4_msgs/msg/detail/sensor_baro__type_support.cpp.o[0m
[75.359s] [ 28%] [32mBuilding CXX object CMakeFiles/px4_msgs__rosidl_typesupport_cpp.dir/rosidl_typesupport_cpp/px4_msgs/msg/follow_target__type_support.cpp.o[0m
[75.411s] [ 28%] [32mBuilding CXX object CMakeFiles/px4_msgs__rosidl_typesupport_cpp.dir/rosidl_typesupport_cpp/px4_msgs/msg/follow_target_estimator__type_support.cpp.o[0m
[75.508s] [ 28%] [32mBuilding CXX object CMakeFiles/px4_msgs__rosidl_typesupport_cpp.dir/rosidl_typesupport_cpp/px4_msgs/msg/follow_target_status__type_support.cpp.o[0m
[75.624s] [ 28%] [32mBuilding CXX object CMakeFiles/px4_msgs__rosidl_typesupport_fastrtps_cpp.dir/rosidl_typesupport_fastrtps_cpp/px4_msgs/msg/detail/dds_fastrtps/airspeed_wind__type_support.cpp.o[0m
[75.689s] [ 28%] [32mBuilding CXX object CMakeFiles/px4_msgs__rosidl_typesupport_introspection_cpp.dir/rosidl_typesupport_introspection_cpp/px4_msgs/msg/detail/sensor_combined__type_support.cpp.o[0m
[75.745s] [ 29%] [32mBuilding CXX object CMakeFiles/px4_msgs__rosidl_typesupport_cpp.dir/rosidl_typesupport_cpp/px4_msgs/msg/generator_status__type_support.cpp.o[0m
[75.761s] [ 29%] [32mBuilding CXX object CMakeFiles/px4_msgs__rosidl_typesupport_fastrtps_cpp.dir/rosidl_typesupport_fastrtps_cpp/px4_msgs/msg/detail/dds_fastrtps/autotune_attitude_control_status__type_support.cpp.o[0m
[75.835s] [ 29%] [32mBuilding CXX object CMakeFiles/px4_msgs__rosidl_typesupport_introspection_cpp.dir/rosidl_typesupport_introspection_cpp/px4_msgs/msg/detail/sensor_correction__type_support.cpp.o[0m
[76.092s] [ 29%] [32mBuilding CXX object CMakeFiles/px4_msgs__rosidl_typesupport_cpp.dir/rosidl_typesupport_cpp/px4_msgs/msg/geofence_result__type_support.cpp.o[0m
[76.092s] [ 29%] [32mBuilding CXX object CMakeFiles/px4_msgs__rosidl_typesupport_cpp.dir/rosidl_typesupport_cpp/px4_msgs/msg/gimbal_controls__type_support.cpp.o[0m
[76.163s] [ 29%] [32mBuilding CXX object CMakeFiles/px4_msgs__rosidl_typesupport_fastrtps_cpp.dir/rosidl_typesupport_fastrtps_cpp/px4_msgs/msg/detail/dds_fastrtps/battery_status__type_support.cpp.o[0m
[76.261s] [ 29%] [32mBuilding CXX object CMakeFiles/px4_msgs__rosidl_typesupport_introspection_cpp.dir/rosidl_typesupport_introspection_cpp/px4_msgs/msg/detail/sensor_gnss_relative__type_support.cpp.o[0m
[76.346s] [ 29%] [32mBuilding CXX object CMakeFiles/px4_msgs__rosidl_typesupport_cpp.dir/rosidl_typesupport_cpp/px4_msgs/msg/gimbal_device_attitude_status__type_support.cpp.o[0m
[76.416s] [ 30%] [32mBuilding CXX object CMakeFiles/px4_msgs__rosidl_typesupport_introspection_cpp.dir/rosidl_typesupport_introspection_cpp/px4_msgs/msg/detail/sensor_gps__type_support.cpp.o[0m
[76.444s] [ 30%] [32mBuilding CXX object CMakeFiles/px4_msgs__rosidl_typesupport_introspection_cpp.dir/rosidl_typesupport_introspection_cpp/px4_msgs/msg/detail/sensor_gyro__type_support.cpp.o[0m
[76.673s] [ 30%] [32mBuilding CXX object CMakeFiles/px4_msgs__rosidl_typesupport_cpp.dir/rosidl_typesupport_cpp/px4_msgs/msg/gimbal_device_information__type_support.cpp.o[0m
[76.680s] [ 30%] [32mBuilding CXX object CMakeFiles/px4_msgs__rosidl_typesupport_fastrtps_cpp.dir/rosidl_typesupport_fastrtps_cpp/px4_msgs/msg/detail/dds_fastrtps/button_event__type_support.cpp.o[0m
[76.743s] [ 30%] [32mBuilding CXX object CMakeFiles/px4_msgs__rosidl_typesupport_fastrtps_cpp.dir/rosidl_typesupport_fastrtps_cpp/px4_msgs/msg/detail/dds_fastrtps/camera_capture__type_support.cpp.o[0m
[76.886s] [ 30%] [32mBuilding CXX object CMakeFiles/px4_msgs__rosidl_typesupport_fastrtps_cpp.dir/rosidl_typesupport_fastrtps_cpp/px4_msgs/msg/detail/dds_fastrtps/camera_status__type_support.cpp.o[0m
[76.950s] [ 30%] [32mBuilding CXX object CMakeFiles/px4_msgs__rosidl_typesupport_introspection_cpp.dir/rosidl_typesupport_introspection_cpp/px4_msgs/msg/detail/sensor_gyro_fft__type_support.cpp.o[0m
[76.999s] [ 30%] [32mBuilding CXX object CMakeFiles/px4_msgs__rosidl_typesupport_cpp.dir/rosidl_typesupport_cpp/px4_msgs/msg/gimbal_device_set_attitude__type_support.cpp.o[0m
[77.152s] [ 30%] [32mBuilding CXX object CMakeFiles/px4_msgs__rosidl_typesupport_cpp.dir/rosidl_typesupport_cpp/px4_msgs/msg/gimbal_manager_information__type_support.cpp.o[0m
[77.240s] [ 30%] [32mBuilding CXX object CMakeFiles/px4_msgs__rosidl_typesupport_cpp.dir/rosidl_typesupport_cpp/px4_msgs/msg/gimbal_manager_set_attitude__type_support.cpp.o[0m
[77.328s] [ 30%] [32mBuilding CXX object CMakeFiles/px4_msgs__rosidl_typesupport_fastrtps_cpp.dir/rosidl_typesupport_fastrtps_cpp/px4_msgs/msg/detail/dds_fastrtps/camera_trigger__type_support.cpp.o[0m
[77.364s] [ 30%] [32mBuilding CXX object CMakeFiles/px4_msgs__rosidl_typesupport_introspection_cpp.dir/rosidl_typesupport_introspection_cpp/px4_msgs/msg/detail/sensor_gyro_fifo__type_support.cpp.o[0m
[77.464s] [ 30%] [32mBuilding CXX object CMakeFiles/px4_msgs__rosidl_typesupport_fastrtps_cpp.dir/rosidl_typesupport_fastrtps_cpp/px4_msgs/msg/detail/dds_fastrtps/cellular_status__type_support.cpp.o[0m
[77.473s] [ 30%] [32mBuilding CXX object CMakeFiles/px4_msgs__rosidl_typesupport_fastrtps_cpp.dir/rosidl_typesupport_fastrtps_cpp/px4_msgs/msg/detail/dds_fastrtps/collision_constraints__type_support.cpp.o[0m
[77.565s] [ 30%] [32mBuilding CXX object CMakeFiles/px4_msgs__rosidl_typesupport_cpp.dir/rosidl_typesupport_cpp/px4_msgs/msg/gimbal_manager_set_manual_control__type_support.cpp.o[0m
[77.812s] [ 30%] [32mBuilding CXX object CMakeFiles/px4_msgs__rosidl_typesupport_introspection_cpp.dir/rosidl_typesupport_introspection_cpp/px4_msgs/msg/detail/sensor_hygrometer__type_support.cpp.o[0m
[77.844s] [ 30%] [32mBuilding CXX object CMakeFiles/px4_msgs__rosidl_typesupport_fastrtps_cpp.dir/rosidl_typesupport_fastrtps_cpp/px4_msgs/msg/detail/dds_fastrtps/collision_report__type_support.cpp.o[0m
[77.891s] [ 30%] [32mBuilding CXX object CMakeFiles/px4_msgs__rosidl_typesupport_cpp.dir/rosidl_typesupport_cpp/px4_msgs/msg/gimbal_manager_status__type_support.cpp.o[0m
[77.951s] [ 30%] [32mBuilding CXX object CMakeFiles/px4_msgs__rosidl_typesupport_introspection_cpp.dir/rosidl_typesupport_introspection_cpp/px4_msgs/msg/detail/sensor_mag__type_support.cpp.o[0m
[77.981s] [ 30%] [32mBuilding CXX object CMakeFiles/px4_msgs__rosidl_typesupport_cpp.dir/rosidl_typesupport_cpp/px4_msgs/msg/gps_dump__type_support.cpp.o[0m
[78.222s] [ 31%] [32mBuilding CXX object CMakeFiles/px4_msgs__rosidl_typesupport_fastrtps_cpp.dir/rosidl_typesupport_fastrtps_cpp/px4_msgs/msg/detail/dds_fastrtps/command_values__type_support.cpp.o[0m
[78.274s] [ 31%] [32mBuilding CXX object CMakeFiles/px4_msgs__rosidl_typesupport_fastrtps_cpp.dir/rosidl_typesupport_fastrtps_cpp/px4_msgs/msg/detail/dds_fastrtps/control_allocator_status__type_support.cpp.o[0m
[78.330s] [ 31%] [32mBuilding CXX object CMakeFiles/px4_msgs__rosidl_typesupport_introspection_cpp.dir/rosidl_typesupport_introspection_cpp/px4_msgs/msg/detail/sensor_optical_flow__type_support.cpp.o[0m
[78.336s] [ 31%] [32mBuilding CXX object CMakeFiles/px4_msgs__rosidl_typesupport_cpp.dir/rosidl_typesupport_cpp/px4_msgs/msg/gps_inject_data__type_support.cpp.o[0m
[78.405s] [ 31%] [32mBuilding CXX object CMakeFiles/px4_msgs__rosidl_typesupport_fastrtps_cpp.dir/rosidl_typesupport_fastrtps_cpp/px4_msgs/msg/detail/dds_fastrtps/cpuload__type_support.cpp.o[0m
[78.666s] [ 31%] [32mBuilding CXX object CMakeFiles/px4_msgs__rosidl_typesupport_cpp.dir/rosidl_typesupport_cpp/px4_msgs/msg/gripper__type_support.cpp.o[0m
[78.710s] [ 31%] [32mBuilding CXX object CMakeFiles/px4_msgs__rosidl_typesupport_cpp.dir/rosidl_typesupport_cpp/px4_msgs/msg/health_report__type_support.cpp.o[0m
[78.794s] [ 31%] [32mBuilding CXX object CMakeFiles/px4_msgs__rosidl_typesupport_fastrtps_cpp.dir/rosidl_typesupport_fastrtps_cpp/px4_msgs/msg/detail/dds_fastrtps/debug_array__type_support.cpp.o[0m
[78.857s] [ 31%] [32mBuilding CXX object CMakeFiles/px4_msgs__rosidl_typesupport_introspection_cpp.dir/rosidl_typesupport_introspection_cpp/px4_msgs/msg/detail/sensor_preflight_mag__type_support.cpp.o[0m
[78.896s] [ 31%] [32mBuilding CXX object CMakeFiles/px4_msgs__rosidl_typesupport_cpp.dir/rosidl_typesupport_cpp/px4_msgs/msg/heater_status__type_support.cpp.o[0m
[78.992s] [ 31%] [32mBuilding CXX object CMakeFiles/px4_msgs__rosidl_typesupport_introspection_cpp.dir/rosidl_typesupport_introspection_cpp/px4_msgs/msg/detail/sensor_selection__type_support.cpp.o[0m
[79.032s] [ 31%] [32mBuilding CXX object CMakeFiles/px4_msgs__rosidl_typesupport_fastrtps_cpp.dir/rosidl_typesupport_fastrtps_cpp/px4_msgs/msg/detail/dds_fastrtps/debug_key_value__type_support.cpp.o[0m
[79.218s] [ 31%] [32mBuilding CXX object CMakeFiles/px4_msgs__rosidl_typesupport_cpp.dir/rosidl_typesupport_cpp/px4_msgs/msg/home_position__type_support.cpp.o[0m
[79.317s] [ 31%] [32mBuilding CXX object CMakeFiles/px4_msgs__rosidl_typesupport_introspection_cpp.dir/rosidl_typesupport_introspection_cpp/px4_msgs/msg/detail/sensor_uwb__type_support.cpp.o[0m
[79.320s] [ 32%] [32mBuilding CXX object CMakeFiles/px4_msgs__rosidl_typesupport_cpp.dir/rosidl_typesupport_cpp/px4_msgs/msg/hover_thrust_estimate__type_support.cpp.o[0m
[79.454s] [ 32%] [32mBuilding CXX object CMakeFiles/px4_msgs__rosidl_typesupport_cpp.dir/rosidl_typesupport_cpp/px4_msgs/msg/input_rc__type_support.cpp.o[0m
[79.520s] [ 32%] [32mBuilding CXX object CMakeFiles/px4_msgs__rosidl_typesupport_fastrtps_cpp.dir/rosidl_typesupport_fastrtps_cpp/px4_msgs/msg/detail/dds_fastrtps/debug_value__type_support.cpp.o[0m
[79.547s] [ 32%] [32mBuilding CXX object CMakeFiles/px4_msgs__rosidl_typesupport_introspection_cpp.dir/rosidl_typesupport_introspection_cpp/px4_msgs/msg/detail/sensors_status__type_support.cpp.o[0m
[79.644s] [ 32%] [32mBuilding CXX object CMakeFiles/px4_msgs__rosidl_typesupport_fastrtps_cpp.dir/rosidl_typesupport_fastrtps_cpp/px4_msgs/msg/detail/dds_fastrtps/debug_vect__type_support.cpp.o[0m
[79.779s] [ 32%] [32mBuilding CXX object CMakeFiles/px4_msgs__rosidl_typesupport_cpp.dir/rosidl_typesupport_cpp/px4_msgs/msg/input_tau__type_support.cpp.o[0m
[79.816s] [ 32%] [32mBuilding CXX object CMakeFiles/px4_msgs__rosidl_typesupport_fastrtps_cpp.dir/rosidl_typesupport_fastrtps_cpp/px4_msgs/msg/detail/dds_fastrtps/differential_pressure__type_support.cpp.o[0m
[80.000s] [ 32%] [32mBuilding CXX object CMakeFiles/px4_msgs__rosidl_typesupport_cpp.dir/rosidl_typesupport_cpp/px4_msgs/msg/internal_combustion_engine_status__type_support.cpp.o[0m
[80.049s] [ 32%] [32mBuilding CXX object CMakeFiles/px4_msgs__rosidl_typesupport_introspection_cpp.dir/rosidl_typesupport_introspection_cpp/px4_msgs/msg/detail/sensors_status_imu__type_support.cpp.o[0m
[80.106s] [ 32%] [32mBuilding CXX object CMakeFiles/px4_msgs__rosidl_typesupport_introspection_cpp.dir/rosidl_typesupport_introspection_cpp/px4_msgs/msg/detail/simulink_custom_message__type_support.cpp.o[0m
[80.131s] [ 32%] [32mBuilding CXX object CMakeFiles/px4_msgs__rosidl_typesupport_introspection_cpp.dir/rosidl_typesupport_introspection_cpp/px4_msgs/msg/detail/states_and_actuators__type_support.cpp.o[0m
[80.327s] [ 32%] [32mBuilding CXX object CMakeFiles/px4_msgs__rosidl_typesupport_cpp.dir/rosidl_typesupport_cpp/px4_msgs/msg/iridiumsbd_status__type_support.cpp.o[0m
[80.336s] [ 32%] [32mBuilding CXX object CMakeFiles/px4_msgs__rosidl_typesupport_fastrtps_cpp.dir/rosidl_typesupport_fastrtps_cpp/px4_msgs/msg/detail/dds_fastrtps/distance_sensor__type_support.cpp.o[0m
[80.559s] [ 32%] [32mBuilding CXX object CMakeFiles/px4_msgs__rosidl_typesupport_fastrtps_cpp.dir/rosidl_typesupport_fastrtps_cpp/px4_msgs/msg/detail/dds_fastrtps/ekf2_timestamps__type_support.cpp.o[0m
[80.567s] [ 32%] [32mBuilding CXX object CMakeFiles/px4_msgs__rosidl_typesupport_fastrtps_cpp.dir/rosidl_typesupport_fastrtps_cpp/px4_msgs/msg/detail/dds_fastrtps/esc_report__type_support.cpp.o[0m
[80.598s] [ 32%] [32mBuilding CXX object CMakeFiles/px4_msgs__rosidl_typesupport_introspection_cpp.dir/rosidl_typesupport_introspection_cpp/px4_msgs/msg/detail/system_power__type_support.cpp.o[0m
[80.653s] [ 32%] [32mBuilding CXX object CMakeFiles/px4_msgs__rosidl_typesupport_cpp.dir/rosidl_typesupport_cpp/px4_msgs/msg/irlock_report__type_support.cpp.o[0m
[80.872s] [ 32%] [32mBuilding CXX object CMakeFiles/px4_msgs__rosidl_typesupport_cpp.dir/rosidl_typesupport_cpp/px4_msgs/msg/landing_gear__type_support.cpp.o[0m
[80.983s] [ 32%] [32mBuilding CXX object CMakeFiles/px4_msgs__rosidl_typesupport_introspection_cpp.dir/rosidl_typesupport_introspection_cpp/px4_msgs/msg/detail/takeoff_status__type_support.cpp.o[0m
[81.041s] [ 33%] [32mBuilding CXX object CMakeFiles/px4_msgs__rosidl_typesupport_introspection_cpp.dir/rosidl_typesupport_introspection_cpp/px4_msgs/msg/detail/task_stack_info__type_support.cpp.o[0m
[81.059s] [ 33%] [32mBuilding CXX object CMakeFiles/px4_msgs__rosidl_typesupport_fastrtps_cpp.dir/rosidl_typesupport_fastrtps_cpp/px4_msgs/msg/detail/dds_fastrtps/esc_status__type_support.cpp.o[0m
[81.070s] [ 33%] [32mBuilding CXX object CMakeFiles/px4_msgs__rosidl_typesupport_cpp.dir/rosidl_typesupport_cpp/px4_msgs/msg/landing_gear_wheel__type_support.cpp.o[0m
[81.224s] [ 33%] [32mBuilding CXX object CMakeFiles/px4_msgs__rosidl_typesupport_introspection_cpp.dir/rosidl_typesupport_introspection_cpp/px4_msgs/msg/detail/tecs_status__type_support.cpp.o[0m
[81.401s] [ 33%] [32mBuilding CXX object CMakeFiles/px4_msgs__rosidl_typesupport_cpp.dir/rosidl_typesupport_cpp/px4_msgs/msg/landing_target_innovations__type_support.cpp.o[0m
[81.443s] [ 33%] [32mBuilding CXX object CMakeFiles/px4_msgs__rosidl_typesupport_cpp.dir/rosidl_typesupport_cpp/px4_msgs/msg/landing_target_pose__type_support.cpp.o[0m
[81.511s] [ 33%] [32mBuilding CXX object CMakeFiles/px4_msgs__rosidl_typesupport_fastrtps_cpp.dir/rosidl_typesupport_fastrtps_cpp/px4_msgs/msg/detail/dds_fastrtps/estimator_aid_source1d__type_support.cpp.o[0m
[81.548s] [ 33%] [32mBuilding CXX object CMakeFiles/px4_msgs__rosidl_typesupport_introspection_cpp.dir/rosidl_typesupport_introspection_cpp/px4_msgs/msg/detail/telemetry_status__type_support.cpp.o[0m
[81.722s] [ 33%] [32mBuilding CXX object CMakeFiles/px4_msgs__rosidl_typesupport_fastrtps_cpp.dir/rosidl_typesupport_fastrtps_cpp/px4_msgs/msg/detail/dds_fastrtps/estimator_aid_source2d__type_support.cpp.o[0m
[81.727s] [ 33%] [32mBuilding CXX object CMakeFiles/px4_msgs__rosidl_typesupport_fastrtps_cpp.dir/rosidl_typesupport_fastrtps_cpp/px4_msgs/msg/detail/dds_fastrtps/estimator_aid_source3d__type_support.cpp.o[0m
[81.771s] [ 33%] [32mBuilding CXX object CMakeFiles/px4_msgs__rosidl_typesupport_cpp.dir/rosidl_typesupport_cpp/px4_msgs/msg/launch_detection_status__type_support.cpp.o[0m
[81.997s] [ 33%] [32mBuilding CXX object CMakeFiles/px4_msgs__rosidl_typesupport_introspection_cpp.dir/rosidl_typesupport_introspection_cpp/px4_msgs/msg/detail/tiltrotor_extra_controls__type_support.cpp.o[0m
[82.019s] [ 34%] [32mBuilding CXX object CMakeFiles/px4_msgs__rosidl_typesupport_fastrtps_cpp.dir/rosidl_typesupport_fastrtps_cpp/px4_msgs/msg/detail/dds_fastrtps/estimator_bias__type_support.cpp.o[0m
[82.100s] [ 34%] [32mBuilding CXX object CMakeFiles/px4_msgs__rosidl_typesupport_cpp.dir/rosidl_typesupport_cpp/px4_msgs/msg/led_control__type_support.cpp.o[0m
[82.237s] [ 34%] [32mBuilding CXX object CMakeFiles/px4_msgs__rosidl_typesupport_introspection_cpp.dir/rosidl_typesupport_introspection_cpp/px4_msgs/msg/detail/timesync_status__type_support.cpp.o[0m
[82.254s] [ 34%] [32mBuilding CXX object CMakeFiles/px4_msgs__rosidl_typesupport_cpp.dir/rosidl_typesupport_cpp/px4_msgs/msg/log_message__type_support.cpp.o[0m
[82.427s] [ 34%] [32mBuilding CXX object CMakeFiles/px4_msgs__rosidl_typesupport_introspection_cpp.dir/rosidl_typesupport_introspection_cpp/px4_msgs/msg/detail/trajectory_bezier__type_support.cpp.o[0m
[82.455s] [ 34%] [32mBuilding CXX object CMakeFiles/px4_msgs__rosidl_typesupport_cpp.dir/rosidl_typesupport_cpp/px4_msgs/msg/logger_status__type_support.cpp.o[0m
[82.499s] [ 34%] [32mBuilding CXX object CMakeFiles/px4_msgs__rosidl_typesupport_fastrtps_cpp.dir/rosidl_typesupport_fastrtps_cpp/px4_msgs/msg/detail/dds_fastrtps/estimator_bias3d__type_support.cpp.o[0m
[82.699s] [ 34%] [32mBuilding CXX object CMakeFiles/px4_msgs__rosidl_typesupport_fastrtps_cpp.dir/rosidl_typesupport_fastrtps_cpp/px4_msgs/msg/detail/dds_fastrtps/estimator_event_flags__type_support.cpp.o[0m
[82.773s] [ 34%] [32mBuilding CXX object CMakeFiles/px4_msgs__rosidl_typesupport_fastrtps_cpp.dir/rosidl_typesupport_fastrtps_cpp/px4_msgs/msg/detail/dds_fastrtps/estimator_gps_status__type_support.cpp.o[0m
[82.780s] [ 34%] [32mBuilding CXX object CMakeFiles/px4_msgs__rosidl_typesupport_cpp.dir/rosidl_typesupport_cpp/px4_msgs/msg/mag_worker_data__type_support.cpp.o[0m
[82.901s] [ 34%] [32mBuilding CXX object CMakeFiles/px4_msgs__rosidl_typesupport_introspection_cpp.dir/rosidl_typesupport_introspection_cpp/px4_msgs/msg/detail/trajectory_setpoint__type_support.cpp.o[0m
[82.969s] [ 34%] [32mBuilding CXX object CMakeFiles/px4_msgs__rosidl_typesupport_introspection_cpp.dir/rosidl_typesupport_introspection_cpp/px4_msgs/msg/detail/trajectory_waypoint__type_support.cpp.o[0m
[83.113s] [ 35%] [32mBuilding CXX object CMakeFiles/px4_msgs__rosidl_typesupport_cpp.dir/rosidl_typesupport_cpp/px4_msgs/msg/magnetometer_bias_estimate__type_support.cpp.o[0m
[83.219s] [ 35%] [32mBuilding CXX object CMakeFiles/px4_msgs__rosidl_typesupport_cpp.dir/rosidl_typesupport_cpp/px4_msgs/msg/manual_control_setpoint__type_support.cpp.o[0m
[83.383s] [ 35%] [32mBuilding CXX object CMakeFiles/px4_msgs__rosidl_typesupport_fastrtps_cpp.dir/rosidl_typesupport_fastrtps_cpp/px4_msgs/msg/detail/dds_fastrtps/estimator_innovations__type_support.cpp.o[0m
[83.430s] [ 35%] [32mBuilding CXX object CMakeFiles/px4_msgs__rosidl_typesupport_introspection_cpp.dir/rosidl_typesupport_introspection_cpp/px4_msgs/msg/detail/transponder_report__type_support.cpp.o[0m
[83.441s] [ 35%] [32mBuilding CXX object CMakeFiles/px4_msgs__rosidl_typesupport_fastrtps_cpp.dir/rosidl_typesupport_fastrtps_cpp/px4_msgs/msg/detail/dds_fastrtps/estimator_selector_status__type_support.cpp.o[0m
[83.578s] [ 35%] [32mBuilding CXX object CMakeFiles/px4_msgs__rosidl_typesupport_introspection_cpp.dir/rosidl_typesupport_introspection_cpp/px4_msgs/msg/detail/tune_control__type_support.cpp.o[0m
[83.590s] [ 35%] [32mBuilding CXX object CMakeFiles/px4_msgs__rosidl_typesupport_cpp.dir/rosidl_typesupport_cpp/px4_msgs/msg/manual_control_switches__type_support.cpp.o[0m
[83.884s] [ 35%] [32mBuilding CXX object CMakeFiles/px4_msgs__rosidl_typesupport_c.dir/rosidl_typesupport_c/px4_msgs/msg/action_request__type_support.cpp.o[0m
[83.900s] [ 35%] [32mBuilding CXX object CMakeFiles/px4_msgs__rosidl_typesupport_c.dir/rosidl_typesupport_c/px4_msgs/msg/actuator_armed__type_support.cpp.o[0m
[83.915s] [ 35%] [32mBuilding CXX object CMakeFiles/px4_msgs__rosidl_typesupport_cpp.dir/rosidl_typesupport_cpp/px4_msgs/msg/mavlink_log__type_support.cpp.o[0m
[83.924s] [ 35%] [32mBuilding CXX object CMakeFiles/px4_msgs__rosidl_typesupport_fastrtps_cpp.dir/rosidl_typesupport_fastrtps_cpp/px4_msgs/msg/detail/dds_fastrtps/estimator_sensor_bias__type_support.cpp.o[0m
[83.930s] [ 35%] [32mBuilding CXX object CMakeFiles/px4_msgs__rosidl_typesupport_introspection_cpp.dir/rosidl_typesupport_introspection_cpp/px4_msgs/msg/detail/uavcan_parameter_request__type_support.cpp.o[0m
[83.935s] [ 35%] [32mBuilding CXX object CMakeFiles/px4_msgs__rosidl_typesupport_c.dir/rosidl_typesupport_c/px4_msgs/msg/actuator_command__type_support.cpp.o[0m
[83.970s] [ 35%] [32mBuilding CXX object CMakeFiles/px4_msgs__rosidl_typesupport_c.dir/rosidl_typesupport_c/px4_msgs/msg/actuator_controls_status__type_support.cpp.o[0m
[84.008s] [ 35%] [32mBuilding CXX object CMakeFiles/px4_msgs__rosidl_typesupport_c.dir/rosidl_typesupport_c/px4_msgs/msg/actuator_motors__type_support.cpp.o[0m
[84.045s] [ 35%] [32mBuilding CXX object CMakeFiles/px4_msgs__rosidl_typesupport_c.dir/rosidl_typesupport_c/px4_msgs/msg/actuator_outputs__type_support.cpp.o[0m
[84.083s] [ 35%] [32mBuilding CXX object CMakeFiles/px4_msgs__rosidl_typesupport_c.dir/rosidl_typesupport_c/px4_msgs/msg/actuator_servos__type_support.cpp.o[0m
[84.094s] [ 35%] [32mBuilding CXX object CMakeFiles/px4_msgs__rosidl_typesupport_fastrtps_cpp.dir/rosidl_typesupport_fastrtps_cpp/px4_msgs/msg/detail/dds_fastrtps/estimator_states__type_support.cpp.o[0m
[84.122s] [ 35%] [32mBuilding CXX object CMakeFiles/px4_msgs__rosidl_typesupport_c.dir/rosidl_typesupport_c/px4_msgs/msg/actuator_servos_trim__type_support.cpp.o[0m
[84.158s] [ 35%] [32mBuilding CXX object CMakeFiles/px4_msgs__rosidl_typesupport_c.dir/rosidl_typesupport_c/px4_msgs/msg/actuator_test__type_support.cpp.o[0m
[84.161s] [ 35%] [32mBuilding CXX object CMakeFiles/px4_msgs__rosidl_typesupport_c.dir/rosidl_typesupport_c/px4_msgs/msg/adc_report__type_support.cpp.o[0m
[84.196s] [ 35%] [32mBuilding CXX object CMakeFiles/px4_msgs__rosidl_typesupport_c.dir/rosidl_typesupport_c/px4_msgs/msg/airspeed__type_support.cpp.o[0m
[84.197s] [ 35%] [32mBuilding CXX object CMakeFiles/px4_msgs__rosidl_typesupport_c.dir/rosidl_typesupport_c/px4_msgs/msg/airspeed_validated__type_support.cpp.o[0m
[84.229s] [ 35%] [32mBuilding CXX object CMakeFiles/px4_msgs__rosidl_typesupport_cpp.dir/rosidl_typesupport_cpp/px4_msgs/msg/mavlink_tunnel__type_support.cpp.o[0m
[84.231s] [ 35%] [32mBuilding CXX object CMakeFiles/px4_msgs__rosidl_typesupport_cpp.dir/rosidl_typesupport_cpp/px4_msgs/msg/mission__type_support.cpp.o[0m
[84.233s] [ 35%] [32mBuilding CXX object CMakeFiles/px4_msgs__rosidl_typesupport_c.dir/rosidl_typesupport_c/px4_msgs/msg/airspeed_wind__type_support.cpp.o[0m
[84.269s] [ 35%] [32mBuilding CXX object CMakeFiles/px4_msgs__rosidl_typesupport_c.dir/rosidl_typesupport_c/px4_msgs/msg/autotune_attitude_control_status__type_support.cpp.o[0m
[84.305s] [ 35%] [32mBuilding CXX object CMakeFiles/px4_msgs__rosidl_typesupport_c.dir/rosidl_typesupport_c/px4_msgs/msg/battery_status__type_support.cpp.o[0m
[84.343s] [ 36%] [32mBuilding CXX object CMakeFiles/px4_msgs__rosidl_typesupport_c.dir/rosidl_typesupport_c/px4_msgs/msg/button_event__type_support.cpp.o[0m
[84.383s] [ 36%] [32mBuilding CXX object CMakeFiles/px4_msgs__rosidl_typesupport_c.dir/rosidl_typesupport_c/px4_msgs/msg/camera_capture__type_support.cpp.o[0m
[84.394s] [ 36%] [32mBuilding CXX object CMakeFiles/px4_msgs__rosidl_typesupport_introspection_cpp.dir/rosidl_typesupport_introspection_cpp/px4_msgs/msg/detail/uavcan_parameter_value__type_support.cpp.o[0m
[84.416s] [ 36%] [32mBuilding CXX object CMakeFiles/px4_msgs__rosidl_typesupport_c.dir/rosidl_typesupport_c/px4_msgs/msg/camera_status__type_support.cpp.o[0m
[84.431s] [ 36%] [32mBuilding CXX object CMakeFiles/px4_msgs__rosidl_typesupport_introspection_cpp.dir/rosidl_typesupport_introspection_cpp/px4_msgs/msg/detail/ulog_stream__type_support.cpp.o[0m
[84.452s] [ 36%] [32mBuilding CXX object CMakeFiles/px4_msgs__rosidl_typesupport_c.dir/rosidl_typesupport_c/px4_msgs/msg/camera_trigger__type_support.cpp.o[0m
[84.491s] [ 36%] [32mBuilding CXX object CMakeFiles/px4_msgs__rosidl_typesupport_c.dir/rosidl_typesupport_c/px4_msgs/msg/cellular_status__type_support.cpp.o[0m
[84.524s] [ 36%] [32mBuilding CXX object CMakeFiles/px4_msgs__rosidl_typesupport_c.dir/rosidl_typesupport_c/px4_msgs/msg/collision_constraints__type_support.cpp.o[0m
[84.547s] [ 36%] [32mBuilding CXX object CMakeFiles/px4_msgs__rosidl_typesupport_introspection_cpp.dir/rosidl_typesupport_introspection_cpp/px4_msgs/msg/detail/ulog_stream_ack__type_support.cpp.o[0m
[84.562s] [ 36%] [32mBuilding CXX object CMakeFiles/px4_msgs__rosidl_typesupport_c.dir/rosidl_typesupport_c/px4_msgs/msg/collision_report__type_support.cpp.o[0m
[84.562s] [ 36%] [32mBuilding CXX object CMakeFiles/px4_msgs__rosidl_typesupport_cpp.dir/rosidl_typesupport_cpp/px4_msgs/msg/mission_result__type_support.cpp.o[0m
[84.593s] [ 36%] [32mBuilding CXX object CMakeFiles/px4_msgs__rosidl_typesupport_c.dir/rosidl_typesupport_c/px4_msgs/msg/command_values__type_support.cpp.o[0m
[84.614s] [ 36%] [32mBuilding CXX object CMakeFiles/px4_msgs__rosidl_typesupport_fastrtps_cpp.dir/rosidl_typesupport_fastrtps_cpp/px4_msgs/msg/detail/dds_fastrtps/estimator_status__type_support.cpp.o[0m
[84.627s] [ 36%] [32mBuilding CXX object CMakeFiles/px4_msgs__rosidl_typesupport_c.dir/rosidl_typesupport_c/px4_msgs/msg/control_allocator_status__type_support.cpp.o[0m
[84.663s] [ 36%] [32mBuilding CXX object CMakeFiles/px4_msgs__rosidl_typesupport_c.dir/rosidl_typesupport_c/px4_msgs/msg/cpuload__type_support.cpp.o[0m
[84.700s] [ 36%] [32mBuilding CXX object CMakeFiles/px4_msgs__rosidl_typesupport_c.dir/rosidl_typesupport_c/px4_msgs/msg/debug_array__type_support.cpp.o[0m
[84.733s] [ 36%] [32mBuilding CXX object CMakeFiles/px4_msgs__rosidl_typesupport_c.dir/rosidl_typesupport_c/px4_msgs/msg/debug_key_value__type_support.cpp.o[0m
[84.768s] [ 36%] [32mBuilding CXX object CMakeFiles/px4_msgs__rosidl_typesupport_c.dir/rosidl_typesupport_c/px4_msgs/msg/debug_value__type_support.cpp.o[0m
[84.803s] [ 36%] [32mBuilding CXX object CMakeFiles/px4_msgs__rosidl_typesupport_c.dir/rosidl_typesupport_c/px4_msgs/msg/debug_vect__type_support.cpp.o[0m
[84.838s] [ 36%] [32mBuilding CXX object CMakeFiles/px4_msgs__rosidl_typesupport_c.dir/rosidl_typesupport_c/px4_msgs/msg/differential_pressure__type_support.cpp.o[0m
[84.873s] [ 36%] [32mBuilding CXX object CMakeFiles/px4_msgs__rosidl_typesupport_c.dir/rosidl_typesupport_c/px4_msgs/msg/distance_sensor__type_support.cpp.o[0m
[84.879s] [ 36%] [32mBuilding CXX object CMakeFiles/px4_msgs__rosidl_typesupport_cpp.dir/rosidl_typesupport_cpp/px4_msgs/msg/mode_completed__type_support.cpp.o[0m
[84.880s] [ 36%] [32mBuilding CXX object CMakeFiles/px4_msgs__rosidl_typesupport_fastrtps_cpp.dir/rosidl_typesupport_fastrtps_cpp/px4_msgs/msg/detail/dds_fastrtps/estimator_status_flags__type_support.cpp.o[0m
[84.908s] [ 37%] [32mBuilding CXX object CMakeFiles/px4_msgs__rosidl_typesupport_c.dir/rosidl_typesupport_c/px4_msgs/msg/ekf2_timestamps__type_support.cpp.o[0m
[84.942s] [ 37%] [32mBuilding CXX object CMakeFiles/px4_msgs__rosidl_typesupport_c.dir/rosidl_typesupport_c/px4_msgs/msg/esc_report__type_support.cpp.o[0m
[84.978s] [ 37%] [32mBuilding CXX object CMakeFiles/px4_msgs__rosidl_typesupport_c.dir/rosidl_typesupport_c/px4_msgs/msg/esc_status__type_support.cpp.o[0m
[85.014s] [ 37%] [32mBuilding CXX object CMakeFiles/px4_msgs__rosidl_typesupport_c.dir/rosidl_typesupport_c/px4_msgs/msg/estimator_aid_source1d__type_support.cpp.o[0m
[85.018s] [ 37%] [32mBuilding CXX object CMakeFiles/px4_msgs__rosidl_typesupport_fastrtps_cpp.dir/rosidl_typesupport_fastrtps_cpp/px4_msgs/msg/detail/dds_fastrtps/event__type_support.cpp.o[0m
[85.047s] [ 37%] [32mBuilding CXX object CMakeFiles/px4_msgs__rosidl_typesupport_c.dir/rosidl_typesupport_c/px4_msgs/msg/estimator_aid_source2d__type_support.cpp.o[0m
[85.082s] [ 37%] [32mBuilding CXX object CMakeFiles/px4_msgs__rosidl_typesupport_c.dir/rosidl_typesupport_c/px4_msgs/msg/estimator_aid_source3d__type_support.cpp.o[0m
[85.116s] [ 37%] [32mBuilding CXX object CMakeFiles/px4_msgs__rosidl_typesupport_c.dir/rosidl_typesupport_c/px4_msgs/msg/estimator_bias__type_support.cpp.o[0m
[85.153s] [ 37%] [32mBuilding CXX object CMakeFiles/px4_msgs__rosidl_typesupport_c.dir/rosidl_typesupport_c/px4_msgs/msg/estimator_bias3d__type_support.cpp.o[0m
[85.183s] [ 37%] [32mBuilding CXX object CMakeFiles/px4_msgs__rosidl_typesupport_c.dir/rosidl_typesupport_c/px4_msgs/msg/estimator_event_flags__type_support.cpp.o[0m
[85.190s] [ 37%] [32mBuilding CXX object CMakeFiles/px4_msgs__rosidl_typesupport_introspection_cpp.dir/rosidl_typesupport_introspection_cpp/px4_msgs/msg/detail/vehicle_acceleration__type_support.cpp.o[0m
[85.200s] [ 37%] [32mBuilding CXX object CMakeFiles/px4_msgs__rosidl_typesupport_cpp.dir/rosidl_typesupport_cpp/px4_msgs/msg/mode_flag__type_support.cpp.o[0m
[85.224s] [ 37%] [32mBuilding CXX object CMakeFiles/px4_msgs__rosidl_typesupport_c.dir/rosidl_typesupport_c/px4_msgs/msg/estimator_gps_status__type_support.cpp.o[0m
[85.234s] [ 37%] [32mBuilding CXX object CMakeFiles/px4_msgs__rosidl_typesupport_c.dir/rosidl_typesupport_c/px4_msgs/msg/estimator_innovations__type_support.cpp.o[0m
[85.271s] [ 37%] [32mBuilding CXX object CMakeFiles/px4_msgs__rosidl_typesupport_fastrtps_cpp.dir/rosidl_typesupport_fastrtps_cpp/px4_msgs/msg/detail/dds_fastrtps/failsafe_flags__type_support.cpp.o[0m
[85.281s] [ 37%] [32mBuilding CXX object CMakeFiles/px4_msgs__rosidl_typesupport_c.dir/rosidl_typesupport_c/px4_msgs/msg/estimator_selector_status__type_support.cpp.o[0m
[85.335s] [ 37%] [32mBuilding CXX object CMakeFiles/px4_msgs__rosidl_typesupport_c.dir/rosidl_typesupport_c/px4_msgs/msg/estimator_sensor_bias__type_support.cpp.o[0m
[85.394s] [ 37%] [32mBuilding CXX object CMakeFiles/px4_msgs__rosidl_typesupport_c.dir/rosidl_typesupport_c/px4_msgs/msg/estimator_states__type_support.cpp.o[0m
[85.412s] [ 37%] [32mBuilding CXX object CMakeFiles/px4_msgs__rosidl_typesupport_cpp.dir/rosidl_typesupport_cpp/px4_msgs/msg/mount_orientation__type_support.cpp.o[0m
[85.462s] [ 37%] [32mBuilding CXX object CMakeFiles/px4_msgs__rosidl_typesupport_c.dir/rosidl_typesupport_c/px4_msgs/msg/estimator_status__type_support.cpp.o[0m
[85.510s] [ 38%] [32mBuilding CXX object CMakeFiles/px4_msgs__rosidl_typesupport_c.dir/rosidl_typesupport_c/px4_msgs/msg/estimator_status_flags__type_support.cpp.o[0m
[85.519s] [ 38%] [32mBuilding CXX object CMakeFiles/px4_msgs__rosidl_typesupport_c.dir/rosidl_typesupport_c/px4_msgs/msg/event__type_support.cpp.o[0m
[85.524s] [ 39%] [32mBuilding CXX object CMakeFiles/px4_msgs__rosidl_typesupport_introspection_cpp.dir/rosidl_typesupport_introspection_cpp/px4_msgs/msg/detail/vehicle_air_data__type_support.cpp.o[0m
[85.552s] [ 39%] [32mBuilding CXX object CMakeFiles/px4_msgs__rosidl_typesupport_introspection_cpp.dir/rosidl_typesupport_introspection_cpp/px4_msgs/msg/detail/vehicle_angular_acceleration_setpoint__type_support.cpp.o[0m
[85.583s] [ 39%] [32mBuilding CXX object CMakeFiles/px4_msgs__rosidl_typesupport_c.dir/rosidl_typesupport_c/px4_msgs/msg/failsafe_flags__type_support.cpp.o[0m
[85.642s] [ 39%] [32mBuilding CXX object CMakeFiles/px4_msgs__rosidl_typesupport_c.dir/rosidl_typesupport_c/px4_msgs/msg/failure_detector_status__type_support.cpp.o[0m
[85.656s] [ 39%] [32mBuilding CXX object CMakeFiles/px4_msgs__rosidl_typesupport_cpp.dir/rosidl_typesupport_cpp/px4_msgs/msg/navigator_mission_item__type_support.cpp.o[0m
[85.703s] [ 39%] [32mBuilding CXX object CMakeFiles/px4_msgs__rosidl_typesupport_c.dir/rosidl_typesupport_c/px4_msgs/msg/follow_target__type_support.cpp.o[0m
[85.757s] [ 39%] [32mBuilding CXX object CMakeFiles/px4_msgs__rosidl_typesupport_fastrtps_cpp.dir/rosidl_typesupport_fastrtps_cpp/px4_msgs/msg/detail/dds_fastrtps/failure_detector_status__type_support.cpp.o[0m
[85.763s] [ 39%] [32mBuilding CXX object CMakeFiles/px4_msgs__rosidl_typesupport_c.dir/rosidl_typesupport_c/px4_msgs/msg/follow_target_estimator__type_support.cpp.o[0m
[85.809s] [ 39%] [32mBuilding CXX object CMakeFiles/px4_msgs__rosidl_typesupport_c.dir/rosidl_typesupport_c/px4_msgs/msg/follow_target_status__type_support.cpp.o[0m
[85.812s] [ 39%] [32mBuilding CXX object CMakeFiles/px4_msgs__rosidl_typesupport_introspection_cpp.dir/rosidl_typesupport_introspection_cpp/px4_msgs/msg/detail/vehicle_angular_velocity__type_support.cpp.o[0m
[85.846s] [ 39%] [32mBuilding CXX object CMakeFiles/px4_msgs__rosidl_typesupport_c.dir/rosidl_typesupport_c/px4_msgs/msg/generator_status__type_support.cpp.o[0m
[85.883s] [ 39%] [32mBuilding CXX object CMakeFiles/px4_msgs__rosidl_typesupport_c.dir/rosidl_typesupport_c/px4_msgs/msg/geofence_result__type_support.cpp.o[0m
[85.922s] [ 39%] [32mBuilding CXX object CMakeFiles/px4_msgs__rosidl_typesupport_c.dir/rosidl_typesupport_c/px4_msgs/msg/gimbal_controls__type_support.cpp.o[0m
[85.955s] [ 39%] [32mBuilding CXX object CMakeFiles/px4_msgs__rosidl_typesupport_c.dir/rosidl_typesupport_c/px4_msgs/msg/gimbal_device_attitude_status__type_support.cpp.o[0m
[85.976s] [ 39%] [32mBuilding CXX object CMakeFiles/px4_msgs__rosidl_typesupport_cpp.dir/rosidl_typesupport_cpp/px4_msgs/msg/normalized_unsigned_setpoint__type_support.cpp.o[0m
[85.987s] [ 39%] [32mBuilding CXX object CMakeFiles/px4_msgs__rosidl_typesupport_fastrtps_cpp.dir/rosidl_typesupport_fastrtps_cpp/px4_msgs/msg/detail/dds_fastrtps/follow_target__type_support.cpp.o[0m
[85.996s] [ 39%] [32mBuilding CXX object CMakeFiles/px4_msgs__rosidl_typesupport_c.dir/rosidl_typesupport_c/px4_msgs/msg/gimbal_device_information__type_support.cpp.o[0m
[86.011s] [ 39%] [32mBuilding CXX object CMakeFiles/px4_msgs__rosidl_typesupport_cpp.dir/rosidl_typesupport_cpp/px4_msgs/msg/npfg_status__type_support.cpp.o[0m
[86.031s] [ 39%] [32mBuilding CXX object CMakeFiles/px4_msgs__rosidl_typesupport_c.dir/rosidl_typesupport_c/px4_msgs/msg/gimbal_device_set_attitude__type_support.cpp.o[0m
[86.067s] [ 39%] [32mBuilding CXX object CMakeFiles/px4_msgs__rosidl_typesupport_c.dir/rosidl_typesupport_c/px4_msgs/msg/gimbal_manager_information__type_support.cpp.o[0m
[86.103s] [ 39%] [32mBuilding CXX object CMakeFiles/px4_msgs__rosidl_typesupport_c.dir/rosidl_typesupport_c/px4_msgs/msg/gimbal_manager_set_attitude__type_support.cpp.o[0m
[86.143s] [ 39%] [32mBuilding CXX object CMakeFiles/px4_msgs__rosidl_typesupport_c.dir/rosidl_typesupport_c/px4_msgs/msg/gimbal_manager_set_manual_control__type_support.cpp.o[0m
[86.177s] [ 40%] [32mBuilding CXX object CMakeFiles/px4_msgs__rosidl_typesupport_c.dir/rosidl_typesupport_c/px4_msgs/msg/gimbal_manager_status__type_support.cpp.o[0m
[86.217s] [ 40%] [32mBuilding CXX object CMakeFiles/px4_msgs__rosidl_typesupport_c.dir/rosidl_typesupport_c/px4_msgs/msg/gps_dump__type_support.cpp.o[0m
[86.256s] [ 40%] [32mBuilding CXX object CMakeFiles/px4_msgs__rosidl_typesupport_c.dir/rosidl_typesupport_c/px4_msgs/msg/gps_inject_data__type_support.cpp.o[0m
[86.267s] [ 40%] [32mBuilding CXX object CMakeFiles/px4_msgs__rosidl_typesupport_fastrtps_cpp.dir/rosidl_typesupport_fastrtps_cpp/px4_msgs/msg/detail/dds_fastrtps/follow_target_estimator__type_support.cpp.o[0m
[86.273s] [ 40%] [32mBuilding CXX object CMakeFiles/px4_msgs__rosidl_typesupport_introspection_cpp.dir/rosidl_typesupport_introspection_cpp/px4_msgs/msg/detail/vehicle_attitude__type_support.cpp.o[0m
[86.298s] [ 40%] [32mBuilding CXX object CMakeFiles/px4_msgs__rosidl_typesupport_c.dir/rosidl_typesupport_c/px4_msgs/msg/gripper__type_support.cpp.o[0m
[86.304s] [ 40%] [32mBuilding CXX object CMakeFiles/px4_msgs__rosidl_typesupport_fastrtps_cpp.dir/rosidl_typesupport_fastrtps_cpp/px4_msgs/msg/detail/dds_fastrtps/follow_target_status__type_support.cpp.o[0m
[86.319s] [ 40%] [32mBuilding CXX object CMakeFiles/px4_msgs__rosidl_typesupport_cpp.dir/rosidl_typesupport_cpp/px4_msgs/msg/obstacle_distance__type_support.cpp.o[0m
[86.334s] [ 40%] [32mBuilding CXX object CMakeFiles/px4_msgs__rosidl_typesupport_c.dir/rosidl_typesupport_c/px4_msgs/msg/health_report__type_support.cpp.o[0m
[86.350s] [ 40%] [32mBuilding C object CMakeFiles/px4_msgs__rosidl_typesupport_introspection_c.dir/rosidl_typesupport_introspection_c/px4_msgs/msg/detail/action_request__type_support.c.o[0m
[86.369s] [ 40%] [32mBuilding CXX object CMakeFiles/px4_msgs__rosidl_typesupport_c.dir/rosidl_typesupport_c/px4_msgs/msg/heater_status__type_support.cpp.o[0m
[86.389s] [ 40%] [32mBuilding C object CMakeFiles/px4_msgs__rosidl_typesupport_introspection_c.dir/rosidl_typesupport_introspection_c/px4_msgs/msg/detail/actuator_armed__type_support.c.o[0m
[86.404s] [ 40%] [32mBuilding CXX object CMakeFiles/px4_msgs__rosidl_typesupport_c.dir/rosidl_typesupport_c/px4_msgs/msg/home_position__type_support.cpp.o[0m
[86.428s] [ 40%] [32mBuilding C object CMakeFiles/px4_msgs__rosidl_typesupport_introspection_c.dir/rosidl_typesupport_introspection_c/px4_msgs/msg/detail/actuator_command__type_support.c.o[0m
[86.439s] [ 40%] [32mBuilding CXX object CMakeFiles/px4_msgs__rosidl_typesupport_c.dir/rosidl_typesupport_c/px4_msgs/msg/hover_thrust_estimate__type_support.cpp.o[0m
[86.466s] [ 40%] [32mBuilding C object CMakeFiles/px4_msgs__rosidl_typesupport_introspection_c.dir/rosidl_typesupport_introspection_c/px4_msgs/msg/detail/actuator_controls_status__type_support.c.o[0m
[86.474s] [ 40%] [32mBuilding CXX object CMakeFiles/px4_msgs__rosidl_typesupport_c.dir/rosidl_typesupport_c/px4_msgs/msg/input_rc__type_support.cpp.o[0m
[86.505s] [ 40%] [32mBuilding CXX object CMakeFiles/px4_msgs__rosidl_typesupport_introspection_cpp.dir/rosidl_typesupport_introspection_cpp/px4_msgs/msg/detail/vehicle_attitude_setpoint__type_support.cpp.o[0m
[86.509s] [ 40%] [32mBuilding CXX object CMakeFiles/px4_msgs__rosidl_typesupport_c.dir/rosidl_typesupport_c/px4_msgs/msg/input_tau__type_support.cpp.o[0m
[86.509s] [ 40%] [32mBuilding C object CMakeFiles/px4_msgs__rosidl_typesupport_introspection_c.dir/rosidl_typesupport_introspection_c/px4_msgs/msg/detail/actuator_motors__type_support.c.o[0m
[86.543s] [ 40%] [32mBuilding CXX object CMakeFiles/px4_msgs__rosidl_typesupport_c.dir/rosidl_typesupport_c/px4_msgs/msg/internal_combustion_engine_status__type_support.cpp.o[0m
[86.557s] [ 40%] [32mBuilding C object CMakeFiles/px4_msgs__rosidl_typesupport_introspection_c.dir/rosidl_typesupport_introspection_c/px4_msgs/msg/detail/actuator_outputs__type_support.c.o[0m
[86.580s] [ 40%] [32mBuilding CXX object CMakeFiles/px4_msgs__rosidl_typesupport_c.dir/rosidl_typesupport_c/px4_msgs/msg/iridiumsbd_status__type_support.cpp.o[0m
[86.602s] [ 40%] [32mBuilding C object CMakeFiles/px4_msgs__rosidl_typesupport_introspection_c.dir/rosidl_typesupport_introspection_c/px4_msgs/msg/detail/actuator_servos__type_support.c.o[0m
[86.612s] [ 40%] [32mBuilding CXX object CMakeFiles/px4_msgs__rosidl_typesupport_c.dir/rosidl_typesupport_c/px4_msgs/msg/irlock_report__type_support.cpp.o[0m
[86.647s] [ 40%] [32mBuilding CXX object CMakeFiles/px4_msgs__rosidl_typesupport_c.dir/rosidl_typesupport_c/px4_msgs/msg/landing_gear__type_support.cpp.o[0m
[86.647s] [ 40%] [32mBuilding C object CMakeFiles/px4_msgs__rosidl_typesupport_introspection_c.dir/rosidl_typesupport_introspection_c/px4_msgs/msg/detail/actuator_servos_trim__type_support.c.o[0m
[86.652s] [ 40%] [32mBuilding CXX object CMakeFiles/px4_msgs__rosidl_typesupport_cpp.dir/rosidl_typesupport_cpp/px4_msgs/msg/offboard_control_mode__type_support.cpp.o[0m
[86.681s] [ 40%] [32mBuilding CXX object CMakeFiles/px4_msgs__rosidl_typesupport_c.dir/rosidl_typesupport_c/px4_msgs/msg/landing_gear_wheel__type_support.cpp.o[0m
[86.692s] [ 40%] [32mBuilding C object CMakeFiles/px4_msgs__rosidl_typesupport_introspection_c.dir/rosidl_typesupport_introspection_c/px4_msgs/msg/detail/actuator_test__type_support.c.o[0m
[86.715s] [ 41%] [32mBuilding CXX object CMakeFiles/px4_msgs__rosidl_typesupport_c.dir/rosidl_typesupport_c/px4_msgs/msg/landing_target_innovations__type_support.cpp.o[0m
[86.737s] [ 41%] [32mBuilding C object CMakeFiles/px4_msgs__rosidl_typesupport_introspection_c.dir/rosidl_typesupport_introspection_c/px4_msgs/msg/detail/adc_report__type_support.c.o[0m
[86.738s] [ 41%] [32mBuilding CXX object CMakeFiles/px4_msgs__rosidl_typesupport_c.dir/rosidl_typesupport_c/px4_msgs/msg/landing_target_pose__type_support.cpp.o[0m
[86.752s] [ 42%] [32mBuilding CXX object CMakeFiles/px4_msgs__rosidl_typesupport_fastrtps_cpp.dir/rosidl_typesupport_fastrtps_cpp/px4_msgs/msg/detail/dds_fastrtps/generator_status__type_support.cpp.o[0m
[86.773s] [ 42%] [32mBuilding CXX object CMakeFiles/px4_msgs__rosidl_typesupport_c.dir/rosidl_typesupport_c/px4_msgs/msg/launch_detection_status__type_support.cpp.o[0m
[86.786s] [ 42%] [32mBuilding C object CMakeFiles/px4_msgs__rosidl_typesupport_introspection_c.dir/rosidl_typesupport_introspection_c/px4_msgs/msg/detail/airspeed__type_support.c.o[0m
[86.798s] [ 42%] [32mBuilding C object CMakeFiles/px4_msgs__rosidl_typesupport_introspection_c.dir/rosidl_typesupport_introspection_c/px4_msgs/msg/detail/airspeed_validated__type_support.c.o[0m
[86.811s] [ 42%] [32mBuilding CXX object CMakeFiles/px4_msgs__rosidl_typesupport_c.dir/rosidl_typesupport_c/px4_msgs/msg/led_control__type_support.cpp.o[0m
[86.829s] [ 42%] [32mBuilding C object CMakeFiles/px4_msgs__rosidl_typesupport_introspection_c.dir/rosidl_typesupport_introspection_c/px4_msgs/msg/detail/airspeed_wind__type_support.c.o[0m
[86.844s] [ 42%] [32mBuilding CXX object CMakeFiles/px4_msgs__rosidl_typesupport_cpp.dir/rosidl_typesupport_cpp/px4_msgs/msg/onboard_computer_status__type_support.cpp.o[0m
[86.850s] [ 42%] [32mBuilding CXX object CMakeFiles/px4_msgs__rosidl_typesupport_c.dir/rosidl_typesupport_c/px4_msgs/msg/log_message__type_support.cpp.o[0m
[86.879s] [ 42%] [32mBuilding C object CMakeFiles/px4_msgs__rosidl_typesupport_introspection_c.dir/rosidl_typesupport_introspection_c/px4_msgs/msg/detail/autotune_attitude_control_status__type_support.c.o[0m
[86.884s] [ 42%] [32mBuilding CXX object CMakeFiles/px4_msgs__rosidl_typesupport_c.dir/rosidl_typesupport_c/px4_msgs/msg/logger_status__type_support.cpp.o[0m
[86.920s] [ 42%] [32mBuilding CXX object CMakeFiles/px4_msgs__rosidl_typesupport_c.dir/rosidl_typesupport_c/px4_msgs/msg/mag_worker_data__type_support.cpp.o[0m
[86.927s] [ 42%] [32mBuilding C object CMakeFiles/px4_msgs__rosidl_typesupport_introspection_c.dir/rosidl_typesupport_introspection_c/px4_msgs/msg/detail/battery_status__type_support.c.o[0m
[86.957s] [ 42%] [32mBuilding CXX object CMakeFiles/px4_msgs__rosidl_typesupport_c.dir/rosidl_typesupport_c/px4_msgs/msg/magnetometer_bias_estimate__type_support.cpp.o[0m
[86.967s] [ 42%] [32mBuilding CXX object CMakeFiles/px4_msgs__rosidl_typesupport_fastrtps_cpp.dir/rosidl_typesupport_fastrtps_cpp/px4_msgs/msg/detail/dds_fastrtps/geofence_result__type_support.cpp.o[0m
[86.983s] [ 42%] [32mBuilding CXX object CMakeFiles/px4_msgs__rosidl_typesupport_introspection_cpp.dir/rosidl_typesupport_introspection_cpp/px4_msgs/msg/detail/vehicle_command__type_support.cpp.o[0m
[86.983s] [ 43%] [32mBuilding C object CMakeFiles/px4_msgs__rosidl_typesupport_introspection_c.dir/rosidl_typesupport_introspection_c/px4_msgs/msg/detail/button_event__type_support.c.o[0m
[86.993s] [ 43%] [32mBuilding CXX object CMakeFiles/px4_msgs__rosidl_typesupport_c.dir/rosidl_typesupport_c/px4_msgs/msg/manual_control_setpoint__type_support.cpp.o[0m
[87.024s] [ 43%] [32mBuilding C object CMakeFiles/px4_msgs__rosidl_typesupport_introspection_c.dir/rosidl_typesupport_introspection_c/px4_msgs/msg/detail/camera_capture__type_support.c.o[0m
[87.029s] [ 43%] [32mBuilding CXX object CMakeFiles/px4_msgs__rosidl_typesupport_c.dir/rosidl_typesupport_c/px4_msgs/msg/manual_control_switches__type_support.cpp.o[0m
[87.065s] [ 43%] [32mBuilding CXX object CMakeFiles/px4_msgs__rosidl_typesupport_c.dir/rosidl_typesupport_c/px4_msgs/msg/mavlink_log__type_support.cpp.o[0m
[87.066s] [ 44%] [32mBuilding CXX object CMakeFiles/px4_msgs__rosidl_typesupport_cpp.dir/rosidl_typesupport_cpp/px4_msgs/msg/orb_test__type_support.cpp.o[0m
[87.068s] [ 44%] [32mBuilding C object CMakeFiles/px4_msgs__rosidl_typesupport_introspection_c.dir/rosidl_typesupport_introspection_c/px4_msgs/msg/detail/camera_status__type_support.c.o[0m
[87.103s] [ 44%] [32mBuilding CXX object CMakeFiles/px4_msgs__rosidl_typesupport_c.dir/rosidl_typesupport_c/px4_msgs/msg/mavlink_tunnel__type_support.cpp.o[0m
[87.109s] [ 44%] [32mBuilding C object CMakeFiles/px4_msgs__rosidl_typesupport_introspection_c.dir/rosidl_typesupport_introspection_c/px4_msgs/msg/detail/camera_trigger__type_support.c.o[0m
[87.139s] [ 44%] [32mBuilding CXX object CMakeFiles/px4_msgs__rosidl_typesupport_c.dir/rosidl_typesupport_c/px4_msgs/msg/mission__type_support.cpp.o[0m
[87.149s] [ 44%] [32mBuilding C object CMakeFiles/px4_msgs__rosidl_typesupport_introspection_c.dir/rosidl_typesupport_introspection_c/px4_msgs/msg/detail/cellular_status__type_support.c.o[0m
[87.170s] [ 44%] [32mBuilding CXX object CMakeFiles/px4_msgs__rosidl_typesupport_c.dir/rosidl_typesupport_c/px4_msgs/msg/mission_result__type_support.cpp.o[0m
[87.178s] [ 44%] [32mBuilding CXX object CMakeFiles/px4_msgs__rosidl_typesupport_cpp.dir/rosidl_typesupport_cpp/px4_msgs/msg/orb_test_large__type_support.cpp.o[0m
[87.188s] [ 44%] [32mBuilding C object CMakeFiles/px4_msgs__rosidl_typesupport_introspection_c.dir/rosidl_typesupport_introspection_c/px4_msgs/msg/detail/collision_constraints__type_support.c.o[0m
[87.206s] [ 44%] [32mBuilding CXX object CMakeFiles/px4_msgs__rosidl_typesupport_c.dir/rosidl_typesupport_c/px4_msgs/msg/mode_completed__type_support.cpp.o[0m
[87.232s] [ 44%] [32mBuilding C object CMakeFiles/px4_msgs__rosidl_typesupport_introspection_c.dir/rosidl_typesupport_introspection_c/px4_msgs/msg/detail/collision_report__type_support.c.o[0m
[87.240s] [ 44%] [32mBuilding C object CMakeFiles/px4_msgs__rosidl_typesupport_introspection_c.dir/rosidl_typesupport_introspection_c/px4_msgs/msg/detail/command_values__type_support.c.o[0m
[87.241s] [ 44%] [32mBuilding CXX object CMakeFiles/px4_msgs__rosidl_typesupport_c.dir/rosidl_typesupport_c/px4_msgs/msg/mode_flag__type_support.cpp.o[0m
[87.271s] [ 45%] [32mBuilding CXX object CMakeFiles/px4_msgs__rosidl_typesupport_c.dir/rosidl_typesupport_c/px4_msgs/msg/mount_orientation__type_support.cpp.o[0m
[87.276s] [ 45%] [32mBuilding CXX object CMakeFiles/px4_msgs__rosidl_typesupport_introspection_cpp.dir/rosidl_typesupport_introspection_cpp/px4_msgs/msg/detail/vehicle_command_ack__type_support.cpp.o[0m
[87.276s] [ 45%] [32mBuilding C object CMakeFiles/px4_msgs__rosidl_typesupport_introspection_c.dir/rosidl_typesupport_introspection_c/px4_msgs/msg/detail/control_allocator_status__type_support.c.o[0m
[87.305s] [ 45%] [32mBuilding CXX object CMakeFiles/px4_msgs__rosidl_typesupport_c.dir/rosidl_typesupport_c/px4_msgs/msg/navigator_mission_item__type_support.cpp.o[0m
[87.324s] [ 45%] [32mBuilding C object CMakeFiles/px4_msgs__rosidl_typesupport_introspection_c.dir/rosidl_typesupport_introspection_c/px4_msgs/msg/detail/cpuload__type_support.c.o[0m
[87.343s] [ 45%] [32mBuilding CXX object CMakeFiles/px4_msgs__rosidl_typesupport_c.dir/rosidl_typesupport_c/px4_msgs/msg/normalized_unsigned_setpoint__type_support.cpp.o[0m
[87.364s] [ 45%] [32mBuilding C object CMakeFiles/px4_msgs__rosidl_typesupport_introspection_c.dir/rosidl_typesupport_introspection_c/px4_msgs/msg/detail/debug_array__type_support.c.o[0m
[87.377s] [ 45%] [32mBuilding CXX object CMakeFiles/px4_msgs__rosidl_typesupport_c.dir/rosidl_typesupport_c/px4_msgs/msg/npfg_status__type_support.cpp.o[0m
[87.407s] [ 45%] [32mBuilding C object CMakeFiles/px4_msgs__rosidl_typesupport_introspection_c.dir/rosidl_typesupport_introspection_c/px4_msgs/msg/detail/debug_key_value__type_support.c.o[0m
[87.413s] [ 45%] [32mBuilding CXX object CMakeFiles/px4_msgs__rosidl_typesupport_c.dir/rosidl_typesupport_c/px4_msgs/msg/obstacle_distance__type_support.cpp.o[0m
[87.444s] [ 45%] [32mBuilding CXX object CMakeFiles/px4_msgs__rosidl_typesupport_fastrtps_cpp.dir/rosidl_typesupport_fastrtps_cpp/px4_msgs/msg/detail/dds_fastrtps/gimbal_controls__type_support.cpp.o[0m
[87.450s] [ 45%] [32mBuilding C object CMakeFiles/px4_msgs__rosidl_typesupport_introspection_c.dir/rosidl_typesupport_introspection_c/px4_msgs/msg/detail/debug_value__type_support.c.o[0m
[87.450s] [ 45%] [32mBuilding CXX object CMakeFiles/px4_msgs__rosidl_typesupport_c.dir/rosidl_typesupport_c/px4_msgs/msg/offboard_control_mode__type_support.cpp.o[0m
[87.483s] [ 45%] [32mBuilding CXX object CMakeFiles/px4_msgs__rosidl_typesupport_c.dir/rosidl_typesupport_c/px4_msgs/msg/onboard_computer_status__type_support.cpp.o[0m
[87.486s] [ 45%] [32mBuilding C object CMakeFiles/px4_msgs__rosidl_typesupport_introspection_c.dir/rosidl_typesupport_introspection_c/px4_msgs/msg/detail/debug_vect__type_support.c.o[0m
[87.490s] [ 45%] [32mBuilding CXX object CMakeFiles/px4_msgs__rosidl_typesupport_fastrtps_cpp.dir/rosidl_typesupport_fastrtps_cpp/px4_msgs/msg/detail/dds_fastrtps/gimbal_device_attitude_status__type_support.cpp.o[0m
[87.514s] [ 45%] [32mBuilding CXX object CMakeFiles/px4_msgs__rosidl_typesupport_cpp.dir/rosidl_typesupport_cpp/px4_msgs/msg/orb_test_medium__type_support.cpp.o[0m
[87.520s] [ 45%] [32mBuilding CXX object CMakeFiles/px4_msgs__rosidl_typesupport_c.dir/rosidl_typesupport_c/px4_msgs/msg/orb_test__type_support.cpp.o[0m
[87.526s] [ 45%] [32mBuilding C object CMakeFiles/px4_msgs__rosidl_typesupport_introspection_c.dir/rosidl_typesupport_introspection_c/px4_msgs/msg/detail/differential_pressure__type_support.c.o[0m
[87.555s] [ 45%] [32mBuilding CXX object CMakeFiles/px4_msgs__rosidl_typesupport_c.dir/rosidl_typesupport_c/px4_msgs/msg/orb_test_large__type_support.cpp.o[0m
[87.565s] [ 45%] [32mBuilding C object CMakeFiles/px4_msgs__rosidl_typesupport_introspection_c.dir/rosidl_typesupport_introspection_c/px4_msgs/msg/detail/distance_sensor__type_support.c.o[0m
[87.591s] [ 45%] [32mBuilding CXX object CMakeFiles/px4_msgs__rosidl_typesupport_c.dir/rosidl_typesupport_c/px4_msgs/msg/orb_test_medium__type_support.cpp.o[0m
[87.607s] [ 46%] [32mBuilding C object CMakeFiles/px4_msgs__rosidl_typesupport_introspection_c.dir/rosidl_typesupport_introspection_c/px4_msgs/msg/detail/ekf2_timestamps__type_support.c.o[0m
[87.616s] [ 46%] [32mBuilding CXX object CMakeFiles/px4_msgs__rosidl_typesupport_c.dir/rosidl_typesupport_c/px4_msgs/msg/orbit_status__type_support.cpp.o[0m
[87.635s] [ 46%] [32mBuilding CXX object CMakeFiles/px4_msgs__rosidl_typesupport_fastrtps_cpp.dir/rosidl_typesupport_fastrtps_cpp/px4_msgs/msg/detail/dds_fastrtps/gimbal_device_information__type_support.cpp.o[0m
[87.652s] [ 46%] [32mBuilding C object CMakeFiles/px4_msgs__rosidl_typesupport_introspection_c.dir/rosidl_typesupport_introspection_c/px4_msgs/msg/detail/esc_report__type_support.c.o[0m
[87.652s] [ 46%] [32mBuilding CXX object CMakeFiles/px4_msgs__rosidl_typesupport_c.dir/rosidl_typesupport_c/px4_msgs/msg/output_test__type_support.cpp.o[0m
[87.694s] [ 46%] [32mBuilding C object CMakeFiles/px4_msgs__rosidl_typesupport_introspection_c.dir/rosidl_typesupport_introspection_c/px4_msgs/msg/detail/esc_status__type_support.c.o[0m
[87.707s] [ 46%] [32mBuilding CXX object CMakeFiles/px4_msgs__rosidl_typesupport_c.dir/rosidl_typesupport_c/px4_msgs/msg/parameter_update__type_support.cpp.o[0m
[87.728s] [ 46%] [32mBuilding CXX object CMakeFiles/px4_msgs__rosidl_typesupport_introspection_cpp.dir/rosidl_typesupport_introspection_cpp/px4_msgs/msg/detail/vehicle_constraints__type_support.cpp.o[0m
[87.745s] [ 46%] [32mBuilding CXX object CMakeFiles/px4_msgs__rosidl_typesupport_c.dir/rosidl_typesupport_c/px4_msgs/msg/ping__type_support.cpp.o[0m
[87.770s] [ 46%] [32mBuilding C object CMakeFiles/px4_msgs__rosidl_typesupport_introspection_c.dir/rosidl_typesupport_introspection_c/px4_msgs/msg/detail/estimator_aid_source1d__type_support.c.o[0m
[87.780s] [ 46%] [32mBuilding CXX object CMakeFiles/px4_msgs__rosidl_typesupport_c.dir/rosidl_typesupport_c/px4_msgs/msg/position_controller_landing_status__type_support.cpp.o[0m
[87.817s] [ 46%] [32mBuilding CXX object CMakeFiles/px4_msgs__rosidl_typesupport_c.dir/rosidl_typesupport_c/px4_msgs/msg/position_controller_status__type_support.cpp.o[0m
[87.841s] [ 46%] [32mBuilding C object CMakeFiles/px4_msgs__rosidl_typesupport_introspection_c.dir/rosidl_typesupport_introspection_c/px4_msgs/msg/detail/estimator_aid_source2d__type_support.c.o[0m
[87.857s] [ 47%] [32mBuilding CXX object CMakeFiles/px4_msgs__rosidl_typesupport_c.dir/rosidl_typesupport_c/px4_msgs/msg/position_setpoint__type_support.cpp.o[0m
[87.863s] [ 47%] [32mBuilding CXX object CMakeFiles/px4_msgs__rosidl_typesupport_cpp.dir/rosidl_typesupport_cpp/px4_msgs/msg/orbit_status__type_support.cpp.o[0m
[87.893s] [ 47%] [32mBuilding CXX object CMakeFiles/px4_msgs__rosidl_typesupport_c.dir/rosidl_typesupport_c/px4_msgs/msg/position_setpoint_triplet__type_support.cpp.o[0m
[87.920s] [ 47%] [32mBuilding C object CMakeFiles/px4_msgs__rosidl_typesupport_introspection_c.dir/rosidl_typesupport_introspection_c/px4_msgs/msg/detail/estimator_aid_source3d__type_support.c.o[0m
[87.932s] [ 47%] [32mBuilding CXX object CMakeFiles/px4_msgs__rosidl_typesupport_c.dir/rosidl_typesupport_c/px4_msgs/msg/power_button_state__type_support.cpp.o[0m
[87.933s] [ 47%] [32mBuilding CXX object CMakeFiles/px4_msgs__rosidl_typesupport_cpp.dir/rosidl_typesupport_cpp/px4_msgs/msg/output_test__type_support.cpp.o[0m
[87.970s] [ 47%] [32mBuilding CXX object CMakeFiles/px4_msgs__rosidl_typesupport_c.dir/rosidl_typesupport_c/px4_msgs/msg/power_monitor__type_support.cpp.o[0m
[87.979s] [ 47%] [32mBuilding C object CMakeFiles/px4_msgs__rosidl_typesupport_introspection_c.dir/rosidl_typesupport_introspection_c/px4_msgs/msg/detail/estimator_bias__type_support.c.o[0m
[87.983s] [ 47%] [32mBuilding CXX object CMakeFiles/px4_msgs__rosidl_typesupport_c.dir/rosidl_typesupport_c/px4_msgs/msg/pps_capture__type_support.cpp.o[0m
[87.993s] [ 47%] [32mBuilding CXX object CMakeFiles/px4_msgs__rosidl_typesupport_fastrtps_c.dir/rosidl_typesupport_fastrtps_c/px4_msgs/msg/detail/action_request__type_support_c.cpp.o[0m
[88.008s] [ 47%] [32mBuilding C object CMakeFiles/px4_msgs__rosidl_typesupport_introspection_c.dir/rosidl_typesupport_introspection_c/px4_msgs/msg/detail/estimator_bias3d__type_support.c.o[0m
[88.020s] [ 47%] [32mBuilding CXX object CMakeFiles/px4_msgs__rosidl_typesupport_introspection_cpp.dir/rosidl_typesupport_introspection_cpp/px4_msgs/msg/detail/vehicle_control_mode__type_support.cpp.o[0m
[88.024s] [ 47%] [32mBuilding CXX object CMakeFiles/px4_msgs__rosidl_typesupport_c.dir/rosidl_typesupport_c/px4_msgs/msg/pwm_input__type_support.cpp.o[0m
[88.056s] [ 47%] [32mBuilding CXX object CMakeFiles/px4_msgs__rosidl_typesupport_c.dir/rosidl_typesupport_c/px4_msgs/msg/px4io_status__type_support.cpp.o[0m
[88.057s] [ 47%] [32mBuilding C object CMakeFiles/px4_msgs__rosidl_typesupport_introspection_c.dir/rosidl_typesupport_introspection_c/px4_msgs/msg/detail/estimator_event_flags__type_support.c.o[0m
[88.092s] [ 47%] [32mBuilding CXX object CMakeFiles/px4_msgs__rosidl_typesupport_c.dir/rosidl_typesupport_c/px4_msgs/msg/qshell_req__type_support.cpp.o[0m
[88.097s] [ 47%] [32mBuilding C object CMakeFiles/px4_msgs__rosidl_typesupport_introspection_c.dir/rosidl_typesupport_introspection_c/px4_msgs/msg/detail/estimator_gps_status__type_support.c.o[0m
[88.125s] [ 47%] [32mBuilding CXX object CMakeFiles/px4_msgs__rosidl_typesupport_fastrtps_cpp.dir/rosidl_typesupport_fastrtps_cpp/px4_msgs/msg/detail/dds_fastrtps/gimbal_device_set_attitude__type_support.cpp.o[0m
[88.129s] [ 47%] [32mBuilding CXX object CMakeFiles/px4_msgs__rosidl_typesupport_c.dir/rosidl_typesupport_c/px4_msgs/msg/qshell_retval__type_support.cpp.o[0m
[88.137s] [ 47%] [32mBuilding C object CMakeFiles/px4_msgs__rosidl_typesupport_introspection_c.dir/rosidl_typesupport_introspection_c/px4_msgs/msg/detail/estimator_innovations__type_support.c.o[0m
[88.163s] [ 47%] [32mBuilding CXX object CMakeFiles/px4_msgs__rosidl_typesupport_c.dir/rosidl_typesupport_c/px4_msgs/msg/radio_status__type_support.cpp.o[0m
[88.183s] [ 47%] [32mBuilding CXX object CMakeFiles/px4_msgs__rosidl_typesupport_fastrtps_c.dir/rosidl_typesupport_fastrtps_c/px4_msgs/msg/detail/actuator_armed__type_support_c.cpp.o[0m
[88.200s] [ 47%] [32mBuilding C object CMakeFiles/px4_msgs__rosidl_typesupport_introspection_c.dir/rosidl_typesupport_introspection_c/px4_msgs/msg/detail/estimator_selector_status__type_support.c.o[0m
[88.201s] [ 47%] [32mBuilding CXX object CMakeFiles/px4_msgs__rosidl_typesupport_c.dir/rosidl_typesupport_c/px4_msgs/msg/rate_ctrl_status__type_support.cpp.o[0m
[88.211s] [ 47%] [32mBuilding CXX object CMakeFiles/px4_msgs__rosidl_typesupport_fastrtps_c.dir/rosidl_typesupport_fastrtps_c/px4_msgs/msg/detail/actuator_command__type_support_c.cpp.o[0m
[88.235s] [ 47%] [32mBuilding CXX object CMakeFiles/px4_msgs__rosidl_typesupport_c.dir/rosidl_typesupport_c/px4_msgs/msg/rc_channels__type_support.cpp.o[0m
[88.249s] [ 47%] [32mBuilding C object CMakeFiles/px4_msgs__rosidl_typesupport_introspection_c.dir/rosidl_typesupport_introspection_c/px4_msgs/msg/detail/estimator_sensor_bias__type_support.c.o[0m
[88.257s] [ 47%] [32mBuilding CXX object CMakeFiles/px4_msgs__rosidl_typesupport_cpp.dir/rosidl_typesupport_cpp/px4_msgs/msg/parameter_update__type_support.cpp.o[0m
[88.271s] [ 47%] [32mBuilding CXX object CMakeFiles/px4_msgs__rosidl_typesupport_c.dir/rosidl_typesupport_c/px4_msgs/msg/rc_parameter_map__type_support.cpp.o[0m
[88.302s] [ 47%] [32mBuilding C object CMakeFiles/px4_msgs__rosidl_typesupport_introspection_c.dir/rosidl_typesupport_introspection_c/px4_msgs/msg/detail/estimator_states__type_support.c.o[0m
[88.307s] [ 47%] [32mBuilding CXX object CMakeFiles/px4_msgs__rosidl_typesupport_c.dir/rosidl_typesupport_c/px4_msgs/msg/rpm__type_support.cpp.o[0m
[88.343s] [ 47%] [32mBuilding CXX object CMakeFiles/px4_msgs__rosidl_typesupport_c.dir/rosidl_typesupport_c/px4_msgs/msg/rtl_time_estimate__type_support.cpp.o[0m
[88.346s] [ 47%] [32mBuilding C object CMakeFiles/px4_msgs__rosidl_typesupport_introspection_c.dir/rosidl_typesupport_introspection_c/px4_msgs/msg/detail/estimator_status__type_support.c.o[0m
[88.380s] [ 48%] [32mBuilding CXX object CMakeFiles/px4_msgs__rosidl_typesupport_c.dir/rosidl_typesupport_c/px4_msgs/msg/satellite_info__type_support.cpp.o[0m
[88.404s] [ 49%] [32mBuilding C object CMakeFiles/px4_msgs__rosidl_typesupport_introspection_c.dir/rosidl_typesupport_introspection_c/px4_msgs/msg/detail/estimator_status_flags__type_support.c.o[0m
[88.417s] [ 49%] [32mBuilding CXX object CMakeFiles/px4_msgs__rosidl_typesupport_c.dir/rosidl_typesupport_c/px4_msgs/msg/sensor_accel__type_support.cpp.o[0m
[88.458s] [ 49%] [32mBuilding CXX object CMakeFiles/px4_msgs__rosidl_typesupport_c.dir/rosidl_typesupport_c/px4_msgs/msg/sensor_accel_fifo__type_support.cpp.o[0m
[88.478s] [ 49%] [32mBuilding CXX object CMakeFiles/px4_msgs__rosidl_typesupport_introspection_cpp.dir/rosidl_typesupport_introspection_cpp/px4_msgs/msg/detail/vehicle_global_position__type_support.cpp.o[0m
[88.483s] [ 49%] [32mBuilding C object CMakeFiles/px4_msgs__rosidl_typesupport_introspection_c.dir/rosidl_typesupport_introspection_c/px4_msgs/msg/detail/event__type_support.c.o[0m
[88.492s] [ 49%] [32mBuilding CXX object CMakeFiles/px4_msgs__rosidl_typesupport_c.dir/rosidl_typesupport_c/px4_msgs/msg/sensor_baro__type_support.cpp.o[0m
[88.530s] [ 49%] [32mBuilding CXX object CMakeFiles/px4_msgs__rosidl_typesupport_c.dir/rosidl_typesupport_c/px4_msgs/msg/sensor_combined__type_support.cpp.o[0m
[88.554s] [ 49%] [32mBuilding C object CMakeFiles/px4_msgs__rosidl_typesupport_introspection_c.dir/rosidl_typesupport_introspection_c/px4_msgs/msg/detail/failsafe_flags__type_support.c.o[0m
[88.559s] [ 49%] [32mBuilding CXX object CMakeFiles/px4_msgs__rosidl_typesupport_fastrtps_cpp.dir/rosidl_typesupport_fastrtps_cpp/px4_msgs/msg/detail/dds_fastrtps/gimbal_manager_information__type_support.cpp.o[0m
[88.567s] [ 49%] [32mBuilding CXX object CMakeFiles/px4_msgs__rosidl_typesupport_c.dir/rosidl_typesupport_c/px4_msgs/msg/sensor_correction__type_support.cpp.o[0m
[88.582s] [ 49%] [32mBuilding CXX object CMakeFiles/px4_msgs__rosidl_typesupport_cpp.dir/rosidl_typesupport_cpp/px4_msgs/msg/ping__type_support.cpp.o[0m
[88.595s] [ 49%] [32mBuilding C object CMakeFiles/px4_msgs__rosidl_typesupport_introspection_c.dir/rosidl_typesupport_introspection_c/px4_msgs/msg/detail/failure_detector_status__type_support.c.o[0m
[88.603s] [ 49%] [32mBuilding CXX object CMakeFiles/px4_msgs__rosidl_typesupport_c.dir/rosidl_typesupport_c/px4_msgs/msg/sensor_gnss_relative__type_support.cpp.o[0m
[88.617s] [ 49%] [32mBuilding CXX object CMakeFiles/px4_msgs__rosidl_typesupport_introspection_cpp.dir/rosidl_typesupport_introspection_cpp/px4_msgs/msg/detail/vehicle_imu__type_support.cpp.o[0m
[88.618s] [ 49%] [32mBuilding CXX object CMakeFiles/px4_msgs__rosidl_typesupport_fastrtps_c.dir/rosidl_typesupport_fastrtps_c/px4_msgs/msg/detail/actuator_controls_status__type_support_c.cpp.o[0m
[88.635s] [ 49%] [32mBuilding C object CMakeFiles/px4_msgs__rosidl_typesupport_introspection_c.dir/rosidl_typesupport_introspection_c/px4_msgs/msg/detail/follow_target__type_support.c.o[0m
[88.640s] [ 49%] [32mBuilding CXX object CMakeFiles/px4_msgs__rosidl_typesupport_c.dir/rosidl_typesupport_c/px4_msgs/msg/sensor_gps__type_support.cpp.o[0m
[88.648s] [ 49%] [32mBuilding CXX object CMakeFiles/px4_msgs__rosidl_typesupport_c.dir/rosidl_typesupport_c/px4_msgs/msg/sensor_gyro__type_support.cpp.o[0m
[88.674s] [ 49%] [32mBuilding CXX object CMakeFiles/px4_msgs__rosidl_typesupport_introspection_cpp.dir/rosidl_typesupport_introspection_cpp/px4_msgs/msg/detail/vehicle_imu_status__type_support.cpp.o[0m
[88.679s] [ 49%] [32mBuilding C object CMakeFiles/px4_msgs__rosidl_typesupport_introspection_c.dir/rosidl_typesupport_introspection_c/px4_msgs/msg/detail/follow_target_estimator__type_support.c.o[0m
[88.684s] [ 49%] [32mBuilding CXX object CMakeFiles/px4_msgs__rosidl_typesupport_c.dir/rosidl_typesupport_c/px4_msgs/msg/sensor_gyro_fft__type_support.cpp.o[0m
[88.721s] [ 49%] [32mBuilding CXX object CMakeFiles/px4_msgs__rosidl_typesupport_c.dir/rosidl_typesupport_c/px4_msgs/msg/sensor_gyro_fifo__type_support.cpp.o[0m
[88.728s] [ 49%] [32mBuilding C object CMakeFiles/px4_msgs__rosidl_typesupport_introspection_c.dir/rosidl_typesupport_introspection_c/px4_msgs/msg/detail/follow_target_status__type_support.c.o[0m
[88.759s] [ 49%] [32mBuilding CXX object CMakeFiles/px4_msgs__rosidl_typesupport_c.dir/rosidl_typesupport_c/px4_msgs/msg/sensor_hygrometer__type_support.cpp.o[0m
[88.777s] [ 49%] [32mBuilding C object CMakeFiles/px4_msgs__rosidl_typesupport_introspection_c.dir/rosidl_typesupport_introspection_c/px4_msgs/msg/detail/generator_status__type_support.c.o[0m
[88.799s] [ 49%] [32mBuilding CXX object CMakeFiles/px4_msgs__rosidl_typesupport_c.dir/rosidl_typesupport_c/px4_msgs/msg/sensor_mag__type_support.cpp.o[0m
[88.819s] [ 49%] [32mBuilding C object CMakeFiles/px4_msgs__rosidl_typesupport_introspection_c.dir/rosidl_typesupport_introspection_c/px4_msgs/msg/detail/geofence_result__type_support.c.o[0m
[88.838s] [ 49%] [32mBuilding CXX object CMakeFiles/px4_msgs__rosidl_typesupport_c.dir/rosidl_typesupport_c/px4_msgs/msg/sensor_optical_flow__type_support.cpp.o[0m
[88.864s] [ 49%] [32mBuilding C object CMakeFiles/px4_msgs__rosidl_typesupport_introspection_c.dir/rosidl_typesupport_introspection_c/px4_msgs/msg/detail/gimbal_controls__type_support.c.o[0m
[88.876s] [ 49%] [32mBuilding CXX object CMakeFiles/px4_msgs__rosidl_typesupport_c.dir/rosidl_typesupport_c/px4_msgs/msg/sensor_preflight_mag__type_support.cpp.o[0m
[88.905s] [ 49%] [32mBuilding CXX object CMakeFiles/px4_msgs__rosidl_typesupport_cpp.dir/rosidl_typesupport_cpp/px4_msgs/msg/position_controller_landing_status__type_support.cpp.o[0m
[88.908s] [ 49%] [32mBuilding C object CMakeFiles/px4_msgs__rosidl_typesupport_introspection_c.dir/rosidl_typesupport_introspection_c/px4_msgs/msg/detail/gimbal_device_attitude_status__type_support.c.o[0m
[88.918s] [ 49%] [32mBuilding CXX object CMakeFiles/px4_msgs__rosidl_typesupport_c.dir/rosidl_typesupport_c/px4_msgs/msg/sensor_selection__type_support.cpp.o[0m
[88.942s] [ 49%] [32mBuilding CXX object CMakeFiles/px4_msgs__rosidl_typesupport_fastrtps_c.dir/rosidl_typesupport_fastrtps_c/px4_msgs/msg/detail/actuator_motors__type_support_c.cpp.o[0m
[88.956s] [ 50%] [32mBuilding C object CMakeFiles/px4_msgs__rosidl_typesupport_introspection_c.dir/rosidl_typesupport_introspection_c/px4_msgs/msg/detail/gimbal_device_information__type_support.c.o[0m
[88.959s] [ 50%] [32mBuilding CXX object CMakeFiles/px4_msgs__rosidl_typesupport_c.dir/rosidl_typesupport_c/px4_msgs/msg/sensor_uwb__type_support.cpp.o[0m
[88.993s] [ 50%] [32mBuilding CXX object CMakeFiles/px4_msgs__rosidl_typesupport_c.dir/rosidl_typesupport_c/px4_msgs/msg/sensors_status__type_support.cpp.o[0m
[89.009s] [ 50%] [32mBuilding C object CMakeFiles/px4_msgs__rosidl_typesupport_introspection_c.dir/rosidl_typesupport_introspection_c/px4_msgs/msg/detail/gimbal_device_set_attitude__type_support.c.o[0m
[89.034s] [ 50%] [32mBuilding CXX object CMakeFiles/px4_msgs__rosidl_typesupport_c.dir/rosidl_typesupport_c/px4_msgs/msg/sensors_status_imu__type_support.cpp.o[0m
[89.043s] [ 50%] [32mBuilding CXX object CMakeFiles/px4_msgs__rosidl_typesupport_fastrtps_cpp.dir/rosidl_typesupport_fastrtps_cpp/px4_msgs/msg/detail/dds_fastrtps/gimbal_manager_set_attitude__type_support.cpp.o[0m
[89.055s] [ 50%] [32mBuilding C object CMakeFiles/px4_msgs__rosidl_typesupport_introspection_c.dir/rosidl_typesupport_introspection_c/px4_msgs/msg/detail/gimbal_manager_information__type_support.c.o[0m
[89.071s] [ 50%] [32mBuilding CXX object CMakeFiles/px4_msgs__rosidl_typesupport_c.dir/rosidl_typesupport_c/px4_msgs/msg/simulink_custom_message__type_support.cpp.o[0m
[89.099s] [ 50%] [32mBuilding CXX object CMakeFiles/px4_msgs__rosidl_typesupport_c.dir/rosidl_typesupport_c/px4_msgs/msg/states_and_actuators__type_support.cpp.o[0m
[89.099s] [ 50%] [32mBuilding C object CMakeFiles/px4_msgs__rosidl_typesupport_introspection_c.dir/rosidl_typesupport_introspection_c/px4_msgs/msg/detail/gimbal_manager_set_attitude__type_support.c.o[0m
[89.111s] [ 50%] [32mBuilding CXX object CMakeFiles/px4_msgs__rosidl_typesupport_introspection_cpp.dir/rosidl_typesupport_introspection_cpp/px4_msgs/msg/detail/vehicle_land_detected__type_support.cpp.o[0m
[89.134s] [ 50%] [32mBuilding CXX object CMakeFiles/px4_msgs__rosidl_typesupport_c.dir/rosidl_typesupport_c/px4_msgs/msg/system_power__type_support.cpp.o[0m
[89.145s] [ 50%] [32mBuilding C object CMakeFiles/px4_msgs__rosidl_typesupport_introspection_c.dir/rosidl_typesupport_introspection_c/px4_msgs/msg/detail/gimbal_manager_set_manual_control__type_support.c.o[0m
[89.152s] [ 50%] [32mBuilding CXX object CMakeFiles/px4_msgs__rosidl_typesupport_fastrtps_cpp.dir/rosidl_typesupport_fastrtps_cpp/px4_msgs/msg/detail/dds_fastrtps/gimbal_manager_set_manual_control__type_support.cpp.o[0m
[89.174s] [ 50%] [32mBuilding CXX object CMakeFiles/px4_msgs__rosidl_typesupport_c.dir/rosidl_typesupport_c/px4_msgs/msg/takeoff_status__type_support.cpp.o[0m
[89.183s] [ 51%] [32mBuilding C object CMakeFiles/px4_msgs__rosidl_typesupport_introspection_c.dir/rosidl_typesupport_introspection_c/px4_msgs/msg/detail/gimbal_manager_status__type_support.c.o[0m
[89.207s] [ 51%] [32mBuilding CXX object CMakeFiles/px4_msgs__rosidl_typesupport_c.dir/rosidl_typesupport_c/px4_msgs/msg/task_stack_info__type_support.cpp.o[0m
[89.226s] [ 51%] [32mBuilding C object CMakeFiles/px4_msgs__rosidl_typesupport_introspection_c.dir/rosidl_typesupport_introspection_c/px4_msgs/msg/detail/gps_dump__type_support.c.o[0m
[89.226s] [ 51%] [32mBuilding CXX object CMakeFiles/px4_msgs__rosidl_typesupport_cpp.dir/rosidl_typesupport_cpp/px4_msgs/msg/position_controller_status__type_support.cpp.o[0m
[89.243s] [ 51%] [32mBuilding CXX object CMakeFiles/px4_msgs__rosidl_typesupport_c.dir/rosidl_typesupport_c/px4_msgs/msg/tecs_status__type_support.cpp.o[0m
[89.254s] [ 51%] [32mBuilding CXX object CMakeFiles/px4_msgs__rosidl_typesupport_cpp.dir/rosidl_typesupport_cpp/px4_msgs/msg/position_setpoint__type_support.cpp.o[0m
[89.267s] [ 51%] [32mBuilding C object CMakeFiles/px4_msgs__rosidl_typesupport_introspection_c.dir/rosidl_typesupport_introspection_c/px4_msgs/msg/detail/gps_inject_data__type_support.c.o[0m
[89.306s] [ 51%] [32mBuilding CXX object CMakeFiles/px4_msgs__rosidl_typesupport_c.dir/rosidl_typesupport_c/px4_msgs/msg/telemetry_status__type_support.cpp.o[0m
[89.306s] [ 51%] [32mBuilding C object CMakeFiles/px4_msgs__rosidl_typesupport_introspection_c.dir/rosidl_typesupport_introspection_c/px4_msgs/msg/detail/gripper__type_support.c.o[0m
[89.347s] [ 51%] [32mBuilding C object CMakeFiles/px4_msgs__rosidl_typesupport_introspection_c.dir/rosidl_typesupport_introspection_c/px4_msgs/msg/detail/health_report__type_support.c.o[0m
[89.351s] [ 51%] [32mBuilding CXX object CMakeFiles/px4_msgs__rosidl_typesupport_fastrtps_c.dir/rosidl_typesupport_fastrtps_c/px4_msgs/msg/detail/actuator_outputs__type_support_c.cpp.o[0m
[89.369s] [ 51%] [32mBuilding CXX object CMakeFiles/px4_msgs__rosidl_typesupport_c.dir/rosidl_typesupport_c/px4_msgs/msg/tiltrotor_extra_controls__type_support.cpp.o[0m
[89.390s] [ 51%] [32mBuilding C object CMakeFiles/px4_msgs__rosidl_typesupport_introspection_c.dir/rosidl_typesupport_introspection_c/px4_msgs/msg/detail/heater_status__type_support.c.o[0m
[89.428s] [ 51%] [32mBuilding CXX object CMakeFiles/px4_msgs__rosidl_typesupport_c.dir/rosidl_typesupport_c/px4_msgs/msg/timesync_status__type_support.cpp.o[0m
[89.432s] [ 51%] [32mBuilding C object CMakeFiles/px4_msgs__rosidl_typesupport_introspection_c.dir/rosidl_typesupport_introspection_c/px4_msgs/msg/detail/home_position__type_support.c.o[0m
[89.474s] [ 51%] [32mBuilding C object CMakeFiles/px4_msgs__rosidl_typesupport_introspection_c.dir/rosidl_typesupport_introspection_c/px4_msgs/msg/detail/hover_thrust_estimate__type_support.c.o[0m
[89.486s] [ 51%] [32mBuilding CXX object CMakeFiles/px4_msgs__rosidl_typesupport_c.dir/rosidl_typesupport_c/px4_msgs/msg/trajectory_bezier__type_support.cpp.o[0m
[89.526s] [ 51%] [32mBuilding CXX object CMakeFiles/px4_msgs__rosidl_typesupport_c.dir/rosidl_typesupport_c/px4_msgs/msg/trajectory_setpoint__type_support.cpp.o[0m
[89.540s] [ 51%] [32mBuilding CXX object CMakeFiles/px4_msgs__rosidl_typesupport_c.dir/rosidl_typesupport_c/px4_msgs/msg/trajectory_waypoint__type_support.cpp.o[0m
[89.544s] [ 51%] [32mBuilding C object CMakeFiles/px4_msgs__rosidl_typesupport_introspection_c.dir/rosidl_typesupport_introspection_c/px4_msgs/msg/detail/input_rc__type_support.c.o[0m
[89.553s] [ 51%] [32mBuilding CXX object CMakeFiles/px4_msgs__rosidl_typesupport_introspection_cpp.dir/rosidl_typesupport_introspection_cpp/px4_msgs/msg/detail/vehicle_local_position__type_support.cpp.o[0m
[89.562s] [ 51%] [32mBuilding C object CMakeFiles/px4_msgs__rosidl_typesupport_introspection_c.dir/rosidl_typesupport_introspection_c/px4_msgs/msg/detail/input_tau__type_support.c.o[0m
[89.565s] [ 51%] [32mBuilding CXX object CMakeFiles/px4_msgs__rosidl_typesupport_cpp.dir/rosidl_typesupport_cpp/px4_msgs/msg/position_setpoint_triplet__type_support.cpp.o[0m
[89.577s] [ 52%] [32mBuilding CXX object CMakeFiles/px4_msgs__rosidl_typesupport_c.dir/rosidl_typesupport_c/px4_msgs/msg/transponder_report__type_support.cpp.o[0m
[89.601s] [ 52%] [32mBuilding CXX object CMakeFiles/px4_msgs__rosidl_typesupport_fastrtps_c.dir/rosidl_typesupport_fastrtps_c/px4_msgs/msg/detail/actuator_servos__type_support_c.cpp.o[0m
[89.614s] [ 52%] [32mBuilding CXX object CMakeFiles/px4_msgs__rosidl_typesupport_fastrtps_cpp.dir/rosidl_typesupport_fastrtps_cpp/px4_msgs/msg/detail/dds_fastrtps/gimbal_manager_status__type_support.cpp.o[0m
[89.614s] [ 52%] [32mBuilding C object CMakeFiles/px4_msgs__rosidl_typesupport_introspection_c.dir/rosidl_typesupport_introspection_c/px4_msgs/msg/detail/internal_combustion_engine_status__type_support.c.o[0m
[89.614s] [ 52%] [32mBuilding CXX object CMakeFiles/px4_msgs__rosidl_typesupport_c.dir/rosidl_typesupport_c/px4_msgs/msg/tune_control__type_support.cpp.o[0m
[89.639s] [ 52%] [32mBuilding CXX object CMakeFiles/px4_msgs__rosidl_typesupport_fastrtps_c.dir/rosidl_typesupport_fastrtps_c/px4_msgs/msg/detail/actuator_servos_trim__type_support_c.cpp.o[0m
[89.649s] [ 52%] [32mBuilding CXX object CMakeFiles/px4_msgs__rosidl_typesupport_c.dir/rosidl_typesupport_c/px4_msgs/msg/uavcan_parameter_request__type_support.cpp.o[0m
[89.656s] [ 52%] [32mBuilding C object CMakeFiles/px4_msgs__rosidl_typesupport_introspection_c.dir/rosidl_typesupport_introspection_c/px4_msgs/msg/detail/iridiumsbd_status__type_support.c.o[0m
[89.687s] [ 52%] [32mBuilding CXX object CMakeFiles/px4_msgs__rosidl_typesupport_c.dir/rosidl_typesupport_c/px4_msgs/msg/uavcan_parameter_value__type_support.cpp.o[0m
[89.698s] [ 52%] [32mBuilding C object CMakeFiles/px4_msgs__rosidl_typesupport_introspection_c.dir/rosidl_typesupport_introspection_c/px4_msgs/msg/detail/irlock_report__type_support.c.o[0m
[89.726s] [ 52%] [32mBuilding CXX object CMakeFiles/px4_msgs__rosidl_typesupport_c.dir/rosidl_typesupport_c/px4_msgs/msg/ulog_stream__type_support.cpp.o[0m
[89.741s] [ 52%] [32mBuilding C object CMakeFiles/px4_msgs__rosidl_typesupport_introspection_c.dir/rosidl_typesupport_introspection_c/px4_msgs/msg/detail/landing_gear__type_support.c.o[0m
[89.757s] [ 52%] [32mBuilding CXX object CMakeFiles/px4_msgs__rosidl_typesupport_fastrtps_cpp.dir/rosidl_typesupport_fastrtps_cpp/px4_msgs/msg/detail/dds_fastrtps/gps_dump__type_support.cpp.o[0m
[89.765s] [ 52%] [32mBuilding CXX object CMakeFiles/px4_msgs__rosidl_typesupport_c.dir/rosidl_typesupport_c/px4_msgs/msg/ulog_stream_ack__type_support.cpp.o[0m
[89.783s] [ 52%] [32mBuilding C object CMakeFiles/px4_msgs__rosidl_typesupport_introspection_c.dir/rosidl_typesupport_introspection_c/px4_msgs/msg/detail/landing_gear_wheel__type_support.c.o[0m
[89.803s] [ 52%] [32mBuilding CXX object CMakeFiles/px4_msgs__rosidl_typesupport_c.dir/rosidl_typesupport_c/px4_msgs/msg/vehicle_acceleration__type_support.cpp.o[0m
[89.825s] [ 53%] [32mBuilding C object CMakeFiles/px4_msgs__rosidl_typesupport_introspection_c.dir/rosidl_typesupport_introspection_c/px4_msgs/msg/detail/landing_target_innovations__type_support.c.o[0m
[89.841s] [ 53%] [32mBuilding CXX object CMakeFiles/px4_msgs__rosidl_typesupport_c.dir/rosidl_typesupport_c/px4_msgs/msg/vehicle_air_data__type_support.cpp.o[0m
[89.870s] [ 53%] [32mBuilding C object CMakeFiles/px4_msgs__rosidl_typesupport_introspection_c.dir/rosidl_typesupport_introspection_c/px4_msgs/msg/detail/landing_target_pose__type_support.c.o[0m
[89.878s] [ 53%] [32mBuilding CXX object CMakeFiles/px4_msgs__rosidl_typesupport_c.dir/rosidl_typesupport_c/px4_msgs/msg/vehicle_angular_acceleration_setpoint__type_support.cpp.o[0m
[89.880s] [ 53%] [32mBuilding CXX object CMakeFiles/px4_msgs__rosidl_typesupport_cpp.dir/rosidl_typesupport_cpp/px4_msgs/msg/power_button_state__type_support.cpp.o[0m
[89.913s] [ 53%] [32mBuilding C object CMakeFiles/px4_msgs__rosidl_typesupport_introspection_c.dir/rosidl_typesupport_introspection_c/px4_msgs/msg/detail/launch_detection_status__type_support.c.o[0m
[89.913s] [ 53%] [32mBuilding CXX object CMakeFiles/px4_msgs__rosidl_typesupport_c.dir/rosidl_typesupport_c/px4_msgs/msg/vehicle_angular_velocity__type_support.cpp.o[0m
[89.951s] [ 53%] [32mBuilding CXX object CMakeFiles/px4_msgs__rosidl_typesupport_c.dir/rosidl_typesupport_c/px4_msgs/msg/vehicle_attitude__type_support.cpp.o[0m
[89.954s] [ 53%] [32mBuilding C object CMakeFiles/px4_msgs__rosidl_typesupport_introspection_c.dir/rosidl_typesupport_introspection_c/px4_msgs/msg/detail/led_control__type_support.c.o[0m
[89.989s] [ 53%] [32mBuilding CXX object CMakeFiles/px4_msgs__rosidl_typesupport_c.dir/rosidl_typesupport_c/px4_msgs/msg/vehicle_attitude_setpoint__type_support.cpp.o[0m
[89.999s] [ 53%] [32mBuilding C object CMakeFiles/px4_msgs__rosidl_typesupport_introspection_c.dir/rosidl_typesupport_introspection_c/px4_msgs/msg/detail/log_message__type_support.c.o[0m
[90.023s] [ 53%] [32mBuilding CXX object CMakeFiles/px4_msgs__rosidl_typesupport_c.dir/rosidl_typesupport_c/px4_msgs/msg/vehicle_command__type_support.cpp.o[0m
[90.027s] [ 53%] [32mBuilding CXX object CMakeFiles/px4_msgs__rosidl_typesupport_cpp.dir/rosidl_typesupport_cpp/px4_msgs/msg/power_monitor__type_support.cpp.o[0m
[90.029s] [ 53%] [32mBuilding CXX object CMakeFiles/px4_msgs__rosidl_typesupport_introspection_cpp.dir/rosidl_typesupport_introspection_cpp/px4_msgs/msg/detail/vehicle_local_position_setpoint__type_support.cpp.o[0m
[90.040s] [ 53%] [32mBuilding C object CMakeFiles/px4_msgs__rosidl_typesupport_introspection_c.dir/rosidl_typesupport_introspection_c/px4_msgs/msg/detail/logger_status__type_support.c.o[0m
[90.041s] [ 53%] [32mBuilding CXX object CMakeFiles/px4_msgs__rosidl_typesupport_fastrtps_c.dir/rosidl_typesupport_fastrtps_c/px4_msgs/msg/detail/actuator_test__type_support_c.cpp.o[0m
[90.062s] [ 53%] [32mBuilding CXX object CMakeFiles/px4_msgs__rosidl_typesupport_c.dir/rosidl_typesupport_c/px4_msgs/msg/vehicle_command_ack__type_support.cpp.o[0m
[90.083s] [ 53%] [32mBuilding C object CMakeFiles/px4_msgs__rosidl_typesupport_introspection_c.dir/rosidl_typesupport_introspection_c/px4_msgs/msg/detail/mag_worker_data__type_support.c.o[0m
[90.100s] [ 53%] [32mBuilding CXX object CMakeFiles/px4_msgs__rosidl_typesupport_c.dir/rosidl_typesupport_c/px4_msgs/msg/vehicle_constraints__type_support.cpp.o[0m
[90.139s] [ 53%] [32mBuilding CXX object CMakeFiles/px4_msgs__rosidl_typesupport_c.dir/rosidl_typesupport_c/px4_msgs/msg/vehicle_control_mode__type_support.cpp.o[0m
[90.141s] [ 53%] [32mBuilding C object CMakeFiles/px4_msgs__rosidl_typesupport_introspection_c.dir/rosidl_typesupport_introspection_c/px4_msgs/msg/detail/magnetometer_bias_estimate__type_support.c.o[0m
[90.176s] [ 54%] [32mBuilding CXX object CMakeFiles/px4_msgs__rosidl_typesupport_c.dir/rosidl_typesupport_c/px4_msgs/msg/vehicle_global_position__type_support.cpp.o[0m
[90.195s] [ 54%] [32mBuilding C object CMakeFiles/px4_msgs__rosidl_typesupport_introspection_c.dir/rosidl_typesupport_introspection_c/px4_msgs/msg/detail/manual_control_setpoint__type_support.c.o[0m
[90.195s] [ 54%] [32mBuilding CXX object CMakeFiles/px4_msgs__rosidl_typesupport_fastrtps_cpp.dir/rosidl_typesupport_fastrtps_cpp/px4_msgs/msg/detail/dds_fastrtps/gps_inject_data__type_support.cpp.o[0m
[90.216s] [ 54%] [32mBuilding CXX object CMakeFiles/px4_msgs__rosidl_typesupport_c.dir/rosidl_typesupport_c/px4_msgs/msg/vehicle_imu__type_support.cpp.o[0m
[90.232s] [ 54%] [32mBuilding C object CMakeFiles/px4_msgs__rosidl_typesupport_introspection_c.dir/rosidl_typesupport_introspection_c/px4_msgs/msg/detail/manual_control_switches__type_support.c.o[0m
[90.241s] [ 54%] [32mBuilding CXX object CMakeFiles/px4_msgs__rosidl_typesupport_fastrtps_c.dir/rosidl_typesupport_fastrtps_c/px4_msgs/msg/detail/adc_report__type_support_c.cpp.o[0m
[90.252s] [ 54%] [32mBuilding CXX object CMakeFiles/px4_msgs__rosidl_typesupport_c.dir/rosidl_typesupport_c/px4_msgs/msg/vehicle_imu_status__type_support.cpp.o[0m
[90.278s] [ 54%] [32mBuilding C object CMakeFiles/px4_msgs__rosidl_typesupport_introspection_c.dir/rosidl_typesupport_introspection_c/px4_msgs/msg/detail/mavlink_log__type_support.c.o[0m
[90.292s] [ 54%] [32mBuilding CXX object CMakeFiles/px4_msgs__rosidl_typesupport_c.dir/rosidl_typesupport_c/px4_msgs/msg/vehicle_land_detected__type_support.cpp.o[0m
[90.321s] [ 54%] [32mBuilding C object CMakeFiles/px4_msgs__rosidl_typesupport_introspection_c.dir/rosidl_typesupport_introspection_c/px4_msgs/msg/detail/mavlink_tunnel__type_support.c.o[0m
[90.328s] [ 54%] [32mBuilding CXX object CMakeFiles/px4_msgs__rosidl_typesupport_c.dir/rosidl_typesupport_c/px4_msgs/msg/vehicle_local_position__type_support.cpp.o[0m
[90.344s] [ 54%] [32mBuilding CXX object CMakeFiles/px4_msgs__rosidl_typesupport_cpp.dir/rosidl_typesupport_cpp/px4_msgs/msg/pps_capture__type_support.cpp.o[0m
[90.363s] [ 54%] [32mBuilding C object CMakeFiles/px4_msgs__rosidl_typesupport_introspection_c.dir/rosidl_typesupport_introspection_c/px4_msgs/msg/detail/mission__type_support.c.o[0m
[90.365s] [ 54%] [32mBuilding CXX object CMakeFiles/px4_msgs__rosidl_typesupport_c.dir/rosidl_typesupport_c/px4_msgs/msg/vehicle_local_position_setpoint__type_support.cpp.o[0m
[90.403s] [ 54%] [32mBuilding C object CMakeFiles/px4_msgs__rosidl_typesupport_introspection_c.dir/rosidl_typesupport_introspection_c/px4_msgs/msg/detail/mission_result__type_support.c.o[0m
[90.403s] [ 54%] [32mBuilding CXX object CMakeFiles/px4_msgs__rosidl_typesupport_c.dir/rosidl_typesupport_c/px4_msgs/msg/vehicle_magnetometer__type_support.cpp.o[0m
[90.440s] [ 54%] [32mBuilding CXX object CMakeFiles/px4_msgs__rosidl_typesupport_introspection_cpp.dir/rosidl_typesupport_introspection_cpp/px4_msgs/msg/detail/vehicle_magnetometer__type_support.cpp.o[0m
[90.440s] [ 54%] [32mBuilding CXX object CMakeFiles/px4_msgs__rosidl_typesupport_c.dir/rosidl_typesupport_c/px4_msgs/msg/vehicle_odometry__type_support.cpp.o[0m
[90.445s] [ 54%] [32mBuilding C object CMakeFiles/px4_msgs__rosidl_typesupport_introspection_c.dir/rosidl_typesupport_introspection_c/px4_msgs/msg/detail/mode_completed__type_support.c.o[0m
[90.478s] [ 54%] [32mBuilding CXX object CMakeFiles/px4_msgs__rosidl_typesupport_c.dir/rosidl_typesupport_c/px4_msgs/msg/vehicle_optical_flow__type_support.cpp.o[0m
[90.487s] [ 54%] [32mBuilding C object CMakeFiles/px4_msgs__rosidl_typesupport_introspection_c.dir/rosidl_typesupport_introspection_c/px4_msgs/msg/detail/mode_flag__type_support.c.o[0m
[90.494s] [ 54%] [32mBuilding CXX object CMakeFiles/px4_msgs__rosidl_typesupport_c.dir/rosidl_typesupport_c/px4_msgs/msg/vehicle_optical_flow_vel__type_support.cpp.o[0m
[90.501s] [ 54%] [32mBuilding CXX object CMakeFiles/px4_msgs__rosidl_typesupport_cpp.dir/rosidl_typesupport_cpp/px4_msgs/msg/pwm_input__type_support.cpp.o[0m
[90.516s] [ 55%] [32mBuilding CXX object CMakeFiles/px4_msgs__rosidl_typesupport_introspection_cpp.dir/rosidl_typesupport_introspection_cpp/px4_msgs/msg/detail/vehicle_odometry__type_support.cpp.o[0m
[90.533s] [ 56%] [32mBuilding C object CMakeFiles/px4_msgs__rosidl_typesupport_introspection_c.dir/rosidl_typesupport_introspection_c/px4_msgs/msg/detail/mount_orientation__type_support.c.o[0m
[90.533s] [ 56%] [32mBuilding CXX object CMakeFiles/px4_msgs__rosidl_typesupport_c.dir/rosidl_typesupport_c/px4_msgs/msg/vehicle_rates_setpoint__type_support.cpp.o[0m
[90.574s] [ 56%] [32mBuilding CXX object CMakeFiles/px4_msgs__rosidl_typesupport_c.dir/rosidl_typesupport_c/px4_msgs/msg/vehicle_roi__type_support.cpp.o[0m
[90.578s] [ 56%] [32mBuilding C object CMakeFiles/px4_msgs__rosidl_typesupport_introspection_c.dir/rosidl_typesupport_introspection_c/px4_msgs/msg/detail/navigator_mission_item__type_support.c.o[0m
[90.611s] [ 56%] [32mBuilding CXX object CMakeFiles/px4_msgs__rosidl_typesupport_c.dir/rosidl_typesupport_c/px4_msgs/msg/vehicle_status__type_support.cpp.o[0m
[90.619s] [ 56%] [32mBuilding C object CMakeFiles/px4_msgs__rosidl_typesupport_introspection_c.dir/rosidl_typesupport_introspection_c/px4_msgs/msg/detail/normalized_unsigned_setpoint__type_support.c.o[0m
[90.647s] [ 56%] [32mBuilding CXX object CMakeFiles/px4_msgs__rosidl_typesupport_c.dir/rosidl_typesupport_c/px4_msgs/msg/vehicle_thrust_setpoint__type_support.cpp.o[0m
[90.653s] [ 56%] [32mBuilding CXX object CMakeFiles/px4_msgs__rosidl_typesupport_fastrtps_cpp.dir/rosidl_typesupport_fastrtps_cpp/px4_msgs/msg/detail/dds_fastrtps/gripper__type_support.cpp.o[0m
[90.654s] [ 56%] [32mBuilding CXX object CMakeFiles/px4_msgs__rosidl_typesupport_fastrtps_c.dir/rosidl_typesupport_fastrtps_c/px4_msgs/msg/detail/airspeed__type_support_c.cpp.o[0m
[90.661s] [ 56%] [32mBuilding C object CMakeFiles/px4_msgs__rosidl_typesupport_introspection_c.dir/rosidl_typesupport_introspection_c/px4_msgs/msg/detail/npfg_status__type_support.c.o[0m
[90.661s] [ 56%] [32mBuilding CXX object CMakeFiles/px4_msgs__rosidl_typesupport_fastrtps_cpp.dir/rosidl_typesupport_fastrtps_cpp/px4_msgs/msg/detail/dds_fastrtps/health_report__type_support.cpp.o[0m
[90.682s] [ 56%] [32mBuilding CXX object CMakeFiles/px4_msgs__rosidl_typesupport_c.dir/rosidl_typesupport_c/px4_msgs/msg/vehicle_torque_setpoint__type_support.cpp.o[0m
[90.696s] [ 56%] [32mBuilding C object CMakeFiles/px4_msgs__rosidl_typesupport_introspection_c.dir/rosidl_typesupport_introspection_c/px4_msgs/msg/detail/obstacle_distance__type_support.c.o[0m
[90.718s] [ 56%] [32mBuilding CXX object CMakeFiles/px4_msgs__rosidl_typesupport_c.dir/rosidl_typesupport_c/px4_msgs/msg/vehicle_trajectory_bezier__type_support.cpp.o[0m
[90.739s] [ 56%] [32mBuilding C object CMakeFiles/px4_msgs__rosidl_typesupport_introspection_c.dir/rosidl_typesupport_introspection_c/px4_msgs/msg/detail/offboard_control_mode__type_support.c.o[0m
[90.755s] [ 57%] [32mBuilding CXX object CMakeFiles/px4_msgs__rosidl_typesupport_c.dir/rosidl_typesupport_c/px4_msgs/msg/vehicle_trajectory_waypoint__type_support.cpp.o[0m
[90.781s] [ 57%] [32mBuilding C object CMakeFiles/px4_msgs__rosidl_typesupport_introspection_c.dir/rosidl_typesupport_introspection_c/px4_msgs/msg/detail/onboard_computer_status__type_support.c.o[0m
[90.795s] [ 57%] [32mBuilding CXX object CMakeFiles/px4_msgs__rosidl_typesupport_c.dir/rosidl_typesupport_c/px4_msgs/msg/vtol_vehicle_status__type_support.cpp.o[0m
[90.832s] [ 57%] [32mBuilding CXX object CMakeFiles/px4_msgs__rosidl_typesupport_c.dir/rosidl_typesupport_c/px4_msgs/msg/wind__type_support.cpp.o[0m
[90.855s] [ 57%] [32mBuilding C object CMakeFiles/px4_msgs__rosidl_typesupport_introspection_c.dir/rosidl_typesupport_introspection_c/px4_msgs/msg/detail/orb_test__type_support.c.o[0m
[90.869s] [ 57%] [32mBuilding CXX object CMakeFiles/px4_msgs__rosidl_typesupport_c.dir/rosidl_typesupport_c/px4_msgs/msg/yaw_estimator_status__type_support.cpp.o[0m
[90.873s] [ 58%] [32mBuilding CXX object CMakeFiles/px4_msgs__rosidl_typesupport_cpp.dir/rosidl_typesupport_cpp/px4_msgs/msg/px4io_status__type_support.cpp.o[0m
[90.897s] [ 58%] [32mBuilding C object CMakeFiles/px4_msgs__rosidl_typesupport_introspection_c.dir/rosidl_typesupport_introspection_c/px4_msgs/msg/detail/orb_test_large__type_support.c.o[0m
[90.907s] [ 58%] [32mBuilding CXX object CMakeFiles/px4_msgs__rosidl_typesupport_c.dir/rosidl_typesupport_c/px4_msgs/srv/vehicle_command__type_support.cpp.o[0m
[90.941s] [ 58%] [32mBuilding C object CMakeFiles/px4_msgs__rosidl_typesupport_introspection_c.dir/rosidl_typesupport_introspection_c/px4_msgs/msg/detail/orb_test_medium__type_support.c.o[0m
[90.949s] [ 58%] [32m[1mLinking CXX shared library libpx4_msgs__rosidl_typesupport_c.so[0m
[90.984s] [ 58%] [32mBuilding C object CMakeFiles/px4_msgs__rosidl_typesupport_introspection_c.dir/rosidl_typesupport_introspection_c/px4_msgs/msg/detail/orbit_status__type_support.c.o[0m
[91.019s] [ 58%] [32mBuilding CXX object CMakeFiles/px4_msgs__rosidl_typesupport_fastrtps_c.dir/rosidl_typesupport_fastrtps_c/px4_msgs/msg/detail/airspeed_validated__type_support_c.cpp.o[0m
[91.026s] [ 58%] [32mBuilding C object CMakeFiles/px4_msgs__rosidl_typesupport_introspection_c.dir/rosidl_typesupport_introspection_c/px4_msgs/msg/detail/output_test__type_support.c.o[0m
[91.046s] [ 58%] [32mBuilding CXX object CMakeFiles/px4_msgs__rosidl_typesupport_fastrtps_cpp.dir/rosidl_typesupport_fastrtps_cpp/px4_msgs/msg/detail/dds_fastrtps/heater_status__type_support.cpp.o[0m
[91.056s] [ 58%] Built target px4_msgs__rosidl_typesupport_c
[91.069s] [ 58%] [32mBuilding CXX object CMakeFiles/px4_msgs__rosidl_typesupport_fastrtps_c.dir/rosidl_typesupport_fastrtps_c/px4_msgs/msg/detail/airspeed_wind__type_support_c.cpp.o[0m
[91.071s] [ 58%] [32mBuilding C object CMakeFiles/px4_msgs__rosidl_typesupport_introspection_c.dir/rosidl_typesupport_introspection_c/px4_msgs/msg/detail/parameter_update__type_support.c.o[0m
[91.110s] [ 58%] [32mBuilding C object CMakeFiles/px4_msgs__rosidl_typesupport_introspection_c.dir/rosidl_typesupport_introspection_c/px4_msgs/msg/detail/ping__type_support.c.o[0m
[91.120s] [ 58%] [32mBuilding CXX object CMakeFiles/px4_msgs__rosidl_typesupport_cpp.dir/rosidl_typesupport_cpp/px4_msgs/msg/qshell_req__type_support.cpp.o[0m
[91.127s] [ 58%] [32mBuilding CXX object CMakeFiles/px4_msgs__rosidl_typesupport_introspection_cpp.dir/rosidl_typesupport_introspection_cpp/px4_msgs/msg/detail/vehicle_optical_flow__type_support.cpp.o[0m
[91.151s] [ 58%] [32mBuilding C object CMakeFiles/px4_msgs__rosidl_typesupport_introspection_c.dir/rosidl_typesupport_introspection_c/px4_msgs/msg/detail/position_controller_landing_status__type_support.c.o[0m
[91.193s] [ 58%] [32mBuilding C object CMakeFiles/px4_msgs__rosidl_typesupport_introspection_c.dir/rosidl_typesupport_introspection_c/px4_msgs/msg/detail/position_controller_status__type_support.c.o[0m
[91.236s] [ 58%] [32mBuilding CXX object CMakeFiles/px4_msgs__rosidl_typesupport_cpp.dir/rosidl_typesupport_cpp/px4_msgs/msg/qshell_retval__type_support.cpp.o[0m
[91.236s] [ 59%] [32mBuilding C object CMakeFiles/px4_msgs__rosidl_typesupport_introspection_c.dir/rosidl_typesupport_introspection_c/px4_msgs/msg/detail/position_setpoint__type_support.c.o[0m
[91.241s] [ 59%] [32mBuilding CXX object CMakeFiles/px4_msgs__rosidl_typesupport_fastrtps_cpp.dir/rosidl_typesupport_fastrtps_cpp/px4_msgs/msg/detail/dds_fastrtps/home_position__type_support.cpp.o[0m
[91.276s] [ 59%] [32mBuilding C object CMakeFiles/px4_msgs__rosidl_typesupport_introspection_c.dir/rosidl_typesupport_introspection_c/px4_msgs/msg/detail/position_setpoint_triplet__type_support.c.o[0m
[91.319s] [ 59%] [32mBuilding C object CMakeFiles/px4_msgs__rosidl_typesupport_introspection_c.dir/rosidl_typesupport_introspection_c/px4_msgs/msg/detail/power_button_state__type_support.c.o[0m
[91.361s] [ 59%] [32mBuilding C object CMakeFiles/px4_msgs__rosidl_typesupport_introspection_c.dir/rosidl_typesupport_introspection_c/px4_msgs/msg/detail/power_monitor__type_support.c.o[0m
[91.405s] [ 59%] [32mBuilding C object CMakeFiles/px4_msgs__rosidl_typesupport_introspection_c.dir/rosidl_typesupport_introspection_c/px4_msgs/msg/detail/pps_capture__type_support.c.o[0m
[91.433s] [ 59%] [32mBuilding CXX object CMakeFiles/px4_msgs__rosidl_typesupport_introspection_cpp.dir/rosidl_typesupport_introspection_cpp/px4_msgs/msg/detail/vehicle_optical_flow_vel__type_support.cpp.o[0m
[91.447s] [ 59%] [32mBuilding C object CMakeFiles/px4_msgs__rosidl_typesupport_introspection_c.dir/rosidl_typesupport_introspection_c/px4_msgs/msg/detail/pwm_input__type_support.c.o[0m
[91.452s] [ 59%] [32mBuilding CXX object CMakeFiles/px4_msgs__rosidl_typesupport_fastrtps_c.dir/rosidl_typesupport_fastrtps_c/px4_msgs/msg/detail/autotune_attitude_control_status__type_support_c.cpp.o[0m
[91.469s] [ 59%] [32mBuilding CXX object CMakeFiles/px4_msgs__rosidl_typesupport_cpp.dir/rosidl_typesupport_cpp/px4_msgs/msg/radio_status__type_support.cpp.o[0m
[91.489s] [ 59%] [32mBuilding C object CMakeFiles/px4_msgs__rosidl_typesupport_introspection_c.dir/rosidl_typesupport_introspection_c/px4_msgs/msg/detail/px4io_status__type_support.c.o[0m
[91.528s] [ 59%] [32mBuilding CXX object CMakeFiles/px4_msgs__rosidl_typesupport_fastrtps_c.dir/rosidl_typesupport_fastrtps_c/px4_msgs/msg/detail/battery_status__type_support_c.cpp.o[0m
[91.545s] [ 59%] [32mBuilding C object CMakeFiles/px4_msgs__rosidl_typesupport_introspection_c.dir/rosidl_typesupport_introspection_c/px4_msgs/msg/detail/qshell_req__type_support.c.o[0m
[91.589s] [ 59%] [32mBuilding C object CMakeFiles/px4_msgs__rosidl_typesupport_introspection_c.dir/rosidl_typesupport_introspection_c/px4_msgs/msg/detail/qshell_retval__type_support.c.o[0m
[91.601s] [ 60%] [32mBuilding CXX object CMakeFiles/px4_msgs__rosidl_typesupport_fastrtps_cpp.dir/rosidl_typesupport_fastrtps_cpp/px4_msgs/msg/detail/dds_fastrtps/hover_thrust_estimate__type_support.cpp.o[0m
[91.629s] [ 60%] [32mBuilding C object CMakeFiles/px4_msgs__rosidl_typesupport_introspection_c.dir/rosidl_typesupport_introspection_c/px4_msgs/msg/detail/radio_status__type_support.c.o[0m
[91.630s] [ 60%] [32mBuilding CXX object CMakeFiles/px4_msgs__rosidl_typesupport_fastrtps_cpp.dir/rosidl_typesupport_fastrtps_cpp/px4_msgs/msg/detail/dds_fastrtps/input_rc__type_support.cpp.o[0m
[91.672s] [ 60%] [32mBuilding C object CMakeFiles/px4_msgs__rosidl_typesupport_introspection_c.dir/rosidl_typesupport_introspection_c/px4_msgs/msg/detail/rate_ctrl_status__type_support.c.o[0m
[91.714s] [ 60%] [32mBuilding C object CMakeFiles/px4_msgs__rosidl_typesupport_introspection_c.dir/rosidl_typesupport_introspection_c/px4_msgs/msg/detail/rc_channels__type_support.c.o[0m
[91.761s] [ 60%] [32mBuilding C object CMakeFiles/px4_msgs__rosidl_typesupport_introspection_c.dir/rosidl_typesupport_introspection_c/px4_msgs/msg/detail/rc_parameter_map__type_support.c.o[0m
[91.774s] [ 60%] [32mBuilding CXX object CMakeFiles/px4_msgs__rosidl_typesupport_cpp.dir/rosidl_typesupport_cpp/px4_msgs/msg/rate_ctrl_status__type_support.cpp.o[0m
[91.782s] [ 61%] [32mBuilding CXX object CMakeFiles/px4_msgs__rosidl_typesupport_fastrtps_c.dir/rosidl_typesupport_fastrtps_c/px4_msgs/msg/detail/button_event__type_support_c.cpp.o[0m
[91.814s] [ 61%] [32mBuilding C object CMakeFiles/px4_msgs__rosidl_typesupport_introspection_c.dir/rosidl_typesupport_introspection_c/px4_msgs/msg/detail/rpm__type_support.c.o[0m
[91.854s] [ 61%] [32mBuilding C object CMakeFiles/px4_msgs__rosidl_typesupport_introspection_c.dir/rosidl_typesupport_introspection_c/px4_msgs/msg/detail/rtl_time_estimate__type_support.c.o[0m
[91.871s] [ 61%] [32mBuilding CXX object CMakeFiles/px4_msgs__rosidl_typesupport_cpp.dir/rosidl_typesupport_cpp/px4_msgs/msg/rc_channels__type_support.cpp.o[0m
[91.897s] [ 62%] [32mBuilding C object CMakeFiles/px4_msgs__rosidl_typesupport_introspection_c.dir/rosidl_typesupport_introspection_c/px4_msgs/msg/detail/satellite_info__type_support.c.o[0m
[91.952s] [ 62%] [32mBuilding C object CMakeFiles/px4_msgs__rosidl_typesupport_introspection_c.dir/rosidl_typesupport_introspection_c/px4_msgs/msg/detail/sensor_accel__type_support.c.o[0m
[91.965s] [ 62%] [32mBuilding CXX object CMakeFiles/px4_msgs__rosidl_typesupport_introspection_cpp.dir/rosidl_typesupport_introspection_cpp/px4_msgs/msg/detail/vehicle_rates_setpoint__type_support.cpp.o[0m
[91.997s] [ 62%] [32mBuilding C object CMakeFiles/px4_msgs__rosidl_typesupport_introspection_c.dir/rosidl_typesupport_introspection_c/px4_msgs/msg/detail/sensor_accel_fifo__type_support.c.o[0m
[92.046s] [ 62%] [32mBuilding C object CMakeFiles/px4_msgs__rosidl_typesupport_introspection_c.dir/rosidl_typesupport_introspection_c/px4_msgs/msg/detail/sensor_baro__type_support.c.o[0m
[92.082s] [ 62%] [32mBuilding CXX object CMakeFiles/px4_msgs__rosidl_typesupport_cpp.dir/rosidl_typesupport_cpp/px4_msgs/msg/rc_parameter_map__type_support.cpp.o[0m
[92.091s] [ 62%] [32mBuilding C object CMakeFiles/px4_msgs__rosidl_typesupport_introspection_c.dir/rosidl_typesupport_introspection_c/px4_msgs/msg/detail/sensor_combined__type_support.c.o[0m
[92.130s] [ 62%] [32mBuilding CXX object CMakeFiles/px4_msgs__rosidl_typesupport_fastrtps_cpp.dir/rosidl_typesupport_fastrtps_cpp/px4_msgs/msg/detail/dds_fastrtps/input_tau__type_support.cpp.o[0m
[92.134s] [ 62%] [32mBuilding CXX object CMakeFiles/px4_msgs__rosidl_typesupport_fastrtps_cpp.dir/rosidl_typesupport_fastrtps_cpp/px4_msgs/msg/detail/dds_fastrtps/internal_combustion_engine_status__type_support.cpp.o[0m
[92.136s] [ 62%] [32mBuilding C object CMakeFiles/px4_msgs__rosidl_typesupport_introspection_c.dir/rosidl_typesupport_introspection_c/px4_msgs/msg/detail/sensor_correction__type_support.c.o[0m
[92.182s] [ 62%] [32mBuilding CXX object CMakeFiles/px4_msgs__rosidl_typesupport_fastrtps_c.dir/rosidl_typesupport_fastrtps_c/px4_msgs/msg/detail/camera_capture__type_support_c.cpp.o[0m
[92.196s] [ 62%] [32mBuilding CXX object CMakeFiles/px4_msgs__rosidl_typesupport_introspection_cpp.dir/rosidl_typesupport_introspection_cpp/px4_msgs/msg/detail/vehicle_roi__type_support.cpp.o[0m
[92.206s] [ 62%] [32mBuilding C object CMakeFiles/px4_msgs__rosidl_typesupport_introspection_c.dir/rosidl_typesupport_introspection_c/px4_msgs/msg/detail/sensor_gnss_relative__type_support.c.o[0m
[92.252s] [ 62%] [32mBuilding C object CMakeFiles/px4_msgs__rosidl_typesupport_introspection_c.dir/rosidl_typesupport_introspection_c/px4_msgs/msg/detail/sensor_gps__type_support.c.o[0m
[92.257s] [ 62%] [32mBuilding CXX object CMakeFiles/px4_msgs__rosidl_typesupport_cpp.dir/rosidl_typesupport_cpp/px4_msgs/msg/rpm__type_support.cpp.o[0m
[92.295s] [ 62%] [32mBuilding C object CMakeFiles/px4_msgs__rosidl_typesupport_introspection_c.dir/rosidl_typesupport_introspection_c/px4_msgs/msg/detail/sensor_gyro__type_support.c.o[0m
[92.339s] [ 62%] [32mBuilding C object CMakeFiles/px4_msgs__rosidl_typesupport_introspection_c.dir/rosidl_typesupport_introspection_c/px4_msgs/msg/detail/sensor_gyro_fft__type_support.c.o[0m
[92.394s] [ 62%] [32mBuilding C object CMakeFiles/px4_msgs__rosidl_typesupport_introspection_c.dir/rosidl_typesupport_introspection_c/px4_msgs/msg/detail/sensor_gyro_fifo__type_support.c.o[0m
[92.413s] [ 62%] [32mBuilding CXX object CMakeFiles/px4_msgs__rosidl_typesupport_fastrtps_cpp.dir/rosidl_typesupport_fastrtps_cpp/px4_msgs/msg/detail/dds_fastrtps/iridiumsbd_status__type_support.cpp.o[0m
[92.440s] [ 62%] [32mBuilding CXX object CMakeFiles/px4_msgs__rosidl_typesupport_fastrtps_c.dir/rosidl_typesupport_fastrtps_c/px4_msgs/msg/detail/camera_status__type_support_c.cpp.o[0m
[92.446s] [ 62%] [32mBuilding C object CMakeFiles/px4_msgs__rosidl_typesupport_introspection_c.dir/rosidl_typesupport_introspection_c/px4_msgs/msg/detail/sensor_hygrometer__type_support.c.o[0m
[92.485s] [ 62%] [32mBuilding C object CMakeFiles/px4_msgs__rosidl_typesupport_introspection_c.dir/rosidl_typesupport_introspection_c/px4_msgs/msg/detail/sensor_mag__type_support.c.o[0m
[92.530s] [ 62%] [32mBuilding C object CMakeFiles/px4_msgs__rosidl_typesupport_introspection_c.dir/rosidl_typesupport_introspection_c/px4_msgs/msg/detail/sensor_optical_flow__type_support.c.o[0m
[92.579s] [ 62%] [32mBuilding C object CMakeFiles/px4_msgs__rosidl_typesupport_introspection_c.dir/rosidl_typesupport_introspection_c/px4_msgs/msg/detail/sensor_preflight_mag__type_support.c.o[0m
[92.591s] [ 62%] [32mBuilding CXX object CMakeFiles/px4_msgs__rosidl_typesupport_cpp.dir/rosidl_typesupport_cpp/px4_msgs/msg/rtl_time_estimate__type_support.cpp.o[0m
[92.620s] [ 62%] [32mBuilding C object CMakeFiles/px4_msgs__rosidl_typesupport_introspection_c.dir/rosidl_typesupport_introspection_c/px4_msgs/msg/detail/sensor_selection__type_support.c.o[0m
[92.628s] [ 62%] [32mBuilding CXX object CMakeFiles/px4_msgs__rosidl_typesupport_introspection_cpp.dir/rosidl_typesupport_introspection_cpp/px4_msgs/msg/detail/vehicle_status__type_support.cpp.o[0m
[92.662s] [ 63%] [32mBuilding C object CMakeFiles/px4_msgs__rosidl_typesupport_introspection_c.dir/rosidl_typesupport_introspection_c/px4_msgs/msg/detail/sensor_uwb__type_support.c.o[0m
[92.662s] [ 63%] [32mBuilding CXX object CMakeFiles/px4_msgs__rosidl_typesupport_fastrtps_cpp.dir/rosidl_typesupport_fastrtps_cpp/px4_msgs/msg/detail/dds_fastrtps/irlock_report__type_support.cpp.o[0m
[92.673s] [ 63%] [32mBuilding CXX object CMakeFiles/px4_msgs__rosidl_typesupport_fastrtps_c.dir/rosidl_typesupport_fastrtps_c/px4_msgs/msg/detail/camera_trigger__type_support_c.cpp.o[0m
[92.707s] [ 63%] [32mBuilding C object CMakeFiles/px4_msgs__rosidl_typesupport_introspection_c.dir/rosidl_typesupport_introspection_c/px4_msgs/msg/detail/sensors_status__type_support.c.o[0m
[92.760s] [ 63%] [32mBuilding C object CMakeFiles/px4_msgs__rosidl_typesupport_introspection_c.dir/rosidl_typesupport_introspection_c/px4_msgs/msg/detail/sensors_status_imu__type_support.c.o[0m
[92.808s] [ 63%] [32mBuilding CXX object CMakeFiles/px4_msgs__rosidl_typesupport_fastrtps_c.dir/rosidl_typesupport_fastrtps_c/px4_msgs/msg/detail/cellular_status__type_support_c.cpp.o[0m
[92.821s] [ 63%] [32mBuilding C object CMakeFiles/px4_msgs__rosidl_typesupport_introspection_c.dir/rosidl_typesupport_introspection_c/px4_msgs/msg/detail/simulink_custom_message__type_support.c.o[0m
[92.854s] [ 63%] [32mBuilding CXX object CMakeFiles/px4_msgs__rosidl_typesupport_cpp.dir/rosidl_typesupport_cpp/px4_msgs/msg/satellite_info__type_support.cpp.o[0m
[92.884s] [ 63%] [32mBuilding C object CMakeFiles/px4_msgs__rosidl_typesupport_introspection_c.dir/rosidl_typesupport_introspection_c/px4_msgs/msg/detail/states_and_actuators__type_support.c.o[0m
[92.901s] [ 63%] [32mBuilding CXX object CMakeFiles/px4_msgs__rosidl_typesupport_fastrtps_cpp.dir/rosidl_typesupport_fastrtps_cpp/px4_msgs/msg/detail/dds_fastrtps/landing_gear__type_support.cpp.o[0m
[92.913s] [ 63%] [32mBuilding CXX object CMakeFiles/px4_msgs__rosidl_typesupport_fastrtps_c.dir/rosidl_typesupport_fastrtps_c/px4_msgs/msg/detail/collision_constraints__type_support_c.cpp.o[0m
[92.930s] [ 63%] [32mBuilding C object CMakeFiles/px4_msgs__rosidl_typesupport_introspection_c.dir/rosidl_typesupport_introspection_c/px4_msgs/msg/detail/system_power__type_support.c.o[0m
[92.971s] [ 63%] [32mBuilding C object CMakeFiles/px4_msgs__rosidl_typesupport_introspection_c.dir/rosidl_typesupport_introspection_c/px4_msgs/msg/detail/takeoff_status__type_support.c.o[0m
[93.013s] [ 63%] [32mBuilding C object CMakeFiles/px4_msgs__rosidl_typesupport_introspection_c.dir/rosidl_typesupport_introspection_c/px4_msgs/msg/detail/task_stack_info__type_support.c.o[0m
[93.057s] [ 63%] [32mBuilding C object CMakeFiles/px4_msgs__rosidl_typesupport_introspection_c.dir/rosidl_typesupport_introspection_c/px4_msgs/msg/detail/tecs_status__type_support.c.o[0m
[93.078s] [ 63%] [32mBuilding CXX object CMakeFiles/px4_msgs__rosidl_typesupport_introspection_cpp.dir/rosidl_typesupport_introspection_cpp/px4_msgs/msg/detail/vehicle_thrust_setpoint__type_support.cpp.o[0m
[93.100s] [ 63%] [32mBuilding C object CMakeFiles/px4_msgs__rosidl_typesupport_introspection_c.dir/rosidl_typesupport_introspection_c/px4_msgs/msg/detail/telemetry_status__type_support.c.o[0m
[93.128s] [ 63%] [32mBuilding CXX object CMakeFiles/px4_msgs__rosidl_typesupport_fastrtps_c.dir/rosidl_typesupport_fastrtps_c/px4_msgs/msg/detail/collision_report__type_support_c.cpp.o[0m
[93.147s] [ 63%] [32mBuilding C object CMakeFiles/px4_msgs__rosidl_typesupport_introspection_c.dir/rosidl_typesupport_introspection_c/px4_msgs/msg/detail/tiltrotor_extra_controls__type_support.c.o[0m
[93.169s] [ 63%] [32mBuilding CXX object CMakeFiles/px4_msgs__rosidl_typesupport_cpp.dir/rosidl_typesupport_cpp/px4_msgs/msg/sensor_accel__type_support.cpp.o[0m
[93.185s] [ 63%] [32mBuilding C object CMakeFiles/px4_msgs__rosidl_typesupport_introspection_c.dir/rosidl_typesupport_introspection_c/px4_msgs/msg/detail/timesync_status__type_support.c.o[0m
[93.190s] [ 63%] [32mBuilding CXX object CMakeFiles/px4_msgs__rosidl_typesupport_introspection_cpp.dir/rosidl_typesupport_introspection_cpp/px4_msgs/msg/detail/vehicle_torque_setpoint__type_support.cpp.o[0m
[93.227s] [ 63%] [32mBuilding C object CMakeFiles/px4_msgs__rosidl_typesupport_introspection_c.dir/rosidl_typesupport_introspection_c/px4_msgs/msg/detail/trajectory_bezier__type_support.c.o[0m
[93.272s] [ 63%] [32mBuilding C object CMakeFiles/px4_msgs__rosidl_typesupport_introspection_c.dir/rosidl_typesupport_introspection_c/px4_msgs/msg/detail/trajectory_setpoint__type_support.c.o[0m
[93.325s] [ 63%] [32mBuilding C object CMakeFiles/px4_msgs__rosidl_typesupport_introspection_c.dir/rosidl_typesupport_introspection_c/px4_msgs/msg/detail/trajectory_waypoint__type_support.c.o[0m
[93.326s] [ 64%] [32mBuilding C object CMakeFiles/px4_msgs__rosidl_typesupport_introspection_c.dir/rosidl_typesupport_introspection_c/px4_msgs/msg/detail/transponder_report__type_support.c.o[0m
[93.378s] [ 64%] [32mBuilding CXX object CMakeFiles/px4_msgs__rosidl_typesupport_fastrtps_cpp.dir/rosidl_typesupport_fastrtps_cpp/px4_msgs/msg/detail/dds_fastrtps/landing_gear_wheel__type_support.cpp.o[0m
[93.378s] [ 64%] [32mBuilding CXX object CMakeFiles/px4_msgs__rosidl_typesupport_introspection_cpp.dir/rosidl_typesupport_introspection_cpp/px4_msgs/msg/detail/vehicle_trajectory_bezier__type_support.cpp.o[0m
[93.379s] [ 64%] [32mBuilding C object CMakeFiles/px4_msgs__rosidl_typesupport_introspection_c.dir/rosidl_typesupport_introspection_c/px4_msgs/msg/detail/tune_control__type_support.c.o[0m
[93.420s] [ 64%] [32mBuilding C object CMakeFiles/px4_msgs__rosidl_typesupport_introspection_c.dir/rosidl_typesupport_introspection_c/px4_msgs/msg/detail/uavcan_parameter_request__type_support.c.o[0m
[93.464s] [ 64%] [32mBuilding C object CMakeFiles/px4_msgs__rosidl_typesupport_introspection_c.dir/rosidl_typesupport_introspection_c/px4_msgs/msg/detail/uavcan_parameter_value__type_support.c.o[0m
[93.490s] [ 64%] [32mBuilding CXX object CMakeFiles/px4_msgs__rosidl_typesupport_cpp.dir/rosidl_typesupport_cpp/px4_msgs/msg/sensor_accel_fifo__type_support.cpp.o[0m
[93.515s] [ 64%] [32mBuilding CXX object CMakeFiles/px4_msgs__rosidl_typesupport_fastrtps_cpp.dir/rosidl_typesupport_fastrtps_cpp/px4_msgs/msg/detail/dds_fastrtps/landing_target_innovations__type_support.cpp.o[0m
[93.519s] [ 64%] [32mBuilding C object CMakeFiles/px4_msgs__rosidl_typesupport_introspection_c.dir/rosidl_typesupport_introspection_c/px4_msgs/msg/detail/ulog_stream__type_support.c.o[0m
[93.529s] [ 64%] [32mBuilding CXX object CMakeFiles/px4_msgs__rosidl_typesupport_fastrtps_c.dir/rosidl_typesupport_fastrtps_c/px4_msgs/msg/detail/command_values__type_support_c.cpp.o[0m
[93.544s] [ 64%] [32mBuilding CXX object CMakeFiles/px4_msgs__rosidl_typesupport_fastrtps_cpp.dir/rosidl_typesupport_fastrtps_cpp/px4_msgs/msg/detail/dds_fastrtps/landing_target_pose__type_support.cpp.o[0m
[93.575s] [ 64%] [32mBuilding C object CMakeFiles/px4_msgs__rosidl_typesupport_introspection_c.dir/rosidl_typesupport_introspection_c/px4_msgs/msg/detail/ulog_stream_ack__type_support.c.o[0m
[93.642s] [ 64%] [32mBuilding C object CMakeFiles/px4_msgs__rosidl_typesupport_introspection_c.dir/rosidl_typesupport_introspection_c/px4_msgs/msg/detail/vehicle_acceleration__type_support.c.o[0m
[93.701s] [ 64%] [32mBuilding CXX object CMakeFiles/px4_msgs__rosidl_typesupport_fastrtps_cpp.dir/rosidl_typesupport_fastrtps_cpp/px4_msgs/msg/detail/dds_fastrtps/launch_detection_status__type_support.cpp.o[0m
[93.708s] [ 64%] [32mBuilding C object CMakeFiles/px4_msgs__rosidl_typesupport_introspection_c.dir/rosidl_typesupport_introspection_c/px4_msgs/msg/detail/vehicle_air_data__type_support.c.o[0m
[93.771s] [ 64%] [32mBuilding C object CMakeFiles/px4_msgs__rosidl_typesupport_introspection_c.dir/rosidl_typesupport_introspection_c/px4_msgs/msg/detail/vehicle_angular_acceleration_setpoint__type_support.c.o[0m
[93.819s] [ 64%] [32mBuilding CXX object CMakeFiles/px4_msgs__rosidl_typesupport_cpp.dir/rosidl_typesupport_cpp/px4_msgs/msg/sensor_baro__type_support.cpp.o[0m
[93.847s] [ 64%] [32mBuilding C object CMakeFiles/px4_msgs__rosidl_typesupport_introspection_c.dir/rosidl_typesupport_introspection_c/px4_msgs/msg/detail/vehicle_angular_velocity__type_support.c.o[0m
[93.853s] [ 64%] [32mBuilding CXX object CMakeFiles/px4_msgs__rosidl_typesupport_introspection_cpp.dir/rosidl_typesupport_introspection_cpp/px4_msgs/msg/detail/vehicle_trajectory_waypoint__type_support.cpp.o[0m
[93.858s] [ 64%] [32mBuilding CXX object CMakeFiles/px4_msgs__rosidl_typesupport_fastrtps_c.dir/rosidl_typesupport_fastrtps_c/px4_msgs/msg/detail/control_allocator_status__type_support_c.cpp.o[0m
[93.926s] [ 64%] [32mBuilding C object CMakeFiles/px4_msgs__rosidl_typesupport_introspection_c.dir/rosidl_typesupport_introspection_c/px4_msgs/msg/detail/vehicle_attitude__type_support.c.o[0m
[93.950s] [ 64%] [32mBuilding C object CMakeFiles/px4_msgs__rosidl_typesupport_introspection_c.dir/rosidl_typesupport_introspection_c/px4_msgs/msg/detail/vehicle_attitude_setpoint__type_support.c.o[0m
[93.990s] [ 64%] [32mBuilding CXX object CMakeFiles/px4_msgs__rosidl_typesupport_cpp.dir/rosidl_typesupport_cpp/px4_msgs/msg/sensor_combined__type_support.cpp.o[0m
[93.993s] [ 64%] [32mBuilding CXX object CMakeFiles/px4_msgs__rosidl_typesupport_fastrtps_cpp.dir/rosidl_typesupport_fastrtps_cpp/px4_msgs/msg/detail/dds_fastrtps/led_control__type_support.cpp.o[0m
[94.004s] [ 64%] [32mBuilding C object CMakeFiles/px4_msgs__rosidl_typesupport_introspection_c.dir/rosidl_typesupport_introspection_c/px4_msgs/msg/detail/vehicle_command__type_support.c.o[0m
[94.040s] [ 64%] [32mBuilding CXX object CMakeFiles/px4_msgs__rosidl_typesupport_fastrtps_c.dir/rosidl_typesupport_fastrtps_c/px4_msgs/msg/detail/cpuload__type_support_c.cpp.o[0m
[94.074s] [ 64%] [32mBuilding C object CMakeFiles/px4_msgs__rosidl_typesupport_introspection_c.dir/rosidl_typesupport_introspection_c/px4_msgs/msg/detail/vehicle_command_ack__type_support.c.o[0m
[94.139s] [ 64%] [32mBuilding CXX object CMakeFiles/px4_msgs__rosidl_typesupport_introspection_cpp.dir/rosidl_typesupport_introspection_cpp/px4_msgs/msg/detail/vtol_vehicle_status__type_support.cpp.o[0m
[94.142s] [ 64%] [32mBuilding C object CMakeFiles/px4_msgs__rosidl_typesupport_introspection_c.dir/rosidl_typesupport_introspection_c/px4_msgs/msg/detail/vehicle_constraints__type_support.c.o[0m
[94.201s] [ 64%] [32mBuilding C object CMakeFiles/px4_msgs__rosidl_typesupport_introspection_c.dir/rosidl_typesupport_introspection_c/px4_msgs/msg/detail/vehicle_control_mode__type_support.c.o[0m
[94.214s] [ 64%] [32mBuilding CXX object CMakeFiles/px4_msgs__rosidl_typesupport_cpp.dir/rosidl_typesupport_cpp/px4_msgs/msg/sensor_correction__type_support.cpp.o[0m
[94.244s] [ 65%] [32mBuilding C object CMakeFiles/px4_msgs__rosidl_typesupport_introspection_c.dir/rosidl_typesupport_introspection_c/px4_msgs/msg/detail/vehicle_global_position__type_support.c.o[0m
[94.274s] [ 65%] [32mBuilding CXX object CMakeFiles/px4_msgs__rosidl_typesupport_introspection_cpp.dir/rosidl_typesupport_introspection_cpp/px4_msgs/msg/detail/wind__type_support.cpp.o[0m
[94.287s] [ 65%] [32mBuilding C object CMakeFiles/px4_msgs__rosidl_typesupport_introspection_c.dir/rosidl_typesupport_introspection_c/px4_msgs/msg/detail/vehicle_imu__type_support.c.o[0m
[94.317s] [ 65%] [32mBuilding CXX object CMakeFiles/px4_msgs__rosidl_typesupport_fastrtps_cpp.dir/rosidl_typesupport_fastrtps_cpp/px4_msgs/msg/detail/dds_fastrtps/log_message__type_support.cpp.o[0m
[94.336s] [ 65%] [32mBuilding C object CMakeFiles/px4_msgs__rosidl_typesupport_introspection_c.dir/rosidl_typesupport_introspection_c/px4_msgs/msg/detail/vehicle_imu_status__type_support.c.o[0m
[94.343s] [ 65%] [32mBuilding CXX object CMakeFiles/px4_msgs__rosidl_typesupport_cpp.dir/rosidl_typesupport_cpp/px4_msgs/msg/sensor_gnss_relative__type_support.cpp.o[0m
[94.398s] [ 65%] [32mBuilding C object CMakeFiles/px4_msgs__rosidl_typesupport_introspection_c.dir/rosidl_typesupport_introspection_c/px4_msgs/msg/detail/vehicle_land_detected__type_support.c.o[0m
[94.443s] [ 65%] [32mBuilding C object CMakeFiles/px4_msgs__rosidl_typesupport_introspection_c.dir/rosidl_typesupport_introspection_c/px4_msgs/msg/detail/vehicle_local_position__type_support.c.o[0m
[94.444s] [ 65%] [32mBuilding CXX object CMakeFiles/px4_msgs__rosidl_typesupport_fastrtps_c.dir/rosidl_typesupport_fastrtps_c/px4_msgs/msg/detail/debug_array__type_support_c.cpp.o[0m
[94.474s] [ 65%] [32mBuilding CXX object CMakeFiles/px4_msgs__rosidl_typesupport_introspection_cpp.dir/rosidl_typesupport_introspection_cpp/px4_msgs/msg/detail/yaw_estimator_status__type_support.cpp.o[0m
[94.499s] [ 65%] [32mBuilding C object CMakeFiles/px4_msgs__rosidl_typesupport_introspection_c.dir/rosidl_typesupport_introspection_c/px4_msgs/msg/detail/vehicle_local_position_setpoint__type_support.c.o[0m
[94.547s] [ 65%] [32mBuilding C object CMakeFiles/px4_msgs__rosidl_typesupport_introspection_c.dir/rosidl_typesupport_introspection_c/px4_msgs/msg/detail/vehicle_magnetometer__type_support.c.o[0m
[94.591s] [ 65%] [32mBuilding C object CMakeFiles/px4_msgs__rosidl_typesupport_introspection_c.dir/rosidl_typesupport_introspection_c/px4_msgs/msg/detail/vehicle_odometry__type_support.c.o[0m
[94.601s] [ 66%] [32mBuilding CXX object CMakeFiles/px4_msgs__rosidl_typesupport_cpp.dir/rosidl_typesupport_cpp/px4_msgs/msg/sensor_gps__type_support.cpp.o[0m
[94.673s] [ 66%] [32mBuilding C object CMakeFiles/px4_msgs__rosidl_typesupport_introspection_c.dir/rosidl_typesupport_introspection_c/px4_msgs/msg/detail/vehicle_optical_flow__type_support.c.o[0m
[94.687s] [ 66%] [32mBuilding C object CMakeFiles/px4_msgs__rosidl_typesupport_introspection_c.dir/rosidl_typesupport_introspection_c/px4_msgs/msg/detail/vehicle_optical_flow_vel__type_support.c.o[0m
[94.691s] [ 66%] [32mBuilding C object CMakeFiles/px4_msgs__rosidl_typesupport_introspection_c.dir/rosidl_typesupport_introspection_c/px4_msgs/msg/detail/vehicle_rates_setpoint__type_support.c.o[0m
[94.720s] [ 66%] [32mBuilding C object CMakeFiles/px4_msgs__rosidl_typesupport_introspection_c.dir/rosidl_typesupport_introspection_c/px4_msgs/msg/detail/vehicle_roi__type_support.c.o[0m
[94.736s] [ 66%] [32mBuilding C object CMakeFiles/px4_msgs__rosidl_typesupport_introspection_c.dir/rosidl_typesupport_introspection_c/px4_msgs/msg/detail/vehicle_thrust_setpoint__type_support.c.o[0m
[94.736s] [ 66%] [32mBuilding C object CMakeFiles/px4_msgs__rosidl_typesupport_introspection_c.dir/rosidl_typesupport_introspection_c/px4_msgs/msg/detail/vehicle_status__type_support.c.o[0m
[94.765s] [ 66%] [32mBuilding CXX object CMakeFiles/px4_msgs__rosidl_typesupport_introspection_cpp.dir/rosidl_typesupport_introspection_cpp/px4_msgs/srv/detail/vehicle_command__type_support.cpp.o[0m
[94.770s] [ 66%] [32mBuilding CXX object CMakeFiles/px4_msgs__rosidl_typesupport_fastrtps_c.dir/rosidl_typesupport_fastrtps_c/px4_msgs/msg/detail/debug_key_value__type_support_c.cpp.o[0m
[94.781s] [ 66%] [32mBuilding C object CMakeFiles/px4_msgs__rosidl_typesupport_introspection_c.dir/rosidl_typesupport_introspection_c/px4_msgs/msg/detail/vehicle_torque_setpoint__type_support.c.o[0m
[94.781s] [ 66%] [32mBuilding CXX object CMakeFiles/px4_msgs__rosidl_typesupport_fastrtps_cpp.dir/rosidl_typesupport_fastrtps_cpp/px4_msgs/msg/detail/dds_fastrtps/logger_status__type_support.cpp.o[0m
[94.811s] [ 66%] [32mBuilding C object CMakeFiles/px4_msgs__rosidl_typesupport_introspection_c.dir/rosidl_typesupport_introspection_c/px4_msgs/msg/detail/vehicle_trajectory_bezier__type_support.c.o[0m
[94.837s] [ 66%] [32mBuilding CXX object CMakeFiles/px4_msgs__rosidl_typesupport_fastrtps_cpp.dir/rosidl_typesupport_fastrtps_cpp/px4_msgs/msg/detail/dds_fastrtps/mag_worker_data__type_support.cpp.o[0m
[94.849s] [ 66%] [32mBuilding CXX object CMakeFiles/px4_msgs__rosidl_typesupport_cpp.dir/rosidl_typesupport_cpp/px4_msgs/msg/sensor_gyro__type_support.cpp.o[0m
[94.859s] [ 67%] [32mBuilding C object CMakeFiles/px4_msgs__rosidl_typesupport_introspection_c.dir/rosidl_typesupport_introspection_c/px4_msgs/msg/detail/vehicle_trajectory_waypoint__type_support.c.o[0m
[94.904s] [ 67%] [32mBuilding C object CMakeFiles/px4_msgs__rosidl_typesupport_introspection_c.dir/rosidl_typesupport_introspection_c/px4_msgs/msg/detail/vtol_vehicle_status__type_support.c.o[0m
[94.927s] [ 68%] [32mBuilding CXX object CMakeFiles/px4_msgs__rosidl_typesupport_fastrtps_cpp.dir/rosidl_typesupport_fastrtps_cpp/px4_msgs/msg/detail/dds_fastrtps/magnetometer_bias_estimate__type_support.cpp.o[0m
[94.939s] [ 68%] [32mBuilding CXX object CMakeFiles/px4_msgs__rosidl_typesupport_fastrtps_cpp.dir/rosidl_typesupport_fastrtps_cpp/px4_msgs/msg/detail/dds_fastrtps/manual_control_setpoint__type_support.cpp.o[0m
[94.944s] [ 68%] [32mBuilding C object CMakeFiles/px4_msgs__rosidl_typesupport_introspection_c.dir/rosidl_typesupport_introspection_c/px4_msgs/msg/detail/wind__type_support.c.o[0m
[94.985s] [ 68%] [32mBuilding C object CMakeFiles/px4_msgs__rosidl_typesupport_introspection_c.dir/rosidl_typesupport_introspection_c/px4_msgs/msg/detail/yaw_estimator_status__type_support.c.o[0m
[95.036s] [ 68%] [32mBuilding C object CMakeFiles/px4_msgs__rosidl_typesupport_introspection_c.dir/rosidl_typesupport_introspection_c/px4_msgs/srv/detail/vehicle_command__type_support.c.o[0m
[95.083s] [ 68%] [32m[1mLinking C shared library libpx4_msgs__rosidl_typesupport_introspection_c.so[0m
[95.179s] [ 68%] [32mBuilding CXX object CMakeFiles/px4_msgs__rosidl_typesupport_cpp.dir/rosidl_typesupport_cpp/px4_msgs/msg/sensor_gyro_fft__type_support.cpp.o[0m
[95.192s] [ 68%] Built target px4_msgs__rosidl_typesupport_introspection_c
[95.203s] [ 68%] [32mBuilding CXX object CMakeFiles/px4_msgs__rosidl_typesupport_fastrtps_cpp.dir/rosidl_typesupport_fastrtps_cpp/px4_msgs/msg/detail/dds_fastrtps/manual_control_switches__type_support.cpp.o[0m
[95.237s] [ 68%] [32m[1mLinking CXX shared library libpx4_msgs__rosidl_typesupport_introspection_cpp.so[0m
[95.274s] [ 68%] [32mBuilding CXX object CMakeFiles/px4_msgs__rosidl_typesupport_fastrtps_c.dir/rosidl_typesupport_fastrtps_c/px4_msgs/msg/detail/debug_value__type_support_c.cpp.o[0m
[95.384s] [ 68%] [32mBuilding CXX object CMakeFiles/px4_msgs__rosidl_typesupport_fastrtps_c.dir/rosidl_typesupport_fastrtps_c/px4_msgs/msg/detail/debug_vect__type_support_c.cpp.o[0m
[95.414s] [ 68%] [32mBuilding CXX object CMakeFiles/px4_msgs__rosidl_typesupport_fastrtps_c.dir/rosidl_typesupport_fastrtps_c/px4_msgs/msg/detail/differential_pressure__type_support_c.cpp.o[0m
[95.418s] [ 68%] [32mBuilding CXX object CMakeFiles/px4_msgs__rosidl_typesupport_cpp.dir/rosidl_typesupport_cpp/px4_msgs/msg/sensor_gyro_fifo__type_support.cpp.o[0m
[95.450s] [ 68%] Built target px4_msgs__rosidl_typesupport_introspection_cpp
[95.456s] [ 68%] [32mBuilding CXX object CMakeFiles/px4_msgs__rosidl_typesupport_cpp.dir/rosidl_typesupport_cpp/px4_msgs/msg/sensor_hygrometer__type_support.cpp.o[0m
[95.459s] [ 68%] [32mBuilding CXX object CMakeFiles/px4_msgs__rosidl_typesupport_cpp.dir/rosidl_typesupport_cpp/px4_msgs/msg/sensor_mag__type_support.cpp.o[0m
[95.487s] [ 68%] [32mBuilding CXX object CMakeFiles/px4_msgs__rosidl_typesupport_fastrtps_cpp.dir/rosidl_typesupport_fastrtps_cpp/px4_msgs/msg/detail/dds_fastrtps/mavlink_log__type_support.cpp.o[0m
[95.682s] [ 68%] [32mBuilding CXX object CMakeFiles/px4_msgs__rosidl_typesupport_fastrtps_cpp.dir/rosidl_typesupport_fastrtps_cpp/px4_msgs/msg/detail/dds_fastrtps/mavlink_tunnel__type_support.cpp.o[0m
[95.686s] [ 68%] [32mBuilding CXX object CMakeFiles/px4_msgs__rosidl_typesupport_fastrtps_cpp.dir/rosidl_typesupport_fastrtps_cpp/px4_msgs/msg/detail/dds_fastrtps/mission__type_support.cpp.o[0m
[95.742s] [ 68%] [32mBuilding CXX object CMakeFiles/px4_msgs__rosidl_typesupport_fastrtps_cpp.dir/rosidl_typesupport_fastrtps_cpp/px4_msgs/msg/detail/dds_fastrtps/mission_result__type_support.cpp.o[0m
[95.786s] [ 68%] [32mBuilding CXX object CMakeFiles/px4_msgs__rosidl_typesupport_fastrtps_c.dir/rosidl_typesupport_fastrtps_c/px4_msgs/msg/detail/distance_sensor__type_support_c.cpp.o[0m
[95.824s] [ 68%] [32mBuilding CXX object CMakeFiles/px4_msgs__rosidl_typesupport_fastrtps_cpp.dir/rosidl_typesupport_fastrtps_cpp/px4_msgs/msg/detail/dds_fastrtps/mode_completed__type_support.cpp.o[0m
[95.833s] [ 68%] [32mBuilding CXX object CMakeFiles/px4_msgs__rosidl_typesupport_cpp.dir/rosidl_typesupport_cpp/px4_msgs/msg/sensor_optical_flow__type_support.cpp.o[0m
[95.971s] [ 68%] [32mBuilding CXX object CMakeFiles/px4_msgs__rosidl_typesupport_cpp.dir/rosidl_typesupport_cpp/px4_msgs/msg/sensor_preflight_mag__type_support.cpp.o[0m
[96.012s] [ 68%] [32mBuilding CXX object CMakeFiles/px4_msgs__rosidl_typesupport_fastrtps_cpp.dir/rosidl_typesupport_fastrtps_cpp/px4_msgs/msg/detail/dds_fastrtps/mode_flag__type_support.cpp.o[0m
[96.165s] [ 68%] [32mBuilding CXX object CMakeFiles/px4_msgs__rosidl_typesupport_cpp.dir/rosidl_typesupport_cpp/px4_msgs/msg/sensor_selection__type_support.cpp.o[0m
[96.167s] [ 69%] [32mBuilding CXX object CMakeFiles/px4_msgs__rosidl_typesupport_fastrtps_c.dir/rosidl_typesupport_fastrtps_c/px4_msgs/msg/detail/ekf2_timestamps__type_support_c.cpp.o[0m
[96.188s] [ 69%] [32mBuilding CXX object CMakeFiles/px4_msgs__rosidl_typesupport_fastrtps_cpp.dir/rosidl_typesupport_fastrtps_cpp/px4_msgs/msg/detail/dds_fastrtps/mount_orientation__type_support.cpp.o[0m
[96.201s] [ 69%] [32mBuilding CXX object CMakeFiles/px4_msgs__rosidl_typesupport_cpp.dir/rosidl_typesupport_cpp/px4_msgs/msg/sensor_uwb__type_support.cpp.o[0m
[96.230s] [ 69%] [32mBuilding CXX object CMakeFiles/px4_msgs__rosidl_typesupport_fastrtps_c.dir/rosidl_typesupport_fastrtps_c/px4_msgs/msg/detail/esc_report__type_support_c.cpp.o[0m
[96.294s] [ 69%] [32mBuilding CXX object CMakeFiles/px4_msgs__rosidl_typesupport_fastrtps_c.dir/rosidl_typesupport_fastrtps_c/px4_msgs/msg/detail/esc_status__type_support_c.cpp.o[0m
[96.303s] [ 69%] [32mBuilding CXX object CMakeFiles/px4_msgs__rosidl_typesupport_fastrtps_c.dir/rosidl_typesupport_fastrtps_c/px4_msgs/msg/detail/estimator_aid_source1d__type_support_c.cpp.o[0m
[96.487s] [ 69%] [32mBuilding CXX object CMakeFiles/px4_msgs__rosidl_typesupport_fastrtps_cpp.dir/rosidl_typesupport_fastrtps_cpp/px4_msgs/msg/detail/dds_fastrtps/navigator_mission_item__type_support.cpp.o[0m
[96.525s] [ 69%] [32mBuilding CXX object CMakeFiles/px4_msgs__rosidl_typesupport_cpp.dir/rosidl_typesupport_cpp/px4_msgs/msg/sensors_status__type_support.cpp.o[0m
[96.575s] [ 69%] [32mBuilding CXX object CMakeFiles/px4_msgs__rosidl_typesupport_fastrtps_cpp.dir/rosidl_typesupport_fastrtps_cpp/px4_msgs/msg/detail/dds_fastrtps/normalized_unsigned_setpoint__type_support.cpp.o[0m
[96.645s] [ 69%] [32mBuilding CXX object CMakeFiles/px4_msgs__rosidl_typesupport_cpp.dir/rosidl_typesupport_cpp/px4_msgs/msg/sensors_status_imu__type_support.cpp.o[0m
[96.706s] [ 69%] [32mBuilding CXX object CMakeFiles/px4_msgs__rosidl_typesupport_fastrtps_cpp.dir/rosidl_typesupport_fastrtps_cpp/px4_msgs/msg/detail/dds_fastrtps/npfg_status__type_support.cpp.o[0m
[96.715s] [ 69%] [32mBuilding CXX object CMakeFiles/px4_msgs__rosidl_typesupport_cpp.dir/rosidl_typesupport_cpp/px4_msgs/msg/simulink_custom_message__type_support.cpp.o[0m
[96.721s] [ 69%] [32mBuilding CXX object CMakeFiles/px4_msgs__rosidl_typesupport_fastrtps_c.dir/rosidl_typesupport_fastrtps_c/px4_msgs/msg/detail/estimator_aid_source2d__type_support_c.cpp.o[0m
[96.818s] [ 69%] [32mBuilding CXX object CMakeFiles/px4_msgs__rosidl_typesupport_cpp.dir/rosidl_typesupport_cpp/px4_msgs/msg/states_and_actuators__type_support.cpp.o[0m
[96.850s] [ 69%] [32mBuilding CXX object CMakeFiles/px4_msgs__rosidl_typesupport_fastrtps_c.dir/rosidl_typesupport_fastrtps_c/px4_msgs/msg/detail/estimator_aid_source3d__type_support_c.cpp.o[0m
[96.974s] [ 69%] [32mBuilding CXX object CMakeFiles/px4_msgs__rosidl_typesupport_fastrtps_c.dir/rosidl_typesupport_fastrtps_c/px4_msgs/msg/detail/estimator_bias__type_support_c.cpp.o[0m
[96.984s] [ 69%] [32mBuilding CXX object CMakeFiles/px4_msgs__rosidl_typesupport_fastrtps_cpp.dir/rosidl_typesupport_fastrtps_cpp/px4_msgs/msg/detail/dds_fastrtps/obstacle_distance__type_support.cpp.o[0m
[97.046s] [ 69%] [32mBuilding CXX object CMakeFiles/px4_msgs__rosidl_typesupport_fastrtps_c.dir/rosidl_typesupport_fastrtps_c/px4_msgs/msg/detail/estimator_bias3d__type_support_c.cpp.o[0m
[97.069s] [ 69%] [32mBuilding CXX object CMakeFiles/px4_msgs__rosidl_typesupport_fastrtps_c.dir/rosidl_typesupport_fastrtps_c/px4_msgs/msg/detail/estimator_event_flags__type_support_c.cpp.o[0m
[97.140s] [ 69%] [32mBuilding CXX object CMakeFiles/px4_msgs__rosidl_typesupport_fastrtps_cpp.dir/rosidl_typesupport_fastrtps_cpp/px4_msgs/msg/detail/dds_fastrtps/offboard_control_mode__type_support.cpp.o[0m
[97.193s] [ 69%] [32mBuilding CXX object CMakeFiles/px4_msgs__rosidl_typesupport_cpp.dir/rosidl_typesupport_cpp/px4_msgs/msg/system_power__type_support.cpp.o[0m
[97.263s] [ 69%] [32mBuilding CXX object CMakeFiles/px4_msgs__rosidl_typesupport_cpp.dir/rosidl_typesupport_cpp/px4_msgs/msg/takeoff_status__type_support.cpp.o[0m
[97.363s] [ 69%] [32mBuilding CXX object CMakeFiles/px4_msgs__rosidl_typesupport_fastrtps_cpp.dir/rosidl_typesupport_fastrtps_cpp/px4_msgs/msg/detail/dds_fastrtps/onboard_computer_status__type_support.cpp.o[0m
[97.384s] [ 70%] [32mBuilding CXX object CMakeFiles/px4_msgs__rosidl_typesupport_cpp.dir/rosidl_typesupport_cpp/px4_msgs/msg/task_stack_info__type_support.cpp.o[0m
[97.461s] [ 70%] [32mBuilding CXX object CMakeFiles/px4_msgs__rosidl_typesupport_cpp.dir/rosidl_typesupport_cpp/px4_msgs/msg/tecs_status__type_support.cpp.o[0m
[97.461s] [ 70%] [32mBuilding CXX object CMakeFiles/px4_msgs__rosidl_typesupport_cpp.dir/rosidl_typesupport_cpp/px4_msgs/msg/telemetry_status__type_support.cpp.o[0m
[97.518s] [ 70%] [32mBuilding CXX object CMakeFiles/px4_msgs__rosidl_typesupport_fastrtps_c.dir/rosidl_typesupport_fastrtps_c/px4_msgs/msg/detail/estimator_gps_status__type_support_c.cpp.o[0m
[97.528s] [ 70%] [32mBuilding CXX object CMakeFiles/px4_msgs__rosidl_typesupport_fastrtps_c.dir/rosidl_typesupport_fastrtps_c/px4_msgs/msg/detail/estimator_innovations__type_support_c.cpp.o[0m
[97.584s] [ 71%] [32mBuilding CXX object CMakeFiles/px4_msgs__rosidl_typesupport_fastrtps_cpp.dir/rosidl_typesupport_fastrtps_cpp/px4_msgs/msg/detail/dds_fastrtps/orb_test__type_support.cpp.o[0m
[97.620s] [ 71%] [32mBuilding CXX object CMakeFiles/px4_msgs__rosidl_typesupport_fastrtps_c.dir/rosidl_typesupport_fastrtps_c/px4_msgs/msg/detail/estimator_selector_status__type_support_c.cpp.o[0m
[97.708s] [ 71%] [32mBuilding CXX object CMakeFiles/px4_msgs__rosidl_typesupport_fastrtps_c.dir/rosidl_typesupport_fastrtps_c/px4_msgs/msg/detail/estimator_sensor_bias__type_support_c.cpp.o[0m
[97.774s] [ 71%] [32mBuilding CXX object CMakeFiles/px4_msgs__rosidl_typesupport_cpp.dir/rosidl_typesupport_cpp/px4_msgs/msg/tiltrotor_extra_controls__type_support.cpp.o[0m
[97.775s] [ 71%] [32mBuilding CXX object CMakeFiles/px4_msgs__rosidl_typesupport_fastrtps_c.dir/rosidl_typesupport_fastrtps_c/px4_msgs/msg/detail/estimator_states__type_support_c.cpp.o[0m
[97.953s] [ 71%] [32mBuilding CXX object CMakeFiles/px4_msgs__rosidl_typesupport_fastrtps_cpp.dir/rosidl_typesupport_fastrtps_cpp/px4_msgs/msg/detail/dds_fastrtps/orb_test_large__type_support.cpp.o[0m
[97.973s] [ 71%] [32mBuilding CXX object CMakeFiles/px4_msgs__rosidl_typesupport_fastrtps_cpp.dir/rosidl_typesupport_fastrtps_cpp/px4_msgs/msg/detail/dds_fastrtps/orb_test_medium__type_support.cpp.o[0m
[98.036s] [ 71%] [32mBuilding CXX object CMakeFiles/px4_msgs__rosidl_typesupport_fastrtps_cpp.dir/rosidl_typesupport_fastrtps_cpp/px4_msgs/msg/detail/dds_fastrtps/orbit_status__type_support.cpp.o[0m
[98.057s] [ 71%] [32mBuilding CXX object CMakeFiles/px4_msgs__rosidl_typesupport_fastrtps_c.dir/rosidl_typesupport_fastrtps_c/px4_msgs/msg/detail/estimator_status__type_support_c.cpp.o[0m
[98.101s] [ 71%] [32mBuilding CXX object CMakeFiles/px4_msgs__rosidl_typesupport_cpp.dir/rosidl_typesupport_cpp/px4_msgs/msg/timesync_status__type_support.cpp.o[0m
[98.128s] [ 71%] [32mBuilding CXX object CMakeFiles/px4_msgs__rosidl_typesupport_fastrtps_cpp.dir/rosidl_typesupport_fastrtps_cpp/px4_msgs/msg/detail/dds_fastrtps/output_test__type_support.cpp.o[0m
[98.181s] [ 71%] [32mBuilding CXX object CMakeFiles/px4_msgs__rosidl_typesupport_cpp.dir/rosidl_typesupport_cpp/px4_msgs/msg/trajectory_bezier__type_support.cpp.o[0m
[98.253s] [ 71%] [32mBuilding CXX object CMakeFiles/px4_msgs__rosidl_typesupport_cpp.dir/rosidl_typesupport_cpp/px4_msgs/msg/trajectory_setpoint__type_support.cpp.o[0m
[98.425s] [ 72%] [32mBuilding CXX object CMakeFiles/px4_msgs__rosidl_typesupport_fastrtps_c.dir/rosidl_typesupport_fastrtps_c/px4_msgs/msg/detail/estimator_status_flags__type_support_c.cpp.o[0m
[98.431s] [ 72%] [32mBuilding CXX object CMakeFiles/px4_msgs__rosidl_typesupport_cpp.dir/rosidl_typesupport_cpp/px4_msgs/msg/trajectory_waypoint__type_support.cpp.o[0m
[98.489s] [ 72%] [32mBuilding CXX object CMakeFiles/px4_msgs__rosidl_typesupport_fastrtps_cpp.dir/rosidl_typesupport_fastrtps_cpp/px4_msgs/msg/detail/dds_fastrtps/parameter_update__type_support.cpp.o[0m
[98.505s] [ 72%] [32mBuilding CXX object CMakeFiles/px4_msgs__rosidl_typesupport_fastrtps_c.dir/rosidl_typesupport_fastrtps_c/px4_msgs/msg/detail/event__type_support_c.cpp.o[0m
[98.506s] [ 72%] [32mBuilding CXX object CMakeFiles/px4_msgs__rosidl_typesupport_fastrtps_cpp.dir/rosidl_typesupport_fastrtps_cpp/px4_msgs/msg/detail/dds_fastrtps/ping__type_support.cpp.o[0m
[98.515s] [ 72%] [32mBuilding CXX object CMakeFiles/px4_msgs__rosidl_typesupport_fastrtps_cpp.dir/rosidl_typesupport_fastrtps_cpp/px4_msgs/msg/detail/dds_fastrtps/position_controller_landing_status__type_support.cpp.o[0m
[98.622s] [ 72%] [32mBuilding CXX object CMakeFiles/px4_msgs__rosidl_typesupport_cpp.dir/rosidl_typesupport_cpp/px4_msgs/msg/transponder_report__type_support.cpp.o[0m
[98.755s] [ 72%] [32mBuilding CXX object CMakeFiles/px4_msgs__rosidl_typesupport_fastrtps_cpp.dir/rosidl_typesupport_fastrtps_cpp/px4_msgs/msg/detail/dds_fastrtps/position_controller_status__type_support.cpp.o[0m
[98.806s] [ 72%] [32mBuilding CXX object CMakeFiles/px4_msgs__rosidl_typesupport_fastrtps_c.dir/rosidl_typesupport_fastrtps_c/px4_msgs/msg/detail/failsafe_flags__type_support_c.cpp.o[0m
[98.872s] [ 72%] [32mBuilding CXX object CMakeFiles/px4_msgs__rosidl_typesupport_cpp.dir/rosidl_typesupport_cpp/px4_msgs/msg/tune_control__type_support.cpp.o[0m
[98.953s] [ 72%] [32mBuilding CXX object CMakeFiles/px4_msgs__rosidl_typesupport_fastrtps_cpp.dir/rosidl_typesupport_fastrtps_cpp/px4_msgs/msg/detail/dds_fastrtps/position_setpoint__type_support.cpp.o[0m
[98.953s] [ 72%] [32mBuilding CXX object CMakeFiles/px4_msgs__rosidl_typesupport_fastrtps_c.dir/rosidl_typesupport_fastrtps_c/px4_msgs/msg/detail/failure_detector_status__type_support_c.cpp.o[0m
[98.976s] [ 72%] [32mBuilding CXX object CMakeFiles/px4_msgs__rosidl_typesupport_fastrtps_c.dir/rosidl_typesupport_fastrtps_c/px4_msgs/msg/detail/follow_target__type_support_c.cpp.o[0m
[98.989s] [ 72%] [32mBuilding CXX object CMakeFiles/px4_msgs__rosidl_typesupport_cpp.dir/rosidl_typesupport_cpp/px4_msgs/msg/uavcan_parameter_value__type_support.cpp.o[0m
[98.989s] [ 72%] [32mBuilding CXX object CMakeFiles/px4_msgs__rosidl_typesupport_cpp.dir/rosidl_typesupport_cpp/px4_msgs/msg/uavcan_parameter_request__type_support.cpp.o[0m
[99.192s] [ 72%] [32mBuilding CXX object CMakeFiles/px4_msgs__rosidl_typesupport_fastrtps_cpp.dir/rosidl_typesupport_fastrtps_cpp/px4_msgs/msg/detail/dds_fastrtps/position_setpoint_triplet__type_support.cpp.o[0m
[99.240s] [ 72%] [32mBuilding CXX object CMakeFiles/px4_msgs__rosidl_typesupport_cpp.dir/rosidl_typesupport_cpp/px4_msgs/msg/ulog_stream__type_support.cpp.o[0m
[99.314s] [ 72%] [32mBuilding CXX object CMakeFiles/px4_msgs__rosidl_typesupport_fastrtps_c.dir/rosidl_typesupport_fastrtps_c/px4_msgs/msg/detail/follow_target_estimator__type_support_c.cpp.o[0m
[99.317s] [ 72%] [32mBuilding CXX object CMakeFiles/px4_msgs__rosidl_typesupport_fastrtps_cpp.dir/rosidl_typesupport_fastrtps_cpp/px4_msgs/msg/detail/dds_fastrtps/power_button_state__type_support.cpp.o[0m
[99.386s] [ 72%] [32mBuilding CXX object CMakeFiles/px4_msgs__rosidl_typesupport_fastrtps_cpp.dir/rosidl_typesupport_fastrtps_cpp/px4_msgs/msg/detail/dds_fastrtps/power_monitor__type_support.cpp.o[0m
[99.408s] [ 72%] [32mBuilding CXX object CMakeFiles/px4_msgs__rosidl_typesupport_cpp.dir/rosidl_typesupport_cpp/px4_msgs/msg/ulog_stream_ack__type_support.cpp.o[0m
[99.447s] [ 72%] [32mBuilding CXX object CMakeFiles/px4_msgs__rosidl_typesupport_cpp.dir/rosidl_typesupport_cpp/px4_msgs/msg/vehicle_acceleration__type_support.cpp.o[0m
[99.531s] [ 73%] [32mBuilding CXX object CMakeFiles/px4_msgs__rosidl_typesupport_cpp.dir/rosidl_typesupport_cpp/px4_msgs/msg/vehicle_air_data__type_support.cpp.o[0m
[99.564s] [ 73%] [32mBuilding CXX object CMakeFiles/px4_msgs__rosidl_typesupport_fastrtps_cpp.dir/rosidl_typesupport_fastrtps_cpp/px4_msgs/msg/detail/dds_fastrtps/pps_capture__type_support.cpp.o[0m
[99.670s] [ 73%] [32mBuilding CXX object CMakeFiles/px4_msgs__rosidl_typesupport_fastrtps_c.dir/rosidl_typesupport_fastrtps_c/px4_msgs/msg/detail/follow_target_status__type_support_c.cpp.o[0m
[99.732s] [ 73%] [32mBuilding CXX object CMakeFiles/px4_msgs__rosidl_typesupport_fastrtps_cpp.dir/rosidl_typesupport_fastrtps_cpp/px4_msgs/msg/detail/dds_fastrtps/pwm_input__type_support.cpp.o[0m
[99.756s] [ 74%] [32mBuilding CXX object CMakeFiles/px4_msgs__rosidl_typesupport_fastrtps_cpp.dir/rosidl_typesupport_fastrtps_cpp/px4_msgs/msg/detail/dds_fastrtps/px4io_status__type_support.cpp.o[0m
[99.776s] [ 74%] [32mBuilding CXX object CMakeFiles/px4_msgs__rosidl_typesupport_fastrtps_c.dir/rosidl_typesupport_fastrtps_c/px4_msgs/msg/detail/generator_status__type_support_c.cpp.o[0m
[99.784s] [ 74%] [32mBuilding CXX object CMakeFiles/px4_msgs__rosidl_typesupport_fastrtps_c.dir/rosidl_typesupport_fastrtps_c/px4_msgs/msg/detail/geofence_result__type_support_c.cpp.o[0m
[99.871s] [ 74%] [32mBuilding CXX object CMakeFiles/px4_msgs__rosidl_typesupport_fastrtps_c.dir/rosidl_typesupport_fastrtps_c/px4_msgs/msg/detail/gimbal_controls__type_support_c.cpp.o[0m
[100.041s] [ 74%] [32mBuilding CXX object CMakeFiles/px4_msgs__rosidl_typesupport_fastrtps_c.dir/rosidl_typesupport_fastrtps_c/px4_msgs/msg/detail/gimbal_device_attitude_status__type_support_c.cpp.o[0m
[100.081s] [ 74%] [32mBuilding CXX object CMakeFiles/px4_msgs__rosidl_typesupport_fastrtps_cpp.dir/rosidl_typesupport_fastrtps_cpp/px4_msgs/msg/detail/dds_fastrtps/qshell_req__type_support.cpp.o[0m
[100.086s] [ 74%] [32mBuilding CXX object CMakeFiles/px4_msgs__rosidl_typesupport_cpp.dir/rosidl_typesupport_cpp/px4_msgs/msg/vehicle_angular_acceleration_setpoint__type_support.cpp.o[0m
[100.189s] [ 74%] [32mBuilding CXX object CMakeFiles/px4_msgs__rosidl_typesupport_fastrtps_cpp.dir/rosidl_typesupport_fastrtps_cpp/px4_msgs/msg/detail/dds_fastrtps/qshell_retval__type_support.cpp.o[0m
[100.191s] [ 74%] [32mBuilding CXX object CMakeFiles/px4_msgs__rosidl_typesupport_cpp.dir/rosidl_typesupport_cpp/px4_msgs/msg/vehicle_angular_velocity__type_support.cpp.o[0m
[100.208s] [ 74%] [32mBuilding CXX object CMakeFiles/px4_msgs__rosidl_typesupport_fastrtps_c.dir/rosidl_typesupport_fastrtps_c/px4_msgs/msg/detail/gimbal_device_information__type_support_c.cpp.o[0m
[100.273s] [ 74%] [32mBuilding CXX object CMakeFiles/px4_msgs__rosidl_typesupport_fastrtps_cpp.dir/rosidl_typesupport_fastrtps_cpp/px4_msgs/msg/detail/dds_fastrtps/radio_status__type_support.cpp.o[0m
[100.311s] [ 74%] [32mBuilding CXX object CMakeFiles/px4_msgs__rosidl_typesupport_cpp.dir/rosidl_typesupport_cpp/px4_msgs/msg/vehicle_attitude__type_support.cpp.o[0m
[100.460s] [ 74%] [32mBuilding CXX object CMakeFiles/px4_msgs__rosidl_typesupport_cpp.dir/rosidl_typesupport_cpp/px4_msgs/msg/vehicle_attitude_setpoint__type_support.cpp.o[0m
[100.516s] [ 74%] [32mBuilding CXX object CMakeFiles/px4_msgs__rosidl_typesupport_fastrtps_c.dir/rosidl_typesupport_fastrtps_c/px4_msgs/msg/detail/gimbal_device_set_attitude__type_support_c.cpp.o[0m
[100.567s] [ 74%] [32mBuilding CXX object CMakeFiles/px4_msgs__rosidl_typesupport_cpp.dir/rosidl_typesupport_cpp/px4_msgs/msg/vehicle_command__type_support.cpp.o[0m
[100.623s] [ 74%] [32mBuilding CXX object CMakeFiles/px4_msgs__rosidl_typesupport_fastrtps_cpp.dir/rosidl_typesupport_fastrtps_cpp/px4_msgs/msg/detail/dds_fastrtps/rate_ctrl_status__type_support.cpp.o[0m
[100.633s] [ 74%] [32mBuilding CXX object CMakeFiles/px4_msgs__rosidl_typesupport_fastrtps_cpp.dir/rosidl_typesupport_fastrtps_cpp/px4_msgs/msg/detail/dds_fastrtps/rc_channels__type_support.cpp.o[0m
[100.668s] [ 74%] [32mBuilding CXX object CMakeFiles/px4_msgs__rosidl_typesupport_fastrtps_c.dir/rosidl_typesupport_fastrtps_c/px4_msgs/msg/detail/gimbal_manager_information__type_support_c.cpp.o[0m
[100.676s] [ 74%] [32mBuilding CXX object CMakeFiles/px4_msgs__rosidl_typesupport_fastrtps_c.dir/rosidl_typesupport_fastrtps_c/px4_msgs/msg/detail/gimbal_manager_set_attitude__type_support_c.cpp.o[0m
[100.754s] [ 74%] [32mBuilding CXX object CMakeFiles/px4_msgs__rosidl_typesupport_fastrtps_c.dir/rosidl_typesupport_fastrtps_c/px4_msgs/msg/detail/gimbal_manager_set_manual_control__type_support_c.cpp.o[0m
[100.785s] [ 75%] [32mBuilding CXX object CMakeFiles/px4_msgs__rosidl_typesupport_fastrtps_c.dir/rosidl_typesupport_fastrtps_c/px4_msgs/msg/detail/gimbal_manager_status__type_support_c.cpp.o[0m
[100.891s] [ 75%] [32mBuilding CXX object CMakeFiles/px4_msgs__rosidl_typesupport_cpp.dir/rosidl_typesupport_cpp/px4_msgs/msg/vehicle_command_ack__type_support.cpp.o[0m
[100.927s] [ 75%] [32mBuilding CXX object CMakeFiles/px4_msgs__rosidl_typesupport_cpp.dir/rosidl_typesupport_cpp/px4_msgs/msg/vehicle_constraints__type_support.cpp.o[0m
[101.079s] [ 75%] [32mBuilding CXX object CMakeFiles/px4_msgs__rosidl_typesupport_fastrtps_cpp.dir/rosidl_typesupport_fastrtps_cpp/px4_msgs/msg/detail/dds_fastrtps/rc_parameter_map__type_support.cpp.o[0m
[101.128s] [ 75%] [32mBuilding CXX object CMakeFiles/px4_msgs__rosidl_typesupport_fastrtps_c.dir/rosidl_typesupport_fastrtps_c/px4_msgs/msg/detail/gps_dump__type_support_c.cpp.o[0m
[101.160s] [ 75%] [32mBuilding CXX object CMakeFiles/px4_msgs__rosidl_typesupport_cpp.dir/rosidl_typesupport_cpp/px4_msgs/msg/vehicle_control_mode__type_support.cpp.o[0m
[101.169s] [ 75%] [32mBuilding CXX object CMakeFiles/px4_msgs__rosidl_typesupport_cpp.dir/rosidl_typesupport_cpp/px4_msgs/msg/vehicle_global_position__type_support.cpp.o[0m
[101.198s] [ 75%] [32mBuilding CXX object CMakeFiles/px4_msgs__rosidl_typesupport_cpp.dir/rosidl_typesupport_cpp/px4_msgs/msg/vehicle_imu__type_support.cpp.o[0m
[101.214s] [ 75%] [32mBuilding CXX object CMakeFiles/px4_msgs__rosidl_typesupport_fastrtps_c.dir/rosidl_typesupport_fastrtps_c/px4_msgs/msg/detail/gps_inject_data__type_support_c.cpp.o[0m
[101.252s] [ 75%] [32mBuilding CXX object CMakeFiles/px4_msgs__rosidl_typesupport_fastrtps_cpp.dir/rosidl_typesupport_fastrtps_cpp/px4_msgs/msg/detail/dds_fastrtps/rpm__type_support.cpp.o[0m
[101.390s] [ 75%] [32mBuilding CXX object CMakeFiles/px4_msgs__rosidl_typesupport_cpp.dir/rosidl_typesupport_cpp/px4_msgs/msg/vehicle_imu_status__type_support.cpp.o[0m
[101.497s] [ 75%] [32mBuilding CXX object CMakeFiles/px4_msgs__rosidl_typesupport_fastrtps_c.dir/rosidl_typesupport_fastrtps_c/px4_msgs/msg/detail/gripper__type_support_c.cpp.o[0m
[101.517s] [ 75%] [32mBuilding CXX object CMakeFiles/px4_msgs__rosidl_typesupport_fastrtps_cpp.dir/rosidl_typesupport_fastrtps_cpp/px4_msgs/msg/detail/dds_fastrtps/rtl_time_estimate__type_support.cpp.o[0m
[101.528s] [ 75%] [32mBuilding CXX object CMakeFiles/px4_msgs__rosidl_typesupport_fastrtps_cpp.dir/rosidl_typesupport_fastrtps_cpp/px4_msgs/msg/detail/dds_fastrtps/satellite_info__type_support.cpp.o[0m
[101.535s] [ 75%] [32mBuilding CXX object CMakeFiles/px4_msgs__rosidl_typesupport_fastrtps_cpp.dir/rosidl_typesupport_fastrtps_cpp/px4_msgs/msg/detail/dds_fastrtps/sensor_accel__type_support.cpp.o[0m
[101.569s] [ 75%] [32mBuilding CXX object CMakeFiles/px4_msgs__rosidl_typesupport_cpp.dir/rosidl_typesupport_cpp/px4_msgs/msg/vehicle_land_detected__type_support.cpp.o[0m
[101.621s] [ 75%] [32mBuilding CXX object CMakeFiles/px4_msgs__rosidl_typesupport_cpp.dir/rosidl_typesupport_cpp/px4_msgs/msg/vehicle_local_position__type_support.cpp.o[0m
[101.727s] [ 75%] [32mBuilding CXX object CMakeFiles/px4_msgs__rosidl_typesupport_cpp.dir/rosidl_typesupport_cpp/px4_msgs/msg/vehicle_local_position_setpoint__type_support.cpp.o[0m
[101.895s] [ 75%] [32mBuilding CXX object CMakeFiles/px4_msgs__rosidl_typesupport_fastrtps_c.dir/rosidl_typesupport_fastrtps_c/px4_msgs/msg/detail/health_report__type_support_c.cpp.o[0m
[101.934s] [ 75%] [32mBuilding CXX object CMakeFiles/px4_msgs__rosidl_typesupport_fastrtps_cpp.dir/rosidl_typesupport_fastrtps_cpp/px4_msgs/msg/detail/dds_fastrtps/sensor_accel_fifo__type_support.cpp.o[0m
[101.947s] [ 75%] [32mBuilding CXX object CMakeFiles/px4_msgs__rosidl_typesupport_cpp.dir/rosidl_typesupport_cpp/px4_msgs/msg/vehicle_magnetometer__type_support.cpp.o[0m
[101.952s] [ 75%] [32mBuilding CXX object CMakeFiles/px4_msgs__rosidl_typesupport_fastrtps_cpp.dir/rosidl_typesupport_fastrtps_cpp/px4_msgs/msg/detail/dds_fastrtps/sensor_baro__type_support.cpp.o[0m
[101.995s] [ 76%] [32mBuilding CXX object CMakeFiles/px4_msgs__rosidl_typesupport_cpp.dir/rosidl_typesupport_cpp/px4_msgs/msg/vehicle_odometry__type_support.cpp.o[0m
[102.011s] [ 76%] [32mBuilding CXX object CMakeFiles/px4_msgs__rosidl_typesupport_cpp.dir/rosidl_typesupport_cpp/px4_msgs/msg/vehicle_optical_flow__type_support.cpp.o[0m
[102.021s] [ 76%] [32mBuilding CXX object CMakeFiles/px4_msgs__rosidl_typesupport_fastrtps_c.dir/rosidl_typesupport_fastrtps_c/px4_msgs/msg/detail/heater_status__type_support_c.cpp.o[0m
[102.053s] [ 76%] [32mBuilding CXX object CMakeFiles/px4_msgs__rosidl_typesupport_fastrtps_cpp.dir/rosidl_typesupport_fastrtps_cpp/px4_msgs/msg/detail/dds_fastrtps/sensor_combined__type_support.cpp.o[0m
[102.299s] [ 76%] [32mBuilding CXX object CMakeFiles/px4_msgs__rosidl_typesupport_cpp.dir/rosidl_typesupport_cpp/px4_msgs/msg/vehicle_optical_flow_vel__type_support.cpp.o[0m
[102.299s] [ 76%] [32mBuilding CXX object CMakeFiles/px4_msgs__rosidl_typesupport_fastrtps_cpp.dir/rosidl_typesupport_fastrtps_cpp/px4_msgs/msg/detail/dds_fastrtps/sensor_correction__type_support.cpp.o[0m
[102.322s] [ 76%] [32mBuilding CXX object CMakeFiles/px4_msgs__rosidl_typesupport_fastrtps_cpp.dir/rosidl_typesupport_fastrtps_cpp/px4_msgs/msg/detail/dds_fastrtps/sensor_gnss_relative__type_support.cpp.o[0m
[102.339s] [ 77%] [32mBuilding CXX object CMakeFiles/px4_msgs__rosidl_typesupport_fastrtps_cpp.dir/rosidl_typesupport_fastrtps_cpp/px4_msgs/msg/detail/dds_fastrtps/sensor_gps__type_support.cpp.o[0m
[102.429s] [ 77%] [32mBuilding CXX object CMakeFiles/px4_msgs__rosidl_typesupport_cpp.dir/rosidl_typesupport_cpp/px4_msgs/msg/vehicle_rates_setpoint__type_support.cpp.o[0m
[102.439s] [ 77%] [32mBuilding CXX object CMakeFiles/px4_msgs__rosidl_typesupport_fastrtps_c.dir/rosidl_typesupport_fastrtps_c/px4_msgs/msg/detail/home_position__type_support_c.cpp.o[0m
[102.545s] [ 77%] [32mBuilding CXX object CMakeFiles/px4_msgs__rosidl_typesupport_cpp.dir/rosidl_typesupport_cpp/px4_msgs/msg/vehicle_roi__type_support.cpp.o[0m
[102.657s] [ 77%] [32mBuilding CXX object CMakeFiles/px4_msgs__rosidl_typesupport_fastrtps_c.dir/rosidl_typesupport_fastrtps_c/px4_msgs/msg/detail/hover_thrust_estimate__type_support_c.cpp.o[0m
[102.752s] [ 77%] [32mBuilding CXX object CMakeFiles/px4_msgs__rosidl_typesupport_fastrtps_c.dir/rosidl_typesupport_fastrtps_c/px4_msgs/msg/detail/input_rc__type_support_c.cpp.o[0m
[102.755s] [ 77%] [32mBuilding CXX object CMakeFiles/px4_msgs__rosidl_typesupport_fastrtps_c.dir/rosidl_typesupport_fastrtps_c/px4_msgs/msg/detail/input_tau__type_support_c.cpp.o[0m
[102.803s] [ 77%] [32mBuilding CXX object CMakeFiles/px4_msgs__rosidl_typesupport_fastrtps_c.dir/rosidl_typesupport_fastrtps_c/px4_msgs/msg/detail/internal_combustion_engine_status__type_support_c.cpp.o[0m
[102.822s] [ 77%] [32mBuilding CXX object CMakeFiles/px4_msgs__rosidl_typesupport_cpp.dir/rosidl_typesupport_cpp/px4_msgs/msg/vehicle_status__type_support.cpp.o[0m
[102.848s] [ 77%] [32mBuilding CXX object CMakeFiles/px4_msgs__rosidl_typesupport_fastrtps_cpp.dir/rosidl_typesupport_fastrtps_cpp/px4_msgs/msg/detail/dds_fastrtps/sensor_gyro__type_support.cpp.o[0m
[102.854s] [ 77%] [32mBuilding CXX object CMakeFiles/px4_msgs__rosidl_typesupport_cpp.dir/rosidl_typesupport_cpp/px4_msgs/msg/vehicle_thrust_setpoint__type_support.cpp.o[0m
[102.870s] [ 77%] [32mBuilding CXX object CMakeFiles/px4_msgs__rosidl_typesupport_cpp.dir/rosidl_typesupport_cpp/px4_msgs/msg/vehicle_torque_setpoint__type_support.cpp.o[0m
[103.099s] [ 77%] [32mBuilding CXX object CMakeFiles/px4_msgs__rosidl_typesupport_fastrtps_cpp.dir/rosidl_typesupport_fastrtps_cpp/px4_msgs/msg/detail/dds_fastrtps/sensor_gyro_fft__type_support.cpp.o[0m
[103.145s] [ 77%] [32mBuilding CXX object CMakeFiles/px4_msgs__rosidl_typesupport_fastrtps_c.dir/rosidl_typesupport_fastrtps_c/px4_msgs/msg/detail/iridiumsbd_status__type_support_c.cpp.o[0m
[103.168s] [ 77%] [32mBuilding CXX object CMakeFiles/px4_msgs__rosidl_typesupport_fastrtps_cpp.dir/rosidl_typesupport_fastrtps_cpp/px4_msgs/msg/detail/dds_fastrtps/sensor_gyro_fifo__type_support.cpp.o[0m
[103.187s] [ 77%] [32mBuilding CXX object CMakeFiles/px4_msgs__rosidl_typesupport_fastrtps_c.dir/rosidl_typesupport_fastrtps_c/px4_msgs/msg/detail/irlock_report__type_support_c.cpp.o[0m
[103.196s] [ 77%] [32mBuilding CXX object CMakeFiles/px4_msgs__rosidl_typesupport_cpp.dir/rosidl_typesupport_cpp/px4_msgs/msg/vehicle_trajectory_bezier__type_support.cpp.o[0m
[103.223s] [ 77%] [32mBuilding CXX object CMakeFiles/px4_msgs__rosidl_typesupport_fastrtps_cpp.dir/rosidl_typesupport_fastrtps_cpp/px4_msgs/msg/detail/dds_fastrtps/sensor_hygrometer__type_support.cpp.o[0m
[103.337s] [ 77%] [32mBuilding CXX object CMakeFiles/px4_msgs__rosidl_typesupport_fastrtps_c.dir/rosidl_typesupport_fastrtps_c/px4_msgs/msg/detail/landing_gear__type_support_c.cpp.o[0m
[103.466s] [ 77%] [32mBuilding CXX object CMakeFiles/px4_msgs__rosidl_typesupport_fastrtps_cpp.dir/rosidl_typesupport_fastrtps_cpp/px4_msgs/msg/detail/dds_fastrtps/sensor_mag__type_support.cpp.o[0m
[103.526s] [ 77%] [32mBuilding CXX object CMakeFiles/px4_msgs__rosidl_typesupport_cpp.dir/rosidl_typesupport_cpp/px4_msgs/msg/vehicle_trajectory_waypoint__type_support.cpp.o[0m
[103.556s] [ 77%] [32mBuilding CXX object CMakeFiles/px4_msgs__rosidl_typesupport_fastrtps_cpp.dir/rosidl_typesupport_fastrtps_cpp/px4_msgs/msg/detail/dds_fastrtps/sensor_optical_flow__type_support.cpp.o[0m
[103.600s] [ 77%] [32mBuilding CXX object CMakeFiles/px4_msgs__rosidl_typesupport_fastrtps_cpp.dir/rosidl_typesupport_fastrtps_cpp/px4_msgs/msg/detail/dds_fastrtps/sensor_preflight_mag__type_support.cpp.o[0m
[103.631s] [ 77%] [32mBuilding CXX object CMakeFiles/px4_msgs__rosidl_typesupport_fastrtps_c.dir/rosidl_typesupport_fastrtps_c/px4_msgs/msg/detail/landing_gear_wheel__type_support_c.cpp.o[0m
[103.652s] [ 77%] [32mBuilding CXX object CMakeFiles/px4_msgs__rosidl_typesupport_cpp.dir/rosidl_typesupport_cpp/px4_msgs/msg/vtol_vehicle_status__type_support.cpp.o[0m
[103.711s] [ 78%] [32mBuilding CXX object CMakeFiles/px4_msgs__rosidl_typesupport_fastrtps_c.dir/rosidl_typesupport_fastrtps_c/px4_msgs/msg/detail/landing_target_innovations__type_support_c.cpp.o[0m
[103.747s] [ 78%] [32mBuilding CXX object CMakeFiles/px4_msgs__rosidl_typesupport_cpp.dir/rosidl_typesupport_cpp/px4_msgs/msg/wind__type_support.cpp.o[0m
[103.856s] [ 78%] [32mBuilding CXX object CMakeFiles/px4_msgs__rosidl_typesupport_fastrtps_c.dir/rosidl_typesupport_fastrtps_c/px4_msgs/msg/detail/landing_target_pose__type_support_c.cpp.o[0m
[103.980s] [ 78%] [32mBuilding CXX object CMakeFiles/px4_msgs__rosidl_typesupport_fastrtps_c.dir/rosidl_typesupport_fastrtps_c/px4_msgs/msg/detail/launch_detection_status__type_support_c.cpp.o[0m
[104.051s] [ 78%] [32mBuilding CXX object CMakeFiles/px4_msgs__rosidl_typesupport_cpp.dir/rosidl_typesupport_cpp/px4_msgs/msg/yaw_estimator_status__type_support.cpp.o[0m
[104.069s] [ 78%] [32mBuilding CXX object CMakeFiles/px4_msgs__rosidl_typesupport_fastrtps_c.dir/rosidl_typesupport_fastrtps_c/px4_msgs/msg/detail/led_control__type_support_c.cpp.o[0m
[104.077s] [ 78%] [32mBuilding CXX object CMakeFiles/px4_msgs__rosidl_typesupport_fastrtps_c.dir/rosidl_typesupport_fastrtps_c/px4_msgs/msg/detail/log_message__type_support_c.cpp.o[0m
[104.078s] [ 78%] [32mBuilding CXX object CMakeFiles/px4_msgs__rosidl_typesupport_fastrtps_c.dir/rosidl_typesupport_fastrtps_c/px4_msgs/msg/detail/logger_status__type_support_c.cpp.o[0m
[104.111s] [ 78%] [32mBuilding CXX object CMakeFiles/px4_msgs__rosidl_typesupport_fastrtps_cpp.dir/rosidl_typesupport_fastrtps_cpp/px4_msgs/msg/detail/dds_fastrtps/sensor_selection__type_support.cpp.o[0m
[104.278s] [ 78%] [32mBuilding CXX object CMakeFiles/px4_msgs__rosidl_typesupport_cpp.dir/rosidl_typesupport_cpp/px4_msgs/srv/vehicle_command__type_support.cpp.o[0m
[104.278s] [ 78%] [32mBuilding CXX object CMakeFiles/px4_msgs__rosidl_typesupport_fastrtps_c.dir/rosidl_typesupport_fastrtps_c/px4_msgs/msg/detail/mag_worker_data__type_support_c.cpp.o[0m
[104.374s] [ 78%] [32mBuilding CXX object CMakeFiles/px4_msgs__rosidl_typesupport_fastrtps_cpp.dir/rosidl_typesupport_fastrtps_cpp/px4_msgs/msg/detail/dds_fastrtps/sensor_uwb__type_support.cpp.o[0m
[104.384s] [ 78%] [32mBuilding CXX object CMakeFiles/px4_msgs__rosidl_typesupport_fastrtps_cpp.dir/rosidl_typesupport_fastrtps_cpp/px4_msgs/msg/detail/dds_fastrtps/sensors_status__type_support.cpp.o[0m
[104.475s] [ 78%] [32mBuilding CXX object CMakeFiles/px4_msgs__rosidl_typesupport_fastrtps_cpp.dir/rosidl_typesupport_fastrtps_cpp/px4_msgs/msg/detail/dds_fastrtps/sensors_status_imu__type_support.cpp.o[0m
[104.489s] [ 78%] [32mBuilding CXX object CMakeFiles/px4_msgs__rosidl_typesupport_fastrtps_cpp.dir/rosidl_typesupport_fastrtps_cpp/px4_msgs/msg/detail/dds_fastrtps/simulink_custom_message__type_support.cpp.o[0m
[104.529s] [ 78%] [32mBuilding CXX object CMakeFiles/px4_msgs__rosidl_typesupport_fastrtps_cpp.dir/rosidl_typesupport_fastrtps_cpp/px4_msgs/msg/detail/dds_fastrtps/states_and_actuators__type_support.cpp.o[0m
[104.585s] [ 78%] [32mBuilding CXX object CMakeFiles/px4_msgs__rosidl_typesupport_fastrtps_c.dir/rosidl_typesupport_fastrtps_c/px4_msgs/msg/detail/magnetometer_bias_estimate__type_support_c.cpp.o[0m
[104.609s] [ 78%] [32m[1mLinking CXX shared library libpx4_msgs__rosidl_typesupport_cpp.so[0m
[104.714s] [ 78%] Built target px4_msgs__rosidl_typesupport_cpp
[104.726s] [ 78%] [32mBuilding CXX object CMakeFiles/px4_msgs__rosidl_typesupport_fastrtps_c.dir/rosidl_typesupport_fastrtps_c/px4_msgs/msg/detail/manual_control_setpoint__type_support_c.cpp.o[0m
[104.858s] [ 78%] [32mBuilding CXX object CMakeFiles/px4_msgs__rosidl_typesupport_fastrtps_c.dir/rosidl_typesupport_fastrtps_c/px4_msgs/msg/detail/manual_control_switches__type_support_c.cpp.o[0m
[104.890s] [ 78%] [32mBuilding CXX object CMakeFiles/px4_msgs__rosidl_typesupport_fastrtps_c.dir/rosidl_typesupport_fastrtps_c/px4_msgs/msg/detail/mavlink_log__type_support_c.cpp.o[0m
[104.968s] [ 78%] [32mBuilding CXX object CMakeFiles/px4_msgs__rosidl_typesupport_fastrtps_c.dir/rosidl_typesupport_fastrtps_c/px4_msgs/msg/detail/mavlink_tunnel__type_support_c.cpp.o[0m
[104.980s] [ 78%] [32mBuilding CXX object CMakeFiles/px4_msgs__rosidl_typesupport_fastrtps_cpp.dir/rosidl_typesupport_fastrtps_cpp/px4_msgs/msg/detail/dds_fastrtps/system_power__type_support.cpp.o[0m
[104.989s] [ 78%] [32mBuilding CXX object CMakeFiles/px4_msgs__rosidl_typesupport_fastrtps_c.dir/rosidl_typesupport_fastrtps_c/px4_msgs/msg/detail/mission__type_support_c.cpp.o[0m
[105.006s] [ 78%] [32mBuilding CXX object CMakeFiles/px4_msgs__rosidl_typesupport_fastrtps_cpp.dir/rosidl_typesupport_fastrtps_cpp/px4_msgs/msg/detail/dds_fastrtps/takeoff_status__type_support.cpp.o[0m
[105.060s] [ 78%] [32mBuilding CXX object CMakeFiles/px4_msgs__rosidl_typesupport_fastrtps_c.dir/rosidl_typesupport_fastrtps_c/px4_msgs/msg/detail/mission_result__type_support_c.cpp.o[0m
[105.141s] [ 79%] [32mBuilding CXX object CMakeFiles/px4_msgs__rosidl_typesupport_fastrtps_cpp.dir/rosidl_typesupport_fastrtps_cpp/px4_msgs/msg/detail/dds_fastrtps/task_stack_info__type_support.cpp.o[0m
[105.269s] [ 79%] [32mBuilding CXX object CMakeFiles/px4_msgs__rosidl_typesupport_fastrtps_cpp.dir/rosidl_typesupport_fastrtps_cpp/px4_msgs/msg/detail/dds_fastrtps/tecs_status__type_support.cpp.o[0m
[105.292s] [ 79%] [32mBuilding CXX object CMakeFiles/px4_msgs__rosidl_typesupport_fastrtps_cpp.dir/rosidl_typesupport_fastrtps_cpp/px4_msgs/msg/detail/dds_fastrtps/telemetry_status__type_support.cpp.o[0m
[105.384s] [ 79%] [32mBuilding CXX object CMakeFiles/px4_msgs__rosidl_typesupport_fastrtps_cpp.dir/rosidl_typesupport_fastrtps_cpp/px4_msgs/msg/detail/dds_fastrtps/tiltrotor_extra_controls__type_support.cpp.o[0m
[105.451s] [ 79%] [32mBuilding CXX object CMakeFiles/px4_msgs__rosidl_typesupport_fastrtps_cpp.dir/rosidl_typesupport_fastrtps_cpp/px4_msgs/msg/detail/dds_fastrtps/timesync_status__type_support.cpp.o[0m
[105.468s] [ 79%] [32mBuilding CXX object CMakeFiles/px4_msgs__rosidl_typesupport_fastrtps_c.dir/rosidl_typesupport_fastrtps_c/px4_msgs/msg/detail/mode_completed__type_support_c.cpp.o[0m
[105.478s] [ 79%] [32mBuilding CXX object CMakeFiles/px4_msgs__rosidl_typesupport_fastrtps_cpp.dir/rosidl_typesupport_fastrtps_cpp/px4_msgs/msg/detail/dds_fastrtps/trajectory_bezier__type_support.cpp.o[0m
[105.624s] [ 79%] [32mBuilding CXX object CMakeFiles/px4_msgs__rosidl_typesupport_fastrtps_c.dir/rosidl_typesupport_fastrtps_c/px4_msgs/msg/detail/mode_flag__type_support_c.cpp.o[0m
[105.761s] [ 80%] [32mBuilding CXX object CMakeFiles/px4_msgs__rosidl_typesupport_fastrtps_c.dir/rosidl_typesupport_fastrtps_c/px4_msgs/msg/detail/mount_orientation__type_support_c.cpp.o[0m
[105.791s] [ 80%] [32mBuilding CXX object CMakeFiles/px4_msgs__rosidl_typesupport_fastrtps_c.dir/rosidl_typesupport_fastrtps_c/px4_msgs/msg/detail/navigator_mission_item__type_support_c.cpp.o[0m
[105.802s] [ 80%] [32mBuilding CXX object CMakeFiles/px4_msgs__rosidl_typesupport_fastrtps_cpp.dir/rosidl_typesupport_fastrtps_cpp/px4_msgs/msg/detail/dds_fastrtps/trajectory_setpoint__type_support.cpp.o[0m
[105.862s] [ 80%] [32mBuilding CXX object CMakeFiles/px4_msgs__rosidl_typesupport_fastrtps_c.dir/rosidl_typesupport_fastrtps_c/px4_msgs/msg/detail/normalized_unsigned_setpoint__type_support_c.cpp.o[0m
[105.879s] [ 80%] [32mBuilding CXX object CMakeFiles/px4_msgs__rosidl_typesupport_fastrtps_cpp.dir/rosidl_typesupport_fastrtps_cpp/px4_msgs/msg/detail/dds_fastrtps/trajectory_waypoint__type_support.cpp.o[0m
[105.958s] [ 80%] [32mBuilding CXX object CMakeFiles/px4_msgs__rosidl_typesupport_fastrtps_c.dir/rosidl_typesupport_fastrtps_c/px4_msgs/msg/detail/npfg_status__type_support_c.cpp.o[0m
[105.975s] [ 80%] [32mBuilding CXX object CMakeFiles/px4_msgs__rosidl_typesupport_fastrtps_c.dir/rosidl_typesupport_fastrtps_c/px4_msgs/msg/detail/obstacle_distance__type_support_c.cpp.o[0m
[106.035s] [ 80%] [32mBuilding CXX object CMakeFiles/px4_msgs__rosidl_typesupport_fastrtps_cpp.dir/rosidl_typesupport_fastrtps_cpp/px4_msgs/msg/detail/dds_fastrtps/transponder_report__type_support.cpp.o[0m
[106.160s] [ 80%] [32mBuilding CXX object CMakeFiles/px4_msgs__rosidl_typesupport_fastrtps_cpp.dir/rosidl_typesupport_fastrtps_cpp/px4_msgs/msg/detail/dds_fastrtps/tune_control__type_support.cpp.o[0m
[106.268s] [ 80%] [32mBuilding CXX object CMakeFiles/px4_msgs__rosidl_typesupport_fastrtps_cpp.dir/rosidl_typesupport_fastrtps_cpp/px4_msgs/msg/detail/dds_fastrtps/uavcan_parameter_request__type_support.cpp.o[0m
[106.284s] [ 80%] [32mBuilding CXX object CMakeFiles/px4_msgs__rosidl_typesupport_fastrtps_c.dir/rosidl_typesupport_fastrtps_c/px4_msgs/msg/detail/offboard_control_mode__type_support_c.cpp.o[0m
[106.370s] [ 80%] [32mBuilding CXX object CMakeFiles/px4_msgs__rosidl_typesupport_fastrtps_c.dir/rosidl_typesupport_fastrtps_c/px4_msgs/msg/detail/onboard_computer_status__type_support_c.cpp.o[0m
[106.373s] [ 80%] [32mBuilding CXX object CMakeFiles/px4_msgs__rosidl_typesupport_fastrtps_cpp.dir/rosidl_typesupport_fastrtps_cpp/px4_msgs/msg/detail/dds_fastrtps/uavcan_parameter_value__type_support.cpp.o[0m
[106.433s] [ 80%] [32mBuilding CXX object CMakeFiles/px4_msgs__rosidl_typesupport_fastrtps_cpp.dir/rosidl_typesupport_fastrtps_cpp/px4_msgs/msg/detail/dds_fastrtps/ulog_stream__type_support.cpp.o[0m
[106.493s] [ 80%] [32mBuilding CXX object CMakeFiles/px4_msgs__rosidl_typesupport_fastrtps_cpp.dir/rosidl_typesupport_fastrtps_cpp/px4_msgs/msg/detail/dds_fastrtps/ulog_stream_ack__type_support.cpp.o[0m
[106.539s] [ 80%] [32mBuilding CXX object CMakeFiles/px4_msgs__rosidl_typesupport_fastrtps_c.dir/rosidl_typesupport_fastrtps_c/px4_msgs/msg/detail/orb_test__type_support_c.cpp.o[0m
[106.643s] [ 80%] [32mBuilding CXX object CMakeFiles/px4_msgs__rosidl_typesupport_fastrtps_c.dir/rosidl_typesupport_fastrtps_c/px4_msgs/msg/detail/orb_test_large__type_support_c.cpp.o[0m
[106.691s] [ 80%] [32mBuilding CXX object CMakeFiles/px4_msgs__rosidl_typesupport_fastrtps_cpp.dir/rosidl_typesupport_fastrtps_cpp/px4_msgs/msg/detail/dds_fastrtps/vehicle_acceleration__type_support.cpp.o[0m
[106.756s] [ 80%] [32mBuilding CXX object CMakeFiles/px4_msgs__rosidl_typesupport_fastrtps_c.dir/rosidl_typesupport_fastrtps_c/px4_msgs/msg/detail/orb_test_medium__type_support_c.cpp.o[0m
[106.797s] [ 81%] [32mBuilding CXX object CMakeFiles/px4_msgs__rosidl_typesupport_fastrtps_cpp.dir/rosidl_typesupport_fastrtps_cpp/px4_msgs/msg/detail/dds_fastrtps/vehicle_air_data__type_support.cpp.o[0m
[106.864s] [ 81%] [32mBuilding CXX object CMakeFiles/px4_msgs__rosidl_typesupport_fastrtps_c.dir/rosidl_typesupport_fastrtps_c/px4_msgs/msg/detail/orbit_status__type_support_c.cpp.o[0m
[106.943s] [ 81%] [32mBuilding CXX object CMakeFiles/px4_msgs__rosidl_typesupport_fastrtps_cpp.dir/rosidl_typesupport_fastrtps_cpp/px4_msgs/msg/detail/dds_fastrtps/vehicle_angular_acceleration_setpoint__type_support.cpp.o[0m
[106.959s] [ 81%] [32mBuilding CXX object CMakeFiles/px4_msgs__rosidl_typesupport_fastrtps_c.dir/rosidl_typesupport_fastrtps_c/px4_msgs/msg/detail/output_test__type_support_c.cpp.o[0m
[107.053s] [ 81%] [32mBuilding CXX object CMakeFiles/px4_msgs__rosidl_typesupport_fastrtps_cpp.dir/rosidl_typesupport_fastrtps_cpp/px4_msgs/msg/detail/dds_fastrtps/vehicle_angular_velocity__type_support.cpp.o[0m
[107.162s] [ 81%] [32mBuilding CXX object CMakeFiles/px4_msgs__rosidl_typesupport_fastrtps_cpp.dir/rosidl_typesupport_fastrtps_cpp/px4_msgs/msg/detail/dds_fastrtps/vehicle_attitude__type_support.cpp.o[0m
[107.170s] [ 81%] [32mBuilding CXX object CMakeFiles/px4_msgs__rosidl_typesupport_fastrtps_c.dir/rosidl_typesupport_fastrtps_c/px4_msgs/msg/detail/parameter_update__type_support_c.cpp.o[0m
[107.274s] [ 81%] [32mBuilding CXX object CMakeFiles/px4_msgs__rosidl_typesupport_fastrtps_c.dir/rosidl_typesupport_fastrtps_c/px4_msgs/msg/detail/ping__type_support_c.cpp.o[0m
[107.281s] [ 81%] [32mBuilding CXX object CMakeFiles/px4_msgs__rosidl_typesupport_fastrtps_cpp.dir/rosidl_typesupport_fastrtps_cpp/px4_msgs/msg/detail/dds_fastrtps/vehicle_attitude_setpoint__type_support.cpp.o[0m
[107.316s] [ 81%] [32mBuilding CXX object CMakeFiles/px4_msgs__rosidl_typesupport_fastrtps_c.dir/rosidl_typesupport_fastrtps_c/px4_msgs/msg/detail/position_controller_landing_status__type_support_c.cpp.o[0m
[107.407s] [ 81%] [32mBuilding CXX object CMakeFiles/px4_msgs__rosidl_typesupport_fastrtps_cpp.dir/rosidl_typesupport_fastrtps_cpp/px4_msgs/msg/detail/dds_fastrtps/vehicle_command__type_support.cpp.o[0m
[107.425s] [ 81%] [32mBuilding CXX object CMakeFiles/px4_msgs__rosidl_typesupport_fastrtps_c.dir/rosidl_typesupport_fastrtps_c/px4_msgs/msg/detail/position_controller_status__type_support_c.cpp.o[0m
[107.533s] [ 82%] [32mBuilding CXX object CMakeFiles/px4_msgs__rosidl_typesupport_fastrtps_c.dir/rosidl_typesupport_fastrtps_c/px4_msgs/msg/detail/position_setpoint__type_support_c.cpp.o[0m
[107.582s] [ 82%] [32mBuilding CXX object CMakeFiles/px4_msgs__rosidl_typesupport_fastrtps_cpp.dir/rosidl_typesupport_fastrtps_cpp/px4_msgs/msg/detail/dds_fastrtps/vehicle_command_ack__type_support.cpp.o[0m
[107.651s] [ 82%] [32mBuilding CXX object CMakeFiles/px4_msgs__rosidl_typesupport_fastrtps_c.dir/rosidl_typesupport_fastrtps_c/px4_msgs/msg/detail/position_setpoint_triplet__type_support_c.cpp.o[0m
[107.686s] [ 82%] [32mBuilding CXX object CMakeFiles/px4_msgs__rosidl_typesupport_fastrtps_cpp.dir/rosidl_typesupport_fastrtps_cpp/px4_msgs/msg/detail/dds_fastrtps/vehicle_constraints__type_support.cpp.o[0m
[107.769s] [ 82%] [32mBuilding CXX object CMakeFiles/px4_msgs__rosidl_typesupport_fastrtps_c.dir/rosidl_typesupport_fastrtps_c/px4_msgs/msg/detail/power_button_state__type_support_c.cpp.o[0m
[107.839s] [ 82%] [32mBuilding CXX object CMakeFiles/px4_msgs__rosidl_typesupport_fastrtps_cpp.dir/rosidl_typesupport_fastrtps_cpp/px4_msgs/msg/detail/dds_fastrtps/vehicle_control_mode__type_support.cpp.o[0m
[107.948s] [ 82%] [32mBuilding CXX object CMakeFiles/px4_msgs__rosidl_typesupport_fastrtps_c.dir/rosidl_typesupport_fastrtps_c/px4_msgs/msg/detail/power_monitor__type_support_c.cpp.o[0m
[107.951s] [ 82%] [32mBuilding CXX object CMakeFiles/px4_msgs__rosidl_typesupport_fastrtps_cpp.dir/rosidl_typesupport_fastrtps_cpp/px4_msgs/msg/detail/dds_fastrtps/vehicle_global_position__type_support.cpp.o[0m
[107.996s] [ 82%] [32mBuilding CXX object CMakeFiles/px4_msgs__rosidl_typesupport_fastrtps_cpp.dir/rosidl_typesupport_fastrtps_cpp/px4_msgs/msg/detail/dds_fastrtps/vehicle_imu__type_support.cpp.o[0m
[108.060s] [ 82%] [32mBuilding CXX object CMakeFiles/px4_msgs__rosidl_typesupport_fastrtps_c.dir/rosidl_typesupport_fastrtps_c/px4_msgs/msg/detail/pps_capture__type_support_c.cpp.o[0m
[108.063s] [ 82%] [32mBuilding CXX object CMakeFiles/px4_msgs__rosidl_typesupport_fastrtps_cpp.dir/rosidl_typesupport_fastrtps_cpp/px4_msgs/msg/detail/dds_fastrtps/vehicle_imu_status__type_support.cpp.o[0m
[108.165s] [ 82%] [32mBuilding CXX object CMakeFiles/px4_msgs__rosidl_typesupport_fastrtps_c.dir/rosidl_typesupport_fastrtps_c/px4_msgs/msg/detail/pwm_input__type_support_c.cpp.o[0m
[108.176s] [ 82%] [32mBuilding CXX object CMakeFiles/px4_msgs__rosidl_typesupport_fastrtps_cpp.dir/rosidl_typesupport_fastrtps_cpp/px4_msgs/msg/detail/dds_fastrtps/vehicle_land_detected__type_support.cpp.o[0m
[108.324s] [ 82%] [32mBuilding CXX object CMakeFiles/px4_msgs__rosidl_typesupport_fastrtps_c.dir/rosidl_typesupport_fastrtps_c/px4_msgs/msg/detail/px4io_status__type_support_c.cpp.o[0m
[108.396s] [ 82%] [32mBuilding CXX object CMakeFiles/px4_msgs__rosidl_typesupport_fastrtps_cpp.dir/rosidl_typesupport_fastrtps_cpp/px4_msgs/msg/detail/dds_fastrtps/vehicle_local_position__type_support.cpp.o[0m
[108.434s] [ 82%] [32mBuilding CXX object CMakeFiles/px4_msgs__rosidl_typesupport_fastrtps_c.dir/rosidl_typesupport_fastrtps_c/px4_msgs/msg/detail/qshell_req__type_support_c.cpp.o[0m
[108.465s] [ 82%] [32mBuilding CXX object CMakeFiles/px4_msgs__rosidl_typesupport_fastrtps_cpp.dir/rosidl_typesupport_fastrtps_cpp/px4_msgs/msg/detail/dds_fastrtps/vehicle_local_position_setpoint__type_support.cpp.o[0m
[108.564s] [ 82%] [32mBuilding CXX object CMakeFiles/px4_msgs__rosidl_typesupport_fastrtps_c.dir/rosidl_typesupport_fastrtps_c/px4_msgs/msg/detail/qshell_retval__type_support_c.cpp.o[0m
[108.572s] [ 82%] [32mBuilding CXX object CMakeFiles/px4_msgs__rosidl_typesupport_fastrtps_cpp.dir/rosidl_typesupport_fastrtps_cpp/px4_msgs/msg/detail/dds_fastrtps/vehicle_magnetometer__type_support.cpp.o[0m
[108.656s] [ 82%] [32mBuilding CXX object CMakeFiles/px4_msgs__rosidl_typesupport_fastrtps_c.dir/rosidl_typesupport_fastrtps_c/px4_msgs/msg/detail/radio_status__type_support_c.cpp.o[0m
[108.755s] [ 83%] [32mBuilding CXX object CMakeFiles/px4_msgs__rosidl_typesupport_fastrtps_cpp.dir/rosidl_typesupport_fastrtps_cpp/px4_msgs/msg/detail/dds_fastrtps/vehicle_odometry__type_support.cpp.o[0m
[108.834s] [ 83%] [32mBuilding CXX object CMakeFiles/px4_msgs__rosidl_typesupport_fastrtps_c.dir/rosidl_typesupport_fastrtps_c/px4_msgs/msg/detail/rate_ctrl_status__type_support_c.cpp.o[0m
[108.843s] [ 83%] [32mBuilding CXX object CMakeFiles/px4_msgs__rosidl_typesupport_fastrtps_cpp.dir/rosidl_typesupport_fastrtps_cpp/px4_msgs/msg/detail/dds_fastrtps/vehicle_optical_flow__type_support.cpp.o[0m
[108.950s] [ 83%] [32mBuilding CXX object CMakeFiles/px4_msgs__rosidl_typesupport_fastrtps_cpp.dir/rosidl_typesupport_fastrtps_cpp/px4_msgs/msg/detail/dds_fastrtps/vehicle_optical_flow_vel__type_support.cpp.o[0m
[108.967s] [ 83%] [32mBuilding CXX object CMakeFiles/px4_msgs__rosidl_typesupport_fastrtps_c.dir/rosidl_typesupport_fastrtps_c/px4_msgs/msg/detail/rc_channels__type_support_c.cpp.o[0m
[108.973s] [ 83%] [32mBuilding CXX object CMakeFiles/px4_msgs__rosidl_typesupport_fastrtps_c.dir/rosidl_typesupport_fastrtps_c/px4_msgs/msg/detail/rc_parameter_map__type_support_c.cpp.o[0m
[109.057s] [ 83%] [32mBuilding CXX object CMakeFiles/px4_msgs__rosidl_typesupport_fastrtps_c.dir/rosidl_typesupport_fastrtps_c/px4_msgs/msg/detail/rpm__type_support_c.cpp.o[0m
[109.066s] [ 83%] [32mBuilding CXX object CMakeFiles/px4_msgs__rosidl_typesupport_fastrtps_cpp.dir/rosidl_typesupport_fastrtps_cpp/px4_msgs/msg/detail/dds_fastrtps/vehicle_rates_setpoint__type_support.cpp.o[0m
[109.250s] [ 83%] [32mBuilding CXX object CMakeFiles/px4_msgs__rosidl_typesupport_fastrtps_c.dir/rosidl_typesupport_fastrtps_c/px4_msgs/msg/detail/rtl_time_estimate__type_support_c.cpp.o[0m
[109.336s] [ 84%] [32mBuilding CXX object CMakeFiles/px4_msgs__rosidl_typesupport_fastrtps_c.dir/rosidl_typesupport_fastrtps_c/px4_msgs/msg/detail/satellite_info__type_support_c.cpp.o[0m
[109.391s] [ 84%] [32mBuilding CXX object CMakeFiles/px4_msgs__rosidl_typesupport_fastrtps_cpp.dir/rosidl_typesupport_fastrtps_cpp/px4_msgs/msg/detail/dds_fastrtps/vehicle_roi__type_support.cpp.o[0m
[109.426s] [ 84%] [32mBuilding CXX object CMakeFiles/px4_msgs__rosidl_typesupport_fastrtps_cpp.dir/rosidl_typesupport_fastrtps_cpp/px4_msgs/msg/detail/dds_fastrtps/vehicle_status__type_support.cpp.o[0m
[109.435s] [ 84%] [32mBuilding CXX object CMakeFiles/px4_msgs__rosidl_typesupport_fastrtps_c.dir/rosidl_typesupport_fastrtps_c/px4_msgs/msg/detail/sensor_accel__type_support_c.cpp.o[0m
[109.468s] [ 84%] [32mBuilding CXX object CMakeFiles/px4_msgs__rosidl_typesupport_fastrtps_cpp.dir/rosidl_typesupport_fastrtps_cpp/px4_msgs/msg/detail/dds_fastrtps/vehicle_thrust_setpoint__type_support.cpp.o[0m
[109.513s] [ 84%] [32mBuilding CXX object CMakeFiles/px4_msgs__rosidl_typesupport_fastrtps_cpp.dir/rosidl_typesupport_fastrtps_cpp/px4_msgs/msg/detail/dds_fastrtps/vehicle_torque_setpoint__type_support.cpp.o[0m
[109.551s] [ 84%] [32mBuilding CXX object CMakeFiles/px4_msgs__rosidl_typesupport_fastrtps_cpp.dir/rosidl_typesupport_fastrtps_cpp/px4_msgs/msg/detail/dds_fastrtps/vehicle_trajectory_bezier__type_support.cpp.o[0m
[109.656s] [ 84%] [32mBuilding CXX object CMakeFiles/px4_msgs__rosidl_typesupport_fastrtps_cpp.dir/rosidl_typesupport_fastrtps_cpp/px4_msgs/msg/detail/dds_fastrtps/vehicle_trajectory_waypoint__type_support.cpp.o[0m
[109.746s] [ 84%] [32mBuilding CXX object CMakeFiles/px4_msgs__rosidl_typesupport_fastrtps_cpp.dir/rosidl_typesupport_fastrtps_cpp/px4_msgs/msg/detail/dds_fastrtps/vtol_vehicle_status__type_support.cpp.o[0m
[109.857s] [ 84%] [32mBuilding CXX object CMakeFiles/px4_msgs__rosidl_typesupport_fastrtps_c.dir/rosidl_typesupport_fastrtps_c/px4_msgs/msg/detail/sensor_accel_fifo__type_support_c.cpp.o[0m
[109.869s] [ 84%] [32mBuilding CXX object CMakeFiles/px4_msgs__rosidl_typesupport_fastrtps_c.dir/rosidl_typesupport_fastrtps_c/px4_msgs/msg/detail/sensor_baro__type_support_c.cpp.o[0m
[109.946s] [ 84%] [32mBuilding CXX object CMakeFiles/px4_msgs__rosidl_typesupport_fastrtps_c.dir/rosidl_typesupport_fastrtps_c/px4_msgs/msg/detail/sensor_combined__type_support_c.cpp.o[0m
[109.974s] [ 84%] [32mBuilding CXX object CMakeFiles/px4_msgs__rosidl_typesupport_fastrtps_c.dir/rosidl_typesupport_fastrtps_c/px4_msgs/msg/detail/sensor_correction__type_support_c.cpp.o[0m
[110.035s] [ 84%] [32mBuilding CXX object CMakeFiles/px4_msgs__rosidl_typesupport_fastrtps_c.dir/rosidl_typesupport_fastrtps_c/px4_msgs/msg/detail/sensor_gnss_relative__type_support_c.cpp.o[0m
[110.139s] [ 84%] [32mBuilding CXX object CMakeFiles/px4_msgs__rosidl_typesupport_fastrtps_c.dir/rosidl_typesupport_fastrtps_c/px4_msgs/msg/detail/sensor_gps__type_support_c.cpp.o[0m
[110.226s] [ 84%] [32mBuilding CXX object CMakeFiles/px4_msgs__rosidl_typesupport_fastrtps_c.dir/rosidl_typesupport_fastrtps_c/px4_msgs/msg/detail/sensor_gyro__type_support_c.cpp.o[0m
[110.268s] [ 84%] [32mBuilding CXX object CMakeFiles/px4_msgs__rosidl_typesupport_fastrtps_cpp.dir/rosidl_typesupport_fastrtps_cpp/px4_msgs/msg/detail/dds_fastrtps/wind__type_support.cpp.o[0m
[110.281s] [ 84%] [32mBuilding CXX object CMakeFiles/px4_msgs__rosidl_typesupport_fastrtps_c.dir/rosidl_typesupport_fastrtps_c/px4_msgs/msg/detail/sensor_gyro_fft__type_support_c.cpp.o[0m
[110.337s] [ 84%] [32mBuilding CXX object CMakeFiles/px4_msgs__rosidl_typesupport_fastrtps_c.dir/rosidl_typesupport_fastrtps_c/px4_msgs/msg/detail/sensor_gyro_fifo__type_support_c.cpp.o[0m
[110.357s] [ 84%] [32mBuilding CXX object CMakeFiles/px4_msgs__rosidl_typesupport_fastrtps_cpp.dir/rosidl_typesupport_fastrtps_cpp/px4_msgs/msg/detail/dds_fastrtps/yaw_estimator_status__type_support.cpp.o[0m
[110.431s] [ 84%] [32mBuilding CXX object CMakeFiles/px4_msgs__rosidl_typesupport_fastrtps_cpp.dir/rosidl_typesupport_fastrtps_cpp/px4_msgs/srv/detail/dds_fastrtps/vehicle_command__type_support.cpp.o[0m
[110.462s] [ 84%] [32mBuilding CXX object CMakeFiles/px4_msgs__rosidl_typesupport_fastrtps_c.dir/rosidl_typesupport_fastrtps_c/px4_msgs/msg/detail/sensor_hygrometer__type_support_c.cpp.o[0m
[110.572s] [ 84%] [32mBuilding CXX object CMakeFiles/px4_msgs__rosidl_typesupport_fastrtps_c.dir/rosidl_typesupport_fastrtps_c/px4_msgs/msg/detail/sensor_mag__type_support_c.cpp.o[0m
[110.644s] [ 84%] [32mBuilding CXX object CMakeFiles/px4_msgs__rosidl_typesupport_fastrtps_c.dir/rosidl_typesupport_fastrtps_c/px4_msgs/msg/detail/sensor_optical_flow__type_support_c.cpp.o[0m
[110.696s] [ 84%] [32mBuilding CXX object CMakeFiles/px4_msgs__rosidl_typesupport_fastrtps_c.dir/rosidl_typesupport_fastrtps_c/px4_msgs/msg/detail/sensor_preflight_mag__type_support_c.cpp.o[0m
[110.750s] [ 84%] [32mBuilding CXX object CMakeFiles/px4_msgs__rosidl_typesupport_fastrtps_c.dir/rosidl_typesupport_fastrtps_c/px4_msgs/msg/detail/sensor_selection__type_support_c.cpp.o[0m
[110.847s] [ 85%] [32mBuilding CXX object CMakeFiles/px4_msgs__rosidl_typesupport_fastrtps_c.dir/rosidl_typesupport_fastrtps_c/px4_msgs/msg/detail/sensor_uwb__type_support_c.cpp.o[0m
[110.875s] [ 85%] [32mBuilding CXX object CMakeFiles/px4_msgs__rosidl_typesupport_fastrtps_c.dir/rosidl_typesupport_fastrtps_c/px4_msgs/msg/detail/sensors_status__type_support_c.cpp.o[0m
[110.978s] [ 85%] [32m[1mLinking CXX shared library libpx4_msgs__rosidl_typesupport_fastrtps_cpp.so[0m
[110.980s] [ 85%] [32mBuilding CXX object CMakeFiles/px4_msgs__rosidl_typesupport_fastrtps_c.dir/rosidl_typesupport_fastrtps_c/px4_msgs/msg/detail/sensors_status_imu__type_support_c.cpp.o[0m
[111.029s] [ 85%] [32mBuilding CXX object CMakeFiles/px4_msgs__rosidl_typesupport_fastrtps_c.dir/rosidl_typesupport_fastrtps_c/px4_msgs/msg/detail/simulink_custom_message__type_support_c.cpp.o[0m
[111.059s] [ 85%] [32mBuilding CXX object CMakeFiles/px4_msgs__rosidl_typesupport_fastrtps_c.dir/rosidl_typesupport_fastrtps_c/px4_msgs/msg/detail/states_and_actuators__type_support_c.cpp.o[0m
[111.106s] [ 85%] [32mBuilding CXX object CMakeFiles/px4_msgs__rosidl_typesupport_fastrtps_c.dir/rosidl_typesupport_fastrtps_c/px4_msgs/msg/detail/system_power__type_support_c.cpp.o[0m
[111.160s] [ 85%] [32mBuilding CXX object CMakeFiles/px4_msgs__rosidl_typesupport_fastrtps_c.dir/rosidl_typesupport_fastrtps_c/px4_msgs/msg/detail/takeoff_status__type_support_c.cpp.o[0m
[111.205s] [ 85%] Built target px4_msgs__rosidl_typesupport_fastrtps_cpp
[111.216s] [ 85%] [32mBuilding CXX object CMakeFiles/px4_msgs__rosidl_typesupport_fastrtps_c.dir/rosidl_typesupport_fastrtps_c/px4_msgs/msg/detail/task_stack_info__type_support_c.cpp.o[0m
[111.278s] [ 85%] [32mBuilding CXX object CMakeFiles/px4_msgs__rosidl_typesupport_fastrtps_c.dir/rosidl_typesupport_fastrtps_c/px4_msgs/msg/detail/tecs_status__type_support_c.cpp.o[0m
[111.300s] [ 85%] [32mBuilding CXX object CMakeFiles/px4_msgs__rosidl_typesupport_fastrtps_c.dir/rosidl_typesupport_fastrtps_c/px4_msgs/msg/detail/telemetry_status__type_support_c.cpp.o[0m
[111.403s] [ 85%] [32mBuilding CXX object CMakeFiles/px4_msgs__rosidl_typesupport_fastrtps_c.dir/rosidl_typesupport_fastrtps_c/px4_msgs/msg/detail/tiltrotor_extra_controls__type_support_c.cpp.o[0m
[111.476s] [ 85%] [32mBuilding CXX object CMakeFiles/px4_msgs__rosidl_typesupport_fastrtps_c.dir/rosidl_typesupport_fastrtps_c/px4_msgs/msg/detail/timesync_status__type_support_c.cpp.o[0m
[111.517s] [ 85%] [32mBuilding CXX object CMakeFiles/px4_msgs__rosidl_typesupport_fastrtps_c.dir/rosidl_typesupport_fastrtps_c/px4_msgs/msg/detail/trajectory_bezier__type_support_c.cpp.o[0m
[111.567s] [ 85%] [32mBuilding CXX object CMakeFiles/px4_msgs__rosidl_typesupport_fastrtps_c.dir/rosidl_typesupport_fastrtps_c/px4_msgs/msg/detail/trajectory_setpoint__type_support_c.cpp.o[0m
[111.664s] [ 85%] [32mBuilding CXX object CMakeFiles/px4_msgs__rosidl_typesupport_fastrtps_c.dir/rosidl_typesupport_fastrtps_c/px4_msgs/msg/detail/trajectory_waypoint__type_support_c.cpp.o[0m
[111.686s] [ 86%] [32mBuilding CXX object CMakeFiles/px4_msgs__rosidl_typesupport_fastrtps_c.dir/rosidl_typesupport_fastrtps_c/px4_msgs/msg/detail/transponder_report__type_support_c.cpp.o[0m
[111.705s] [ 86%] [32mBuilding CXX object CMakeFiles/px4_msgs__rosidl_typesupport_fastrtps_c.dir/rosidl_typesupport_fastrtps_c/px4_msgs/msg/detail/tune_control__type_support_c.cpp.o[0m
[111.742s] [ 86%] [32mBuilding CXX object CMakeFiles/px4_msgs__rosidl_typesupport_fastrtps_c.dir/rosidl_typesupport_fastrtps_c/px4_msgs/msg/detail/uavcan_parameter_request__type_support_c.cpp.o[0m
[111.806s] [ 86%] [32mBuilding CXX object CMakeFiles/px4_msgs__rosidl_typesupport_fastrtps_c.dir/rosidl_typesupport_fastrtps_c/px4_msgs/msg/detail/uavcan_parameter_value__type_support_c.cpp.o[0m
[111.885s] [ 86%] [32mBuilding CXX object CMakeFiles/px4_msgs__rosidl_typesupport_fastrtps_c.dir/rosidl_typesupport_fastrtps_c/px4_msgs/msg/detail/ulog_stream__type_support_c.cpp.o[0m
[111.926s] [ 86%] [32mBuilding CXX object CMakeFiles/px4_msgs__rosidl_typesupport_fastrtps_c.dir/rosidl_typesupport_fastrtps_c/px4_msgs/msg/detail/ulog_stream_ack__type_support_c.cpp.o[0m
[111.979s] [ 86%] [32mBuilding CXX object CMakeFiles/px4_msgs__rosidl_typesupport_fastrtps_c.dir/rosidl_typesupport_fastrtps_c/px4_msgs/msg/detail/vehicle_acceleration__type_support_c.cpp.o[0m
[112.108s] [ 86%] [32mBuilding CXX object CMakeFiles/px4_msgs__rosidl_typesupport_fastrtps_c.dir/rosidl_typesupport_fastrtps_c/px4_msgs/msg/detail/vehicle_air_data__type_support_c.cpp.o[0m
[112.111s] [ 86%] [32mBuilding CXX object CMakeFiles/px4_msgs__rosidl_typesupport_fastrtps_c.dir/rosidl_typesupport_fastrtps_c/px4_msgs/msg/detail/vehicle_angular_acceleration_setpoint__type_support_c.cpp.o[0m
[112.157s] [ 86%] [32mBuilding CXX object CMakeFiles/px4_msgs__rosidl_typesupport_fastrtps_c.dir/rosidl_typesupport_fastrtps_c/px4_msgs/msg/detail/vehicle_angular_velocity__type_support_c.cpp.o[0m
[112.221s] [ 86%] [32mBuilding CXX object CMakeFiles/px4_msgs__rosidl_typesupport_fastrtps_c.dir/rosidl_typesupport_fastrtps_c/px4_msgs/msg/detail/vehicle_attitude__type_support_c.cpp.o[0m
[112.294s] [ 86%] [32mBuilding CXX object CMakeFiles/px4_msgs__rosidl_typesupport_fastrtps_c.dir/rosidl_typesupport_fastrtps_c/px4_msgs/msg/detail/vehicle_attitude_setpoint__type_support_c.cpp.o[0m
[112.332s] [ 86%] [32mBuilding CXX object CMakeFiles/px4_msgs__rosidl_typesupport_fastrtps_c.dir/rosidl_typesupport_fastrtps_c/px4_msgs/msg/detail/vehicle_command__type_support_c.cpp.o[0m
[112.381s] [ 86%] [32mBuilding CXX object CMakeFiles/px4_msgs__rosidl_typesupport_fastrtps_c.dir/rosidl_typesupport_fastrtps_c/px4_msgs/msg/detail/vehicle_command_ack__type_support_c.cpp.o[0m
[112.411s] [ 86%] [32mBuilding CXX object CMakeFiles/px4_msgs__rosidl_typesupport_fastrtps_c.dir/rosidl_typesupport_fastrtps_c/px4_msgs/msg/detail/vehicle_constraints__type_support_c.cpp.o[0m
[112.524s] [ 86%] [32mBuilding CXX object CMakeFiles/px4_msgs__rosidl_typesupport_fastrtps_c.dir/rosidl_typesupport_fastrtps_c/px4_msgs/msg/detail/vehicle_control_mode__type_support_c.cpp.o[0m
[112.550s] [ 87%] [32mBuilding CXX object CMakeFiles/px4_msgs__rosidl_typesupport_fastrtps_c.dir/rosidl_typesupport_fastrtps_c/px4_msgs/msg/detail/vehicle_global_position__type_support_c.cpp.o[0m
[112.568s] [ 87%] [32mBuilding CXX object CMakeFiles/px4_msgs__rosidl_typesupport_fastrtps_c.dir/rosidl_typesupport_fastrtps_c/px4_msgs/msg/detail/vehicle_imu__type_support_c.cpp.o[0m
[112.629s] [ 87%] [32mBuilding CXX object CMakeFiles/px4_msgs__rosidl_typesupport_fastrtps_c.dir/rosidl_typesupport_fastrtps_c/px4_msgs/msg/detail/vehicle_imu_status__type_support_c.cpp.o[0m
[112.709s] [ 87%] [32mBuilding CXX object CMakeFiles/px4_msgs__rosidl_typesupport_fastrtps_c.dir/rosidl_typesupport_fastrtps_c/px4_msgs/msg/detail/vehicle_land_detected__type_support_c.cpp.o[0m
[112.751s] [ 87%] [32mBuilding CXX object CMakeFiles/px4_msgs__rosidl_typesupport_fastrtps_c.dir/rosidl_typesupport_fastrtps_c/px4_msgs/msg/detail/vehicle_local_position__type_support_c.cpp.o[0m
[112.794s] [ 87%] [32mBuilding CXX object CMakeFiles/px4_msgs__rosidl_typesupport_fastrtps_c.dir/rosidl_typesupport_fastrtps_c/px4_msgs/msg/detail/vehicle_local_position_setpoint__type_support_c.cpp.o[0m
[112.943s] [ 87%] [32mBuilding CXX object CMakeFiles/px4_msgs__rosidl_typesupport_fastrtps_c.dir/rosidl_typesupport_fastrtps_c/px4_msgs/msg/detail/vehicle_magnetometer__type_support_c.cpp.o[0m
[112.968s] [ 87%] [32mBuilding CXX object CMakeFiles/px4_msgs__rosidl_typesupport_fastrtps_c.dir/rosidl_typesupport_fastrtps_c/px4_msgs/msg/detail/vehicle_odometry__type_support_c.cpp.o[0m
[113.023s] [ 87%] [32mBuilding CXX object CMakeFiles/px4_msgs__rosidl_typesupport_fastrtps_c.dir/rosidl_typesupport_fastrtps_c/px4_msgs/msg/detail/vehicle_optical_flow__type_support_c.cpp.o[0m
[113.051s] [ 87%] [32mBuilding CXX object CMakeFiles/px4_msgs__rosidl_typesupport_fastrtps_c.dir/rosidl_typesupport_fastrtps_c/px4_msgs/msg/detail/vehicle_optical_flow_vel__type_support_c.cpp.o[0m
[113.099s] [ 87%] [32mBuilding CXX object CMakeFiles/px4_msgs__rosidl_typesupport_fastrtps_c.dir/rosidl_typesupport_fastrtps_c/px4_msgs/msg/detail/vehicle_rates_setpoint__type_support_c.cpp.o[0m
[113.129s] [ 87%] [32mBuilding CXX object CMakeFiles/px4_msgs__rosidl_typesupport_fastrtps_c.dir/rosidl_typesupport_fastrtps_c/px4_msgs/msg/detail/vehicle_roi__type_support_c.cpp.o[0m
[113.188s] [ 87%] [32mBuilding CXX object CMakeFiles/px4_msgs__rosidl_typesupport_fastrtps_c.dir/rosidl_typesupport_fastrtps_c/px4_msgs/msg/detail/vehicle_status__type_support_c.cpp.o[0m
[113.209s] [ 87%] [32mBuilding CXX object CMakeFiles/px4_msgs__rosidl_typesupport_fastrtps_c.dir/rosidl_typesupport_fastrtps_c/px4_msgs/msg/detail/vehicle_thrust_setpoint__type_support_c.cpp.o[0m
[113.350s] [ 87%] [32mBuilding CXX object CMakeFiles/px4_msgs__rosidl_typesupport_fastrtps_c.dir/rosidl_typesupport_fastrtps_c/px4_msgs/msg/detail/vehicle_torque_setpoint__type_support_c.cpp.o[0m
[113.389s] [ 87%] [32mBuilding CXX object CMakeFiles/px4_msgs__rosidl_typesupport_fastrtps_c.dir/rosidl_typesupport_fastrtps_c/px4_msgs/msg/detail/vehicle_trajectory_bezier__type_support_c.cpp.o[0m
[113.462s] [ 88%] [32mBuilding CXX object CMakeFiles/px4_msgs__rosidl_typesupport_fastrtps_c.dir/rosidl_typesupport_fastrtps_c/px4_msgs/msg/detail/vehicle_trajectory_waypoint__type_support_c.cpp.o[0m
[113.471s] [ 88%] [32mBuilding CXX object CMakeFiles/px4_msgs__rosidl_typesupport_fastrtps_c.dir/rosidl_typesupport_fastrtps_c/px4_msgs/msg/detail/vtol_vehicle_status__type_support_c.cpp.o[0m
[113.512s] [ 88%] [32mBuilding CXX object CMakeFiles/px4_msgs__rosidl_typesupport_fastrtps_c.dir/rosidl_typesupport_fastrtps_c/px4_msgs/msg/detail/wind__type_support_c.cpp.o[0m
[113.614s] [ 88%] [32mBuilding CXX object CMakeFiles/px4_msgs__rosidl_typesupport_fastrtps_c.dir/rosidl_typesupport_fastrtps_c/px4_msgs/msg/detail/yaw_estimator_status__type_support_c.cpp.o[0m
[113.615s] [ 88%] [32mBuilding CXX object CMakeFiles/px4_msgs__rosidl_typesupport_fastrtps_c.dir/rosidl_typesupport_fastrtps_c/px4_msgs/srv/detail/vehicle_command__type_support_c.cpp.o[0m
[113.958s] [ 88%] [32m[1mLinking CXX shared library libpx4_msgs__rosidl_typesupport_fastrtps_c.so[0m
[114.056s] [ 88%] Built target px4_msgs__rosidl_typesupport_fastrtps_c
[114.070s] [ 88%] Built target px4_msgs
[114.088s] [ 88%] [34m[1mGenerating Python code for ROS interfaces[0m
[154.128s] [ 88%] Built target px4_msgs__py
[154.150s] [ 88%] [32mBuilding C object CMakeFiles/px4_msgs__rosidl_generator_py.dir/rosidl_generator_py/px4_msgs/msg/_action_request_s.c.o[0m
[154.150s] [ 88%] [32mBuilding C object CMakeFiles/px4_msgs__rosidl_generator_py.dir/rosidl_generator_py/px4_msgs/msg/_actuator_armed_s.c.o[0m
[154.150s] [ 88%] [32mBuilding C object CMakeFiles/px4_msgs__rosidl_generator_py.dir/rosidl_generator_py/px4_msgs/msg/_actuator_controls_status_s.c.o[0m
[154.150s] [ 88%] [32mBuilding C object CMakeFiles/px4_msgs__rosidl_generator_py.dir/rosidl_generator_py/px4_msgs/msg/_actuator_motors_s.c.o[0m
[154.150s] [ 89%] [32mBuilding C object CMakeFiles/px4_msgs__rosidl_generator_py.dir/rosidl_generator_py/px4_msgs/msg/_actuator_servos_s.c.o[0m
[154.150s] [ 89%] [32mBuilding C object CMakeFiles/px4_msgs__rosidl_generator_py.dir/rosidl_generator_py/px4_msgs/msg/_actuator_outputs_s.c.o[0m
[154.151s] [ 89%] [32mBuilding C object CMakeFiles/px4_msgs__rosidl_generator_py.dir/rosidl_generator_py/px4_msgs/msg/_actuator_servos_trim_s.c.o[0m
[154.152s] [ 89%] [32mBuilding C object CMakeFiles/px4_msgs__rosidl_generator_py.dir/rosidl_generator_py/px4_msgs/msg/_actuator_command_s.c.o[0m
[154.280s] [ 89%] [32mBuilding C object CMakeFiles/px4_msgs__rosidl_generator_py.dir/rosidl_generator_py/px4_msgs/msg/_adc_report_s.c.o[0m
[154.281s] [ 89%] [32mBuilding C object CMakeFiles/px4_msgs__rosidl_generator_py.dir/rosidl_generator_py/px4_msgs/msg/_actuator_test_s.c.o[0m
[154.282s] [ 89%] [32mBuilding C object CMakeFiles/px4_msgs__rosidl_generator_py.dir/rosidl_generator_py/px4_msgs/msg/_airspeed_s.c.o[0m
[154.282s] [ 89%] [32mBuilding C object CMakeFiles/px4_msgs__rosidl_generator_py.dir/rosidl_generator_py/px4_msgs/msg/_airspeed_wind_s.c.o[0m
[154.282s] [ 89%] [32mBuilding C object CMakeFiles/px4_msgs__rosidl_generator_py.dir/rosidl_generator_py/px4_msgs/msg/_airspeed_validated_s.c.o[0m
[154.282s] [ 89%] [32mBuilding C object CMakeFiles/px4_msgs__rosidl_generator_py.dir/rosidl_generator_py/px4_msgs/msg/_autotune_attitude_control_status_s.c.o[0m
[154.285s] [ 89%] [32mBuilding C object CMakeFiles/px4_msgs__rosidl_generator_py.dir/rosidl_generator_py/px4_msgs/msg/_battery_status_s.c.o[0m
[154.313s] [ 89%] [32mBuilding C object CMakeFiles/px4_msgs__rosidl_generator_py.dir/rosidl_generator_py/px4_msgs/msg/_button_event_s.c.o[0m
[154.392s] [ 89%] [32mBuilding C object CMakeFiles/px4_msgs__rosidl_generator_py.dir/rosidl_generator_py/px4_msgs/msg/_camera_capture_s.c.o[0m
[154.395s] [ 89%] [32mBuilding C object CMakeFiles/px4_msgs__rosidl_generator_py.dir/rosidl_generator_py/px4_msgs/msg/_camera_status_s.c.o[0m
[154.396s] [ 89%] [32mBuilding C object CMakeFiles/px4_msgs__rosidl_generator_py.dir/rosidl_generator_py/px4_msgs/msg/_camera_trigger_s.c.o[0m
[154.403s] [ 89%] [32mBuilding C object CMakeFiles/px4_msgs__rosidl_generator_py.dir/rosidl_generator_py/px4_msgs/msg/_cellular_status_s.c.o[0m
[154.403s] [ 89%] [32mBuilding C object CMakeFiles/px4_msgs__rosidl_generator_py.dir/rosidl_generator_py/px4_msgs/msg/_collision_constraints_s.c.o[0m
[154.414s] [ 89%] [32mBuilding C object CMakeFiles/px4_msgs__rosidl_generator_py.dir/rosidl_generator_py/px4_msgs/msg/_collision_report_s.c.o[0m
[154.436s] [ 90%] [32mBuilding C object CMakeFiles/px4_msgs__rosidl_generator_py.dir/rosidl_generator_py/px4_msgs/msg/_command_values_s.c.o[0m
[154.469s] [ 90%] [32mBuilding C object CMakeFiles/px4_msgs__rosidl_generator_py.dir/rosidl_generator_py/px4_msgs/msg/_control_allocator_status_s.c.o[0m
[154.504s] [ 90%] [32mBuilding C object CMakeFiles/px4_msgs__rosidl_generator_py.dir/rosidl_generator_py/px4_msgs/msg/_cpuload_s.c.o[0m
[154.504s] [ 90%] [32mBuilding C object CMakeFiles/px4_msgs__rosidl_generator_py.dir/rosidl_generator_py/px4_msgs/msg/_debug_array_s.c.o[0m
[154.512s] [ 90%] [32mBuilding C object CMakeFiles/px4_msgs__rosidl_generator_py.dir/rosidl_generator_py/px4_msgs/msg/_debug_key_value_s.c.o[0m
[154.522s] [ 90%] [32mBuilding C object CMakeFiles/px4_msgs__rosidl_generator_py.dir/rosidl_generator_py/px4_msgs/msg/_debug_value_s.c.o[0m
[154.524s] [ 90%] [32mBuilding C object CMakeFiles/px4_msgs__rosidl_generator_py.dir/rosidl_generator_py/px4_msgs/msg/_debug_vect_s.c.o[0m
[154.535s] [ 90%] [32mBuilding C object CMakeFiles/px4_msgs__rosidl_generator_py.dir/rosidl_generator_py/px4_msgs/msg/_differential_pressure_s.c.o[0m
[154.554s] [ 90%] [32mBuilding C object CMakeFiles/px4_msgs__rosidl_generator_py.dir/rosidl_generator_py/px4_msgs/msg/_distance_sensor_s.c.o[0m
[154.611s] [ 90%] [32mBuilding C object CMakeFiles/px4_msgs__rosidl_generator_py.dir/rosidl_generator_py/px4_msgs/msg/_ekf2_timestamps_s.c.o[0m
[154.619s] [ 90%] [32mBuilding C object CMakeFiles/px4_msgs__rosidl_generator_py.dir/rosidl_generator_py/px4_msgs/msg/_esc_report_s.c.o[0m
[154.631s] [ 90%] [32mBuilding C object CMakeFiles/px4_msgs__rosidl_generator_py.dir/rosidl_generator_py/px4_msgs/msg/_esc_status_s.c.o[0m
[154.639s] [ 90%] [32mBuilding C object CMakeFiles/px4_msgs__rosidl_generator_py.dir/rosidl_generator_py/px4_msgs/msg/_estimator_aid_source1d_s.c.o[0m
[154.639s] [ 90%] [32mBuilding C object CMakeFiles/px4_msgs__rosidl_generator_py.dir/rosidl_generator_py/px4_msgs/msg/_estimator_aid_source2d_s.c.o[0m
[154.644s] [ 90%] [32mBuilding C object CMakeFiles/px4_msgs__rosidl_generator_py.dir/rosidl_generator_py/px4_msgs/msg/_estimator_aid_source3d_s.c.o[0m
[154.646s] [ 91%] [32mBuilding C object CMakeFiles/px4_msgs__rosidl_generator_py.dir/rosidl_generator_py/px4_msgs/msg/_estimator_bias_s.c.o[0m
[154.681s] [ 91%] [32mBuilding C object CMakeFiles/px4_msgs__rosidl_generator_py.dir/rosidl_generator_py/px4_msgs/msg/_estimator_bias3d_s.c.o[0m
[154.724s] [ 91%] [32mBuilding C object CMakeFiles/px4_msgs__rosidl_generator_py.dir/rosidl_generator_py/px4_msgs/msg/_estimator_event_flags_s.c.o[0m
[154.736s] [ 91%] [32mBuilding C object CMakeFiles/px4_msgs__rosidl_generator_py.dir/rosidl_generator_py/px4_msgs/msg/_estimator_gps_status_s.c.o[0m
[154.752s] [ 91%] [32mBuilding C object CMakeFiles/px4_msgs__rosidl_generator_py.dir/rosidl_generator_py/px4_msgs/msg/_estimator_innovations_s.c.o[0m
[154.759s] [ 91%] [32mBuilding C object CMakeFiles/px4_msgs__rosidl_generator_py.dir/rosidl_generator_py/px4_msgs/msg/_estimator_selector_status_s.c.o[0m
[154.765s] [ 91%] [32mBuilding C object CMakeFiles/px4_msgs__rosidl_generator_py.dir/rosidl_generator_py/px4_msgs/msg/_estimator_sensor_bias_s.c.o[0m
[154.773s] [ 91%] [32mBuilding C object CMakeFiles/px4_msgs__rosidl_generator_py.dir/rosidl_generator_py/px4_msgs/msg/_estimator_states_s.c.o[0m
[154.808s] [ 91%] [32mBuilding C object CMakeFiles/px4_msgs__rosidl_generator_py.dir/rosidl_generator_py/px4_msgs/msg/_estimator_status_s.c.o[0m
[154.831s] [ 91%] [32mBuilding C object CMakeFiles/px4_msgs__rosidl_generator_py.dir/rosidl_generator_py/px4_msgs/msg/_estimator_status_flags_s.c.o[0m
[154.854s] [ 91%] [32mBuilding C object CMakeFiles/px4_msgs__rosidl_generator_py.dir/rosidl_generator_py/px4_msgs/msg/_event_s.c.o[0m
[154.859s] [ 91%] [32mBuilding C object CMakeFiles/px4_msgs__rosidl_generator_py.dir/rosidl_generator_py/px4_msgs/msg/_failsafe_flags_s.c.o[0m
[154.893s] [ 91%] [32mBuilding C object CMakeFiles/px4_msgs__rosidl_generator_py.dir/rosidl_generator_py/px4_msgs/msg/_failure_detector_status_s.c.o[0m
[154.895s] [ 91%] [32mBuilding C object CMakeFiles/px4_msgs__rosidl_generator_py.dir/rosidl_generator_py/px4_msgs/msg/_follow_target_s.c.o[0m
[154.911s] [ 91%] [32mBuilding C object CMakeFiles/px4_msgs__rosidl_generator_py.dir/rosidl_generator_py/px4_msgs/msg/_follow_target_estimator_s.c.o[0m
[154.911s] [ 91%] [32mBuilding C object CMakeFiles/px4_msgs__rosidl_generator_py.dir/rosidl_generator_py/px4_msgs/msg/_follow_target_status_s.c.o[0m
[154.949s] [ 92%] [32mBuilding C object CMakeFiles/px4_msgs__rosidl_generator_py.dir/rosidl_generator_py/px4_msgs/msg/_generator_status_s.c.o[0m
[154.970s] [ 92%] [32mBuilding C object CMakeFiles/px4_msgs__rosidl_generator_py.dir/rosidl_generator_py/px4_msgs/msg/_geofence_result_s.c.o[0m
[154.997s] [ 92%] [32mBuilding C object CMakeFiles/px4_msgs__rosidl_generator_py.dir/rosidl_generator_py/px4_msgs/msg/_gimbal_controls_s.c.o[0m
[155.011s] [ 92%] [32mBuilding C object CMakeFiles/px4_msgs__rosidl_generator_py.dir/rosidl_generator_py/px4_msgs/msg/_gimbal_device_attitude_status_s.c.o[0m
[155.014s] [ 92%] [32mBuilding C object CMakeFiles/px4_msgs__rosidl_generator_py.dir/rosidl_generator_py/px4_msgs/msg/_gimbal_device_information_s.c.o[0m
[155.033s] [ 92%] [32mBuilding C object CMakeFiles/px4_msgs__rosidl_generator_py.dir/rosidl_generator_py/px4_msgs/msg/_gimbal_device_set_attitude_s.c.o[0m
[155.046s] [ 92%] [32mBuilding C object CMakeFiles/px4_msgs__rosidl_generator_py.dir/rosidl_generator_py/px4_msgs/msg/_gimbal_manager_information_s.c.o[0m
[155.057s] [ 92%] [32mBuilding C object CMakeFiles/px4_msgs__rosidl_generator_py.dir/rosidl_generator_py/px4_msgs/msg/_gimbal_manager_set_attitude_s.c.o[0m
[155.064s] [ 92%] [32mBuilding C object CMakeFiles/px4_msgs__rosidl_generator_py.dir/rosidl_generator_py/px4_msgs/msg/_gimbal_manager_set_manual_control_s.c.o[0m
[155.085s] [ 92%] [32mBuilding C object CMakeFiles/px4_msgs__rosidl_generator_py.dir/rosidl_generator_py/px4_msgs/msg/_gimbal_manager_status_s.c.o[0m
[155.115s] [ 92%] [32mBuilding C object CMakeFiles/px4_msgs__rosidl_generator_py.dir/rosidl_generator_py/px4_msgs/msg/_gps_dump_s.c.o[0m
[155.133s] [ 92%] [32mBuilding C object CMakeFiles/px4_msgs__rosidl_generator_py.dir/rosidl_generator_py/px4_msgs/msg/_gps_inject_data_s.c.o[0m
[155.151s] [ 92%] [32mBuilding C object CMakeFiles/px4_msgs__rosidl_generator_py.dir/rosidl_generator_py/px4_msgs/msg/_gripper_s.c.o[0m
[155.152s] [ 92%] [32mBuilding C object CMakeFiles/px4_msgs__rosidl_generator_py.dir/rosidl_generator_py/px4_msgs/msg/_health_report_s.c.o[0m
[155.181s] [ 92%] [32mBuilding C object CMakeFiles/px4_msgs__rosidl_generator_py.dir/rosidl_generator_py/px4_msgs/msg/_heater_status_s.c.o[0m
[155.185s] [ 92%] [32mBuilding C object CMakeFiles/px4_msgs__rosidl_generator_py.dir/rosidl_generator_py/px4_msgs/msg/_home_position_s.c.o[0m
[155.196s] [ 93%] [32mBuilding C object CMakeFiles/px4_msgs__rosidl_generator_py.dir/rosidl_generator_py/px4_msgs/msg/_hover_thrust_estimate_s.c.o[0m
[155.210s] [ 93%] [32mBuilding C object CMakeFiles/px4_msgs__rosidl_generator_py.dir/rosidl_generator_py/px4_msgs/msg/_input_rc_s.c.o[0m
[155.233s] [ 93%] [32mBuilding C object CMakeFiles/px4_msgs__rosidl_generator_py.dir/rosidl_generator_py/px4_msgs/msg/_input_tau_s.c.o[0m
[155.249s] [ 93%] [32mBuilding C object CMakeFiles/px4_msgs__rosidl_generator_py.dir/rosidl_generator_py/px4_msgs/msg/_internal_combustion_engine_status_s.c.o[0m
[155.258s] [ 93%] [32mBuilding C object CMakeFiles/px4_msgs__rosidl_generator_py.dir/rosidl_generator_py/px4_msgs/msg/_iridiumsbd_status_s.c.o[0m
[155.269s] [ 93%] [32mBuilding C object CMakeFiles/px4_msgs__rosidl_generator_py.dir/rosidl_generator_py/px4_msgs/msg/_irlock_report_s.c.o[0m
[155.300s] [ 93%] [32mBuilding C object CMakeFiles/px4_msgs__rosidl_generator_py.dir/rosidl_generator_py/px4_msgs/msg/_landing_gear_s.c.o[0m
[155.304s] [ 93%] [32mBuilding C object CMakeFiles/px4_msgs__rosidl_generator_py.dir/rosidl_generator_py/px4_msgs/msg/_landing_gear_wheel_s.c.o[0m
[155.308s] [ 93%] [32mBuilding C object CMakeFiles/px4_msgs__rosidl_generator_py.dir/rosidl_generator_py/px4_msgs/msg/_landing_target_innovations_s.c.o[0m
[155.365s] [ 93%] [32mBuilding C object CMakeFiles/px4_msgs__rosidl_generator_py.dir/rosidl_generator_py/px4_msgs/msg/_landing_target_pose_s.c.o[0m
[155.379s] [ 93%] [32mBuilding C object CMakeFiles/px4_msgs__rosidl_generator_py.dir/rosidl_generator_py/px4_msgs/msg/_launch_detection_status_s.c.o[0m
[155.379s] [ 93%] [32mBuilding C object CMakeFiles/px4_msgs__rosidl_generator_py.dir/rosidl_generator_py/px4_msgs/msg/_led_control_s.c.o[0m
[155.384s] [ 93%] [32mBuilding C object CMakeFiles/px4_msgs__rosidl_generator_py.dir/rosidl_generator_py/px4_msgs/msg/_log_message_s.c.o[0m
[155.386s] [ 93%] [32mBuilding C object CMakeFiles/px4_msgs__rosidl_generator_py.dir/rosidl_generator_py/px4_msgs/msg/_logger_status_s.c.o[0m
[155.413s] [ 94%] [32mBuilding C object CMakeFiles/px4_msgs__rosidl_generator_py.dir/rosidl_generator_py/px4_msgs/msg/_mag_worker_data_s.c.o[0m
[155.413s] [ 94%] [32mBuilding C object CMakeFiles/px4_msgs__rosidl_generator_py.dir/rosidl_generator_py/px4_msgs/msg/_magnetometer_bias_estimate_s.c.o[0m
[155.419s] [ 94%] [32mBuilding C object CMakeFiles/px4_msgs__rosidl_generator_py.dir/rosidl_generator_py/px4_msgs/msg/_manual_control_setpoint_s.c.o[0m
[155.487s] [ 94%] [32mBuilding C object CMakeFiles/px4_msgs__rosidl_generator_py.dir/rosidl_generator_py/px4_msgs/msg/_manual_control_switches_s.c.o[0m
[155.489s] [ 94%] [32mBuilding C object CMakeFiles/px4_msgs__rosidl_generator_py.dir/rosidl_generator_py/px4_msgs/msg/_mavlink_log_s.c.o[0m
[155.489s] [ 94%] [32mBuilding C object CMakeFiles/px4_msgs__rosidl_generator_py.dir/rosidl_generator_py/px4_msgs/msg/_mavlink_tunnel_s.c.o[0m
[155.505s] [ 94%] [32mBuilding C object CMakeFiles/px4_msgs__rosidl_generator_py.dir/rosidl_generator_py/px4_msgs/msg/_mission_s.c.o[0m
[155.539s] [ 94%] [32mBuilding C object CMakeFiles/px4_msgs__rosidl_generator_py.dir/rosidl_generator_py/px4_msgs/msg/_mission_result_s.c.o[0m
[155.539s] [ 94%] [32mBuilding C object CMakeFiles/px4_msgs__rosidl_generator_py.dir/rosidl_generator_py/px4_msgs/msg/_mode_completed_s.c.o[0m
[155.546s] [ 94%] [32mBuilding C object CMakeFiles/px4_msgs__rosidl_generator_py.dir/rosidl_generator_py/px4_msgs/msg/_mount_orientation_s.c.o[0m
[155.547s] [ 94%] [32mBuilding C object CMakeFiles/px4_msgs__rosidl_generator_py.dir/rosidl_generator_py/px4_msgs/msg/_mode_flag_s.c.o[0m
[155.603s] [ 94%] [32mBuilding C object CMakeFiles/px4_msgs__rosidl_generator_py.dir/rosidl_generator_py/px4_msgs/msg/_navigator_mission_item_s.c.o[0m
[155.603s] [ 94%] [32mBuilding C object CMakeFiles/px4_msgs__rosidl_generator_py.dir/rosidl_generator_py/px4_msgs/msg/_npfg_status_s.c.o[0m
[155.604s] [ 94%] [32mBuilding C object CMakeFiles/px4_msgs__rosidl_generator_py.dir/rosidl_generator_py/px4_msgs/msg/_normalized_unsigned_setpoint_s.c.o[0m
[155.613s] [ 94%] [32mBuilding C object CMakeFiles/px4_msgs__rosidl_generator_py.dir/rosidl_generator_py/px4_msgs/msg/_obstacle_distance_s.c.o[0m
[155.654s] [ 94%] [32mBuilding C object CMakeFiles/px4_msgs__rosidl_generator_py.dir/rosidl_generator_py/px4_msgs/msg/_offboard_control_mode_s.c.o[0m
[155.661s] [ 95%] [32mBuilding C object CMakeFiles/px4_msgs__rosidl_generator_py.dir/rosidl_generator_py/px4_msgs/msg/_onboard_computer_status_s.c.o[0m
[155.661s] [ 95%] [32mBuilding C object CMakeFiles/px4_msgs__rosidl_generator_py.dir/rosidl_generator_py/px4_msgs/msg/_orb_test_s.c.o[0m
[155.714s] [ 95%] [32mBuilding C object CMakeFiles/px4_msgs__rosidl_generator_py.dir/rosidl_generator_py/px4_msgs/msg/_orb_test_medium_s.c.o[0m
[155.714s] [ 95%] [32mBuilding C object CMakeFiles/px4_msgs__rosidl_generator_py.dir/rosidl_generator_py/px4_msgs/msg/_orb_test_large_s.c.o[0m
[155.721s] [ 95%] [32mBuilding C object CMakeFiles/px4_msgs__rosidl_generator_py.dir/rosidl_generator_py/px4_msgs/msg/_orbit_status_s.c.o[0m
[155.726s] [ 95%] [32mBuilding C object CMakeFiles/px4_msgs__rosidl_generator_py.dir/rosidl_generator_py/px4_msgs/msg/_output_test_s.c.o[0m
[155.735s] [ 95%] [32mBuilding C object CMakeFiles/px4_msgs__rosidl_generator_py.dir/rosidl_generator_py/px4_msgs/msg/_parameter_update_s.c.o[0m
[155.766s] [ 95%] [32mBuilding C object CMakeFiles/px4_msgs__rosidl_generator_py.dir/rosidl_generator_py/px4_msgs/msg/_ping_s.c.o[0m
[155.770s] [ 95%] [32mBuilding C object CMakeFiles/px4_msgs__rosidl_generator_py.dir/rosidl_generator_py/px4_msgs/msg/_position_controller_landing_status_s.c.o[0m
[155.824s] [ 95%] [32mBuilding C object CMakeFiles/px4_msgs__rosidl_generator_py.dir/rosidl_generator_py/px4_msgs/msg/_position_controller_status_s.c.o[0m
[155.831s] [ 95%] [32mBuilding C object CMakeFiles/px4_msgs__rosidl_generator_py.dir/rosidl_generator_py/px4_msgs/msg/_position_setpoint_s.c.o[0m
[155.840s] [ 95%] [32mBuilding C object CMakeFiles/px4_msgs__rosidl_generator_py.dir/rosidl_generator_py/px4_msgs/msg/_position_setpoint_triplet_s.c.o[0m
[155.848s] [ 95%] [32mBuilding C object CMakeFiles/px4_msgs__rosidl_generator_py.dir/rosidl_generator_py/px4_msgs/msg/_power_monitor_s.c.o[0m
[155.851s] [ 95%] [32mBuilding C object CMakeFiles/px4_msgs__rosidl_generator_py.dir/rosidl_generator_py/px4_msgs/msg/_power_button_state_s.c.o[0m
[155.877s] [ 95%] [32mBuilding C object CMakeFiles/px4_msgs__rosidl_generator_py.dir/rosidl_generator_py/px4_msgs/msg/_pps_capture_s.c.o[0m
[155.880s] [ 95%] [32mBuilding C object CMakeFiles/px4_msgs__rosidl_generator_py.dir/rosidl_generator_py/px4_msgs/msg/_pwm_input_s.c.o[0m
[155.885s] [ 96%] [32mBuilding C object CMakeFiles/px4_msgs__rosidl_generator_py.dir/rosidl_generator_py/px4_msgs/msg/_px4io_status_s.c.o[0m
[155.942s] [ 96%] [32mBuilding C object CMakeFiles/px4_msgs__rosidl_generator_py.dir/rosidl_generator_py/px4_msgs/msg/_qshell_req_s.c.o[0m
[155.951s] [ 96%] [32mBuilding C object CMakeFiles/px4_msgs__rosidl_generator_py.dir/rosidl_generator_py/px4_msgs/msg/_qshell_retval_s.c.o[0m
[155.955s] [ 96%] [32mBuilding C object CMakeFiles/px4_msgs__rosidl_generator_py.dir/rosidl_generator_py/px4_msgs/msg/_radio_status_s.c.o[0m
[155.957s] [ 96%] [32mBuilding C object CMakeFiles/px4_msgs__rosidl_generator_py.dir/rosidl_generator_py/px4_msgs/msg/_rate_ctrl_status_s.c.o[0m
[155.970s] [ 96%] [32mBuilding C object CMakeFiles/px4_msgs__rosidl_generator_py.dir/rosidl_generator_py/px4_msgs/msg/_rc_channels_s.c.o[0m
[155.988s] [ 96%] [32mBuilding C object CMakeFiles/px4_msgs__rosidl_generator_py.dir/rosidl_generator_py/px4_msgs/msg/_rc_parameter_map_s.c.o[0m
[156.035s] [ 96%] [32mBuilding C object CMakeFiles/px4_msgs__rosidl_generator_py.dir/rosidl_generator_py/px4_msgs/msg/_rtl_time_estimate_s.c.o[0m
[156.038s] [ 96%] [32mBuilding C object CMakeFiles/px4_msgs__rosidl_generator_py.dir/rosidl_generator_py/px4_msgs/msg/_rpm_s.c.o[0m
[156.060s] [ 96%] [32mBuilding C object CMakeFiles/px4_msgs__rosidl_generator_py.dir/rosidl_generator_py/px4_msgs/msg/_satellite_info_s.c.o[0m
[156.065s] [ 96%] [32mBuilding C object CMakeFiles/px4_msgs__rosidl_generator_py.dir/rosidl_generator_py/px4_msgs/msg/_sensor_accel_s.c.o[0m
[156.072s] [ 96%] [32mBuilding C object CMakeFiles/px4_msgs__rosidl_generator_py.dir/rosidl_generator_py/px4_msgs/msg/_sensor_accel_fifo_s.c.o[0m
[156.072s] [ 96%] [32mBuilding C object CMakeFiles/px4_msgs__rosidl_generator_py.dir/rosidl_generator_py/px4_msgs/msg/_sensor_baro_s.c.o[0m
[156.093s] [ 96%] [32mBuilding C object CMakeFiles/px4_msgs__rosidl_generator_py.dir/rosidl_generator_py/px4_msgs/msg/_sensor_combined_s.c.o[0m
[156.123s] [ 96%] [32mBuilding C object CMakeFiles/px4_msgs__rosidl_generator_py.dir/rosidl_generator_py/px4_msgs/msg/_sensor_correction_s.c.o[0m
[156.145s] [ 96%] [32mBuilding C object CMakeFiles/px4_msgs__rosidl_generator_py.dir/rosidl_generator_py/px4_msgs/msg/_sensor_gnss_relative_s.c.o[0m
[156.186s] [ 97%] [32mBuilding C object CMakeFiles/px4_msgs__rosidl_generator_py.dir/rosidl_generator_py/px4_msgs/msg/_sensor_gps_s.c.o[0m
[156.190s] [ 97%] [32mBuilding C object CMakeFiles/px4_msgs__rosidl_generator_py.dir/rosidl_generator_py/px4_msgs/msg/_sensor_gyro_s.c.o[0m
[156.192s] [ 97%] [32mBuilding C object CMakeFiles/px4_msgs__rosidl_generator_py.dir/rosidl_generator_py/px4_msgs/msg/_sensor_gyro_fifo_s.c.o[0m
[156.192s] [ 97%] [32mBuilding C object CMakeFiles/px4_msgs__rosidl_generator_py.dir/rosidl_generator_py/px4_msgs/msg/_sensor_gyro_fft_s.c.o[0m
[156.199s] [ 97%] [32mBuilding C object CMakeFiles/px4_msgs__rosidl_generator_py.dir/rosidl_generator_py/px4_msgs/msg/_sensor_hygrometer_s.c.o[0m
[156.214s] [ 97%] [32mBuilding C object CMakeFiles/px4_msgs__rosidl_generator_py.dir/rosidl_generator_py/px4_msgs/msg/_sensor_mag_s.c.o[0m
[156.279s] [ 97%] [32mBuilding C object CMakeFiles/px4_msgs__rosidl_generator_py.dir/rosidl_generator_py/px4_msgs/msg/_sensor_optical_flow_s.c.o[0m
[156.283s] [ 97%] [32mBuilding C object CMakeFiles/px4_msgs__rosidl_generator_py.dir/rosidl_generator_py/px4_msgs/msg/_sensor_preflight_mag_s.c.o[0m
[156.310s] [ 97%] [32mBuilding C object CMakeFiles/px4_msgs__rosidl_generator_py.dir/rosidl_generator_py/px4_msgs/msg/_sensor_selection_s.c.o[0m
[156.314s] [ 97%] [32mBuilding C object CMakeFiles/px4_msgs__rosidl_generator_py.dir/rosidl_generator_py/px4_msgs/msg/_sensor_uwb_s.c.o[0m
[156.320s] [ 97%] [32mBuilding C object CMakeFiles/px4_msgs__rosidl_generator_py.dir/rosidl_generator_py/px4_msgs/msg/_sensors_status_s.c.o[0m
[156.322s] [ 97%] [32mBuilding C object CMakeFiles/px4_msgs__rosidl_generator_py.dir/rosidl_generator_py/px4_msgs/msg/_sensors_status_imu_s.c.o[0m
[156.327s] [ 97%] [32mBuilding C object CMakeFiles/px4_msgs__rosidl_generator_py.dir/rosidl_generator_py/px4_msgs/msg/_simulink_custom_message_s.c.o[0m
[156.387s] [ 97%] [32mBuilding C object CMakeFiles/px4_msgs__rosidl_generator_py.dir/rosidl_generator_py/px4_msgs/msg/_states_and_actuators_s.c.o[0m
[156.396s] [ 97%] [32mBuilding C object CMakeFiles/px4_msgs__rosidl_generator_py.dir/rosidl_generator_py/px4_msgs/msg/_system_power_s.c.o[0m
[156.406s] [ 97%] [32mBuilding C object CMakeFiles/px4_msgs__rosidl_generator_py.dir/rosidl_generator_py/px4_msgs/msg/_takeoff_status_s.c.o[0m
[156.424s] [ 98%] [32mBuilding C object CMakeFiles/px4_msgs__rosidl_generator_py.dir/rosidl_generator_py/px4_msgs/msg/_task_stack_info_s.c.o[0m
[156.440s] [ 98%] [32mBuilding C object CMakeFiles/px4_msgs__rosidl_generator_py.dir/rosidl_generator_py/px4_msgs/msg/_tecs_status_s.c.o[0m
[156.441s] [ 98%] [32mBuilding C object CMakeFiles/px4_msgs__rosidl_generator_py.dir/rosidl_generator_py/px4_msgs/msg/_telemetry_status_s.c.o[0m
[156.448s] [ 98%] [32mBuilding C object CMakeFiles/px4_msgs__rosidl_generator_py.dir/rosidl_generator_py/px4_msgs/msg/_tiltrotor_extra_controls_s.c.o[0m
[156.458s] [ 98%] [32mBuilding C object CMakeFiles/px4_msgs__rosidl_generator_py.dir/rosidl_generator_py/px4_msgs/msg/_timesync_status_s.c.o[0m
[156.518s] [ 98%] [32mBuilding C object CMakeFiles/px4_msgs__rosidl_generator_py.dir/rosidl_generator_py/px4_msgs/msg/_trajectory_bezier_s.c.o[0m
[156.519s] [ 98%] [32mBuilding C object CMakeFiles/px4_msgs__rosidl_generator_py.dir/rosidl_generator_py/px4_msgs/msg/_trajectory_setpoint_s.c.o[0m
[156.542s] [ 98%] [32mBuilding C object CMakeFiles/px4_msgs__rosidl_generator_py.dir/rosidl_generator_py/px4_msgs/msg/_trajectory_waypoint_s.c.o[0m
[156.559s] [ 98%] [32mBuilding C object CMakeFiles/px4_msgs__rosidl_generator_py.dir/rosidl_generator_py/px4_msgs/msg/_transponder_report_s.c.o[0m
[156.563s] [ 98%] [32mBuilding C object CMakeFiles/px4_msgs__rosidl_generator_py.dir/rosidl_generator_py/px4_msgs/msg/_tune_control_s.c.o[0m
[156.571s] [ 98%] [32mBuilding C object CMakeFiles/px4_msgs__rosidl_generator_py.dir/rosidl_generator_py/px4_msgs/msg/_uavcan_parameter_request_s.c.o[0m
[156.572s] [ 98%] [32mBuilding C object CMakeFiles/px4_msgs__rosidl_generator_py.dir/rosidl_generator_py/px4_msgs/msg/_uavcan_parameter_value_s.c.o[0m
[156.583s] [ 98%] [32mBuilding C object CMakeFiles/px4_msgs__rosidl_generator_py.dir/rosidl_generator_py/px4_msgs/msg/_ulog_stream_s.c.o[0m
[156.637s] [ 98%] [32mBuilding C object CMakeFiles/px4_msgs__rosidl_generator_py.dir/rosidl_generator_py/px4_msgs/msg/_ulog_stream_ack_s.c.o[0m
[156.645s] [ 98%] [32mBuilding C object CMakeFiles/px4_msgs__rosidl_generator_py.dir/rosidl_generator_py/px4_msgs/msg/_vehicle_acceleration_s.c.o[0m
[156.672s] [ 99%] [32mBuilding C object CMakeFiles/px4_msgs__rosidl_generator_py.dir/rosidl_generator_py/px4_msgs/msg/_vehicle_air_data_s.c.o[0m
[156.677s] [ 99%] [32mBuilding C object CMakeFiles/px4_msgs__rosidl_generator_py.dir/rosidl_generator_py/px4_msgs/msg/_vehicle_angular_acceleration_setpoint_s.c.o[0m
[156.687s] [ 99%] [32mBuilding C object CMakeFiles/px4_msgs__rosidl_generator_py.dir/rosidl_generator_py/px4_msgs/msg/_vehicle_angular_velocity_s.c.o[0m
[156.691s] [ 99%] [32mBuilding C object CMakeFiles/px4_msgs__rosidl_generator_py.dir/rosidl_generator_py/px4_msgs/msg/_vehicle_attitude_s.c.o[0m
[156.702s] [ 99%] [32mBuilding C object CMakeFiles/px4_msgs__rosidl_generator_py.dir/rosidl_generator_py/px4_msgs/msg/_vehicle_attitude_setpoint_s.c.o[0m
[156.743s] [ 99%] [32mBuilding C object CMakeFiles/px4_msgs__rosidl_generator_py.dir/rosidl_generator_py/px4_msgs/msg/_vehicle_command_s.c.o[0m
[156.746s] [ 99%] [32mBuilding C object CMakeFiles/px4_msgs__rosidl_generator_py.dir/rosidl_generator_py/px4_msgs/msg/_vehicle_command_ack_s.c.o[0m
[156.761s] [ 99%] [32mBuilding C object CMakeFiles/px4_msgs__rosidl_generator_py.dir/rosidl_generator_py/px4_msgs/msg/_vehicle_constraints_s.c.o[0m
[156.788s] [ 99%] [32mBuilding C object CMakeFiles/px4_msgs__rosidl_generator_py.dir/rosidl_generator_py/px4_msgs/msg/_vehicle_control_mode_s.c.o[0m
[156.791s] [ 99%] [32mBuilding C object CMakeFiles/px4_msgs__rosidl_generator_py.dir/rosidl_generator_py/px4_msgs/msg/_vehicle_global_position_s.c.o[0m
[156.805s] [ 99%] [32mBuilding C object CMakeFiles/px4_msgs__rosidl_generator_py.dir/rosidl_generator_py/px4_msgs/msg/_vehicle_imu_s.c.o[0m
[156.814s] [ 99%] [32mBuilding C object CMakeFiles/px4_msgs__rosidl_generator_py.dir/rosidl_generator_py/px4_msgs/msg/_vehicle_imu_status_s.c.o[0m
[156.826s] [ 99%] [32mBuilding C object CMakeFiles/px4_msgs__rosidl_generator_py.dir/rosidl_generator_py/px4_msgs/msg/_vehicle_land_detected_s.c.o[0m
[156.858s] [ 99%] [32mBuilding C object CMakeFiles/px4_msgs__rosidl_generator_py.dir/rosidl_generator_py/px4_msgs/msg/_vehicle_local_position_s.c.o[0m
[156.870s] [ 99%] [32mBuilding C object CMakeFiles/px4_msgs__rosidl_generator_py.dir/rosidl_generator_py/px4_msgs/msg/_vehicle_local_position_setpoint_s.c.o[0m
[156.909s] [100%] [32mBuilding C object CMakeFiles/px4_msgs__rosidl_generator_py.dir/rosidl_generator_py/px4_msgs/msg/_vehicle_odometry_s.c.o[0m
[156.911s] [100%] [32mBuilding C object CMakeFiles/px4_msgs__rosidl_generator_py.dir/rosidl_generator_py/px4_msgs/msg/_vehicle_magnetometer_s.c.o[0m
[156.913s] [100%] [32mBuilding C object CMakeFiles/px4_msgs__rosidl_generator_py.dir/rosidl_generator_py/px4_msgs/msg/_vehicle_optical_flow_s.c.o[0m
[156.930s] [100%] [32mBuilding C object CMakeFiles/px4_msgs__rosidl_generator_py.dir/rosidl_generator_py/px4_msgs/msg/_vehicle_optical_flow_vel_s.c.o[0m
[156.950s] [100%] [32mBuilding C object CMakeFiles/px4_msgs__rosidl_generator_py.dir/rosidl_generator_py/px4_msgs/msg/_vehicle_rates_setpoint_s.c.o[0m
[156.962s] [100%] [32mBuilding C object CMakeFiles/px4_msgs__rosidl_generator_py.dir/rosidl_generator_py/px4_msgs/msg/_vehicle_roi_s.c.o[0m
[157.000s] [100%] [32mBuilding C object CMakeFiles/px4_msgs__rosidl_generator_py.dir/rosidl_generator_py/px4_msgs/msg/_vehicle_status_s.c.o[0m
[157.013s] [100%] [32mBuilding C object CMakeFiles/px4_msgs__rosidl_generator_py.dir/rosidl_generator_py/px4_msgs/msg/_vehicle_thrust_setpoint_s.c.o[0m
[157.036s] [100%] [32mBuilding C object CMakeFiles/px4_msgs__rosidl_generator_py.dir/rosidl_generator_py/px4_msgs/msg/_vehicle_torque_setpoint_s.c.o[0m
[157.039s] [100%] [32mBuilding C object CMakeFiles/px4_msgs__rosidl_generator_py.dir/rosidl_generator_py/px4_msgs/msg/_vehicle_trajectory_bezier_s.c.o[0m
[157.048s] [100%] [32mBuilding C object CMakeFiles/px4_msgs__rosidl_generator_py.dir/rosidl_generator_py/px4_msgs/msg/_vehicle_trajectory_waypoint_s.c.o[0m
[157.060s] [100%] [32mBuilding C object CMakeFiles/px4_msgs__rosidl_generator_py.dir/rosidl_generator_py/px4_msgs/msg/_vtol_vehicle_status_s.c.o[0m
[157.079s] [100%] [32mBuilding C object CMakeFiles/px4_msgs__rosidl_generator_py.dir/rosidl_generator_py/px4_msgs/msg/_wind_s.c.o[0m
[157.124s] [100%] [32mBuilding C object CMakeFiles/px4_msgs__rosidl_generator_py.dir/rosidl_generator_py/px4_msgs/msg/_yaw_estimator_status_s.c.o[0m
[157.128s] [100%] [32mBuilding C object CMakeFiles/px4_msgs__rosidl_generator_py.dir/rosidl_generator_py/px4_msgs/srv/_vehicle_command_s.c.o[0m
[157.227s] [100%] [32m[1mLinking C shared library rosidl_generator_py/px4_msgs/libpx4_msgs__rosidl_generator_py.so[0m
[157.292s] [100%] Built target px4_msgs__rosidl_generator_py
[157.306s] [100%] [32mBuilding C object CMakeFiles/px4_msgs__rosidl_typesupport_c__pyext.dir/rosidl_generator_py/px4_msgs/_px4_msgs_s.ep.rosidl_typesupport_c.c.o[0m
[157.306s] [100%] [32mBuilding C object CMakeFiles/px4_msgs__rosidl_typesupport_introspection_c__pyext.dir/rosidl_generator_py/px4_msgs/_px4_msgs_s.ep.rosidl_typesupport_introspection_c.c.o[0m
[157.306s] [100%] [32mBuilding C object CMakeFiles/px4_msgs__rosidl_typesupport_fastrtps_c__pyext.dir/rosidl_generator_py/px4_msgs/_px4_msgs_s.ep.rosidl_typesupport_fastrtps_c.c.o[0m
[157.747s] [100%] [32m[1mLinking C shared library rosidl_generator_py/px4_msgs/px4_msgs_s__rosidl_typesupport_fastrtps_c.cpython-310-x86_64-linux-gnu.so[0m
[157.749s] [100%] [32m[1mLinking C shared library rosidl_generator_py/px4_msgs/px4_msgs_s__rosidl_typesupport_c.cpython-310-x86_64-linux-gnu.so[0m
[157.752s] [100%] [32m[1mLinking C shared library rosidl_generator_py/px4_msgs/px4_msgs_s__rosidl_typesupport_introspection_c.cpython-310-x86_64-linux-gnu.so[0m
[157.780s] [100%] Built target px4_msgs__rosidl_typesupport_fastrtps_c__pyext
[157.784s] [100%] Built target px4_msgs__rosidl_typesupport_c__pyext
[157.785s] [100%] Built target px4_msgs__rosidl_typesupport_introspection_c__pyext
[157.794s] Invoked command in '/home/ansl/ca_ws/build/px4_msgs' returned '0': CMAKE_PREFIX_PATH=${CMAKE_PREFIX_PATH}:/home/ansl/px4_ros2_ws/install/usv_control_pkg:/home/ansl/px4_ros2_ws/install/ugv_collision_avoidance_lidar_example2:/home/ansl/px4_ros2_ws/install/ugv_collision_avoidance_lidar_example1:/opt/ros/humble /usr/bin/cmake --build /home/ansl/ca_ws/build/px4_msgs -- -j8 -l8
[157.795s] Invoking command in '/home/ansl/ca_ws/build/px4_msgs': CMAKE_PREFIX_PATH=${CMAKE_PREFIX_PATH}:/home/ansl/px4_ros2_ws/install/usv_control_pkg:/home/ansl/px4_ros2_ws/install/ugv_collision_avoidance_lidar_example2:/home/ansl/px4_ros2_ws/install/ugv_collision_avoidance_lidar_example1:/opt/ros/humble /usr/bin/cmake --install /home/ansl/ca_ws/build/px4_msgs
[157.800s] -- Install configuration: ""
[157.801s] -- Execute custom install script
[157.801s] -- Symlinking: /home/ansl/ca_ws/install/px4_msgs/share/ament_index/resource_index/rosidl_interfaces/px4_msgs
[157.812s] -- Symlinking: /home/ansl/ca_ws/install/px4_msgs/include/px4_msgs/px4_msgs/msg/action_request.h
[157.817s] -- Symlinking: /home/ansl/ca_ws/install/px4_msgs/include/px4_msgs/px4_msgs/msg/actuator_armed.h
[157.823s] -- Symlinking: /home/ansl/ca_ws/install/px4_msgs/include/px4_msgs/px4_msgs/msg/actuator_command.h
[157.828s] -- Symlinking: /home/ansl/ca_ws/install/px4_msgs/include/px4_msgs/px4_msgs/msg/actuator_controls_status.h
[157.833s] -- Symlinking: /home/ansl/ca_ws/install/px4_msgs/include/px4_msgs/px4_msgs/msg/actuator_motors.h
[157.839s] -- Symlinking: /home/ansl/ca_ws/install/px4_msgs/include/px4_msgs/px4_msgs/msg/actuator_outputs.h
[157.844s] -- Symlinking: /home/ansl/ca_ws/install/px4_msgs/include/px4_msgs/px4_msgs/msg/actuator_servos.h
[157.849s] -- Symlinking: /home/ansl/ca_ws/install/px4_msgs/include/px4_msgs/px4_msgs/msg/actuator_servos_trim.h
[157.854s] -- Symlinking: /home/ansl/ca_ws/install/px4_msgs/include/px4_msgs/px4_msgs/msg/actuator_test.h
[157.859s] -- Symlinking: /home/ansl/ca_ws/install/px4_msgs/include/px4_msgs/px4_msgs/msg/adc_report.h
[157.865s] -- Symlinking: /home/ansl/ca_ws/install/px4_msgs/include/px4_msgs/px4_msgs/msg/airspeed.h
[157.870s] -- Symlinking: /home/ansl/ca_ws/install/px4_msgs/include/px4_msgs/px4_msgs/msg/airspeed_validated.h
[157.876s] -- Symlinking: /home/ansl/ca_ws/install/px4_msgs/include/px4_msgs/px4_msgs/msg/airspeed_wind.h
[157.881s] -- Symlinking: /home/ansl/ca_ws/install/px4_msgs/include/px4_msgs/px4_msgs/msg/autotune_attitude_control_status.h
[157.887s] -- Symlinking: /home/ansl/ca_ws/install/px4_msgs/include/px4_msgs/px4_msgs/msg/battery_status.h
[157.892s] -- Symlinking: /home/ansl/ca_ws/install/px4_msgs/include/px4_msgs/px4_msgs/msg/button_event.h
[157.898s] -- Symlinking: /home/ansl/ca_ws/install/px4_msgs/include/px4_msgs/px4_msgs/msg/camera_capture.h
[157.903s] -- Symlinking: /home/ansl/ca_ws/install/px4_msgs/include/px4_msgs/px4_msgs/msg/camera_status.h
[157.908s] -- Symlinking: /home/ansl/ca_ws/install/px4_msgs/include/px4_msgs/px4_msgs/msg/camera_trigger.h
[157.914s] -- Symlinking: /home/ansl/ca_ws/install/px4_msgs/include/px4_msgs/px4_msgs/msg/cellular_status.h
[157.919s] -- Symlinking: /home/ansl/ca_ws/install/px4_msgs/include/px4_msgs/px4_msgs/msg/collision_constraints.h
[157.924s] -- Symlinking: /home/ansl/ca_ws/install/px4_msgs/include/px4_msgs/px4_msgs/msg/collision_report.h
[157.930s] -- Symlinking: /home/ansl/ca_ws/install/px4_msgs/include/px4_msgs/px4_msgs/msg/command_values.h
[157.935s] -- Symlinking: /home/ansl/ca_ws/install/px4_msgs/include/px4_msgs/px4_msgs/msg/control_allocator_status.h
[157.940s] -- Symlinking: /home/ansl/ca_ws/install/px4_msgs/include/px4_msgs/px4_msgs/msg/cpuload.h
[157.946s] -- Symlinking: /home/ansl/ca_ws/install/px4_msgs/include/px4_msgs/px4_msgs/msg/debug_array.h
[157.951s] -- Symlinking: /home/ansl/ca_ws/install/px4_msgs/include/px4_msgs/px4_msgs/msg/debug_key_value.h
[157.957s] -- Symlinking: /home/ansl/ca_ws/install/px4_msgs/include/px4_msgs/px4_msgs/msg/debug_value.h
[157.962s] -- Symlinking: /home/ansl/ca_ws/install/px4_msgs/include/px4_msgs/px4_msgs/msg/debug_vect.h
[157.967s] -- Symlinking: /home/ansl/ca_ws/install/px4_msgs/include/px4_msgs/px4_msgs/msg/detail/action_request__functions.h
[157.973s] -- Symlinking: /home/ansl/ca_ws/install/px4_msgs/include/px4_msgs/px4_msgs/msg/detail/action_request__struct.h
[157.978s] -- Symlinking: /home/ansl/ca_ws/install/px4_msgs/include/px4_msgs/px4_msgs/msg/detail/action_request__type_support.h
[157.983s] -- Symlinking: /home/ansl/ca_ws/install/px4_msgs/include/px4_msgs/px4_msgs/msg/detail/actuator_armed__functions.h
[157.989s] -- Symlinking: /home/ansl/ca_ws/install/px4_msgs/include/px4_msgs/px4_msgs/msg/detail/actuator_armed__struct.h
[157.994s] -- Symlinking: /home/ansl/ca_ws/install/px4_msgs/include/px4_msgs/px4_msgs/msg/detail/actuator_armed__type_support.h
[157.999s] -- Symlinking: /home/ansl/ca_ws/install/px4_msgs/include/px4_msgs/px4_msgs/msg/detail/actuator_command__functions.h
[158.004s] -- Symlinking: /home/ansl/ca_ws/install/px4_msgs/include/px4_msgs/px4_msgs/msg/detail/actuator_command__struct.h
[158.010s] -- Symlinking: /home/ansl/ca_ws/install/px4_msgs/include/px4_msgs/px4_msgs/msg/detail/actuator_command__type_support.h
[158.015s] -- Symlinking: /home/ansl/ca_ws/install/px4_msgs/include/px4_msgs/px4_msgs/msg/detail/actuator_controls_status__functions.h
[158.020s] -- Symlinking: /home/ansl/ca_ws/install/px4_msgs/include/px4_msgs/px4_msgs/msg/detail/actuator_controls_status__struct.h
[158.026s] -- Symlinking: /home/ansl/ca_ws/install/px4_msgs/include/px4_msgs/px4_msgs/msg/detail/actuator_controls_status__type_support.h
[158.031s] -- Symlinking: /home/ansl/ca_ws/install/px4_msgs/include/px4_msgs/px4_msgs/msg/detail/actuator_motors__functions.h
[158.036s] -- Symlinking: /home/ansl/ca_ws/install/px4_msgs/include/px4_msgs/px4_msgs/msg/detail/actuator_motors__struct.h
[158.042s] -- Symlinking: /home/ansl/ca_ws/install/px4_msgs/include/px4_msgs/px4_msgs/msg/detail/actuator_motors__type_support.h
[158.047s] -- Symlinking: /home/ansl/ca_ws/install/px4_msgs/include/px4_msgs/px4_msgs/msg/detail/actuator_outputs__functions.h
[158.052s] -- Symlinking: /home/ansl/ca_ws/install/px4_msgs/include/px4_msgs/px4_msgs/msg/detail/actuator_outputs__struct.h
[158.058s] -- Symlinking: /home/ansl/ca_ws/install/px4_msgs/include/px4_msgs/px4_msgs/msg/detail/actuator_outputs__type_support.h
[158.063s] -- Symlinking: /home/ansl/ca_ws/install/px4_msgs/include/px4_msgs/px4_msgs/msg/detail/actuator_servos__functions.h
[158.068s] -- Symlinking: /home/ansl/ca_ws/install/px4_msgs/include/px4_msgs/px4_msgs/msg/detail/actuator_servos__struct.h
[158.073s] -- Symlinking: /home/ansl/ca_ws/install/px4_msgs/include/px4_msgs/px4_msgs/msg/detail/actuator_servos__type_support.h
[158.078s] -- Symlinking: /home/ansl/ca_ws/install/px4_msgs/include/px4_msgs/px4_msgs/msg/detail/actuator_servos_trim__functions.h
[158.084s] -- Symlinking: /home/ansl/ca_ws/install/px4_msgs/include/px4_msgs/px4_msgs/msg/detail/actuator_servos_trim__struct.h
[158.089s] -- Symlinking: /home/ansl/ca_ws/install/px4_msgs/include/px4_msgs/px4_msgs/msg/detail/actuator_servos_trim__type_support.h
[158.094s] -- Symlinking: /home/ansl/ca_ws/install/px4_msgs/include/px4_msgs/px4_msgs/msg/detail/actuator_test__functions.h
[158.099s] -- Symlinking: /home/ansl/ca_ws/install/px4_msgs/include/px4_msgs/px4_msgs/msg/detail/actuator_test__struct.h
[158.105s] -- Symlinking: /home/ansl/ca_ws/install/px4_msgs/include/px4_msgs/px4_msgs/msg/detail/actuator_test__type_support.h
[158.110s] -- Symlinking: /home/ansl/ca_ws/install/px4_msgs/include/px4_msgs/px4_msgs/msg/detail/adc_report__functions.h
[158.115s] -- Symlinking: /home/ansl/ca_ws/install/px4_msgs/include/px4_msgs/px4_msgs/msg/detail/adc_report__struct.h
[158.121s] -- Symlinking: /home/ansl/ca_ws/install/px4_msgs/include/px4_msgs/px4_msgs/msg/detail/adc_report__type_support.h
[158.126s] -- Symlinking: /home/ansl/ca_ws/install/px4_msgs/include/px4_msgs/px4_msgs/msg/detail/airspeed__functions.h
[158.131s] -- Symlinking: /home/ansl/ca_ws/install/px4_msgs/include/px4_msgs/px4_msgs/msg/detail/airspeed__struct.h
[158.136s] -- Symlinking: /home/ansl/ca_ws/install/px4_msgs/include/px4_msgs/px4_msgs/msg/detail/airspeed__type_support.h
[158.142s] -- Symlinking: /home/ansl/ca_ws/install/px4_msgs/include/px4_msgs/px4_msgs/msg/detail/airspeed_validated__functions.h
[158.147s] -- Symlinking: /home/ansl/ca_ws/install/px4_msgs/include/px4_msgs/px4_msgs/msg/detail/airspeed_validated__struct.h
[158.152s] -- Symlinking: /home/ansl/ca_ws/install/px4_msgs/include/px4_msgs/px4_msgs/msg/detail/airspeed_validated__type_support.h
[158.158s] -- Symlinking: /home/ansl/ca_ws/install/px4_msgs/include/px4_msgs/px4_msgs/msg/detail/airspeed_wind__functions.h
[158.163s] -- Symlinking: /home/ansl/ca_ws/install/px4_msgs/include/px4_msgs/px4_msgs/msg/detail/airspeed_wind__struct.h
[158.168s] -- Symlinking: /home/ansl/ca_ws/install/px4_msgs/include/px4_msgs/px4_msgs/msg/detail/airspeed_wind__type_support.h
[158.173s] -- Symlinking: /home/ansl/ca_ws/install/px4_msgs/include/px4_msgs/px4_msgs/msg/detail/autotune_attitude_control_status__functions.h
[158.178s] -- Symlinking: /home/ansl/ca_ws/install/px4_msgs/include/px4_msgs/px4_msgs/msg/detail/autotune_attitude_control_status__struct.h
[158.184s] -- Symlinking: /home/ansl/ca_ws/install/px4_msgs/include/px4_msgs/px4_msgs/msg/detail/autotune_attitude_control_status__type_support.h
[158.189s] -- Symlinking: /home/ansl/ca_ws/install/px4_msgs/include/px4_msgs/px4_msgs/msg/detail/battery_status__functions.h
[158.194s] -- Symlinking: /home/ansl/ca_ws/install/px4_msgs/include/px4_msgs/px4_msgs/msg/detail/battery_status__struct.h
[158.200s] -- Symlinking: /home/ansl/ca_ws/install/px4_msgs/include/px4_msgs/px4_msgs/msg/detail/battery_status__type_support.h
[158.206s] -- Symlinking: /home/ansl/ca_ws/install/px4_msgs/include/px4_msgs/px4_msgs/msg/detail/button_event__functions.h
[158.211s] -- Symlinking: /home/ansl/ca_ws/install/px4_msgs/include/px4_msgs/px4_msgs/msg/detail/button_event__struct.h
[158.217s] -- Symlinking: /home/ansl/ca_ws/install/px4_msgs/include/px4_msgs/px4_msgs/msg/detail/button_event__type_support.h
[158.222s] -- Symlinking: /home/ansl/ca_ws/install/px4_msgs/include/px4_msgs/px4_msgs/msg/detail/camera_capture__functions.h
[158.227s] -- Symlinking: /home/ansl/ca_ws/install/px4_msgs/include/px4_msgs/px4_msgs/msg/detail/camera_capture__struct.h
[158.232s] -- Symlinking: /home/ansl/ca_ws/install/px4_msgs/include/px4_msgs/px4_msgs/msg/detail/camera_capture__type_support.h
[158.238s] -- Symlinking: /home/ansl/ca_ws/install/px4_msgs/include/px4_msgs/px4_msgs/msg/detail/camera_status__functions.h
[158.243s] -- Symlinking: /home/ansl/ca_ws/install/px4_msgs/include/px4_msgs/px4_msgs/msg/detail/camera_status__struct.h
[158.248s] -- Symlinking: /home/ansl/ca_ws/install/px4_msgs/include/px4_msgs/px4_msgs/msg/detail/camera_status__type_support.h
[158.254s] -- Symlinking: /home/ansl/ca_ws/install/px4_msgs/include/px4_msgs/px4_msgs/msg/detail/camera_trigger__functions.h
[158.259s] -- Symlinking: /home/ansl/ca_ws/install/px4_msgs/include/px4_msgs/px4_msgs/msg/detail/camera_trigger__struct.h
[158.265s] -- Symlinking: /home/ansl/ca_ws/install/px4_msgs/include/px4_msgs/px4_msgs/msg/detail/camera_trigger__type_support.h
[158.270s] -- Symlinking: /home/ansl/ca_ws/install/px4_msgs/include/px4_msgs/px4_msgs/msg/detail/cellular_status__functions.h
[158.275s] -- Symlinking: /home/ansl/ca_ws/install/px4_msgs/include/px4_msgs/px4_msgs/msg/detail/cellular_status__struct.h
[158.280s] -- Symlinking: /home/ansl/ca_ws/install/px4_msgs/include/px4_msgs/px4_msgs/msg/detail/cellular_status__type_support.h
[158.286s] -- Symlinking: /home/ansl/ca_ws/install/px4_msgs/include/px4_msgs/px4_msgs/msg/detail/collision_constraints__functions.h
[158.291s] -- Symlinking: /home/ansl/ca_ws/install/px4_msgs/include/px4_msgs/px4_msgs/msg/detail/collision_constraints__struct.h
[158.296s] -- Symlinking: /home/ansl/ca_ws/install/px4_msgs/include/px4_msgs/px4_msgs/msg/detail/collision_constraints__type_support.h
[158.301s] -- Symlinking: /home/ansl/ca_ws/install/px4_msgs/include/px4_msgs/px4_msgs/msg/detail/collision_report__functions.h
[158.307s] -- Symlinking: /home/ansl/ca_ws/install/px4_msgs/include/px4_msgs/px4_msgs/msg/detail/collision_report__struct.h
[158.312s] -- Symlinking: /home/ansl/ca_ws/install/px4_msgs/include/px4_msgs/px4_msgs/msg/detail/collision_report__type_support.h
[158.317s] -- Symlinking: /home/ansl/ca_ws/install/px4_msgs/include/px4_msgs/px4_msgs/msg/detail/command_values__functions.h
[158.322s] -- Symlinking: /home/ansl/ca_ws/install/px4_msgs/include/px4_msgs/px4_msgs/msg/detail/command_values__struct.h
[158.327s] -- Symlinking: /home/ansl/ca_ws/install/px4_msgs/include/px4_msgs/px4_msgs/msg/detail/command_values__type_support.h
[158.333s] -- Symlinking: /home/ansl/ca_ws/install/px4_msgs/include/px4_msgs/px4_msgs/msg/detail/control_allocator_status__functions.h
[158.338s] -- Symlinking: /home/ansl/ca_ws/install/px4_msgs/include/px4_msgs/px4_msgs/msg/detail/control_allocator_status__struct.h
[158.344s] -- Symlinking: /home/ansl/ca_ws/install/px4_msgs/include/px4_msgs/px4_msgs/msg/detail/control_allocator_status__type_support.h
[158.349s] -- Symlinking: /home/ansl/ca_ws/install/px4_msgs/include/px4_msgs/px4_msgs/msg/detail/cpuload__functions.h
[158.355s] -- Symlinking: /home/ansl/ca_ws/install/px4_msgs/include/px4_msgs/px4_msgs/msg/detail/cpuload__struct.h
[158.360s] -- Symlinking: /home/ansl/ca_ws/install/px4_msgs/include/px4_msgs/px4_msgs/msg/detail/cpuload__type_support.h
[158.365s] -- Symlinking: /home/ansl/ca_ws/install/px4_msgs/include/px4_msgs/px4_msgs/msg/detail/debug_array__functions.h
[158.370s] -- Symlinking: /home/ansl/ca_ws/install/px4_msgs/include/px4_msgs/px4_msgs/msg/detail/debug_array__struct.h
[158.376s] -- Symlinking: /home/ansl/ca_ws/install/px4_msgs/include/px4_msgs/px4_msgs/msg/detail/debug_array__type_support.h
[158.381s] -- Symlinking: /home/ansl/ca_ws/install/px4_msgs/include/px4_msgs/px4_msgs/msg/detail/debug_key_value__functions.h
[158.387s] -- Symlinking: /home/ansl/ca_ws/install/px4_msgs/include/px4_msgs/px4_msgs/msg/detail/debug_key_value__struct.h
[158.392s] -- Symlinking: /home/ansl/ca_ws/install/px4_msgs/include/px4_msgs/px4_msgs/msg/detail/debug_key_value__type_support.h
[158.397s] -- Symlinking: /home/ansl/ca_ws/install/px4_msgs/include/px4_msgs/px4_msgs/msg/detail/debug_value__functions.h
[158.402s] -- Symlinking: /home/ansl/ca_ws/install/px4_msgs/include/px4_msgs/px4_msgs/msg/detail/debug_value__struct.h
[158.408s] -- Symlinking: /home/ansl/ca_ws/install/px4_msgs/include/px4_msgs/px4_msgs/msg/detail/debug_value__type_support.h
[158.413s] -- Symlinking: /home/ansl/ca_ws/install/px4_msgs/include/px4_msgs/px4_msgs/msg/detail/debug_vect__functions.h
[158.418s] -- Symlinking: /home/ansl/ca_ws/install/px4_msgs/include/px4_msgs/px4_msgs/msg/detail/debug_vect__struct.h
[158.423s] -- Symlinking: /home/ansl/ca_ws/install/px4_msgs/include/px4_msgs/px4_msgs/msg/detail/debug_vect__type_support.h
[158.429s] -- Symlinking: /home/ansl/ca_ws/install/px4_msgs/include/px4_msgs/px4_msgs/msg/detail/differential_pressure__functions.h
[158.434s] -- Symlinking: /home/ansl/ca_ws/install/px4_msgs/include/px4_msgs/px4_msgs/msg/detail/differential_pressure__struct.h
[158.439s] -- Symlinking: /home/ansl/ca_ws/install/px4_msgs/include/px4_msgs/px4_msgs/msg/detail/differential_pressure__type_support.h
[158.444s] -- Symlinking: /home/ansl/ca_ws/install/px4_msgs/include/px4_msgs/px4_msgs/msg/detail/distance_sensor__functions.h
[158.450s] -- Symlinking: /home/ansl/ca_ws/install/px4_msgs/include/px4_msgs/px4_msgs/msg/detail/distance_sensor__struct.h
[158.455s] -- Symlinking: /home/ansl/ca_ws/install/px4_msgs/include/px4_msgs/px4_msgs/msg/detail/distance_sensor__type_support.h
[158.460s] -- Symlinking: /home/ansl/ca_ws/install/px4_msgs/include/px4_msgs/px4_msgs/msg/detail/ekf2_timestamps__functions.h
[158.465s] -- Symlinking: /home/ansl/ca_ws/install/px4_msgs/include/px4_msgs/px4_msgs/msg/detail/ekf2_timestamps__struct.h
[158.471s] -- Symlinking: /home/ansl/ca_ws/install/px4_msgs/include/px4_msgs/px4_msgs/msg/detail/ekf2_timestamps__type_support.h
[158.476s] -- Symlinking: /home/ansl/ca_ws/install/px4_msgs/include/px4_msgs/px4_msgs/msg/detail/esc_report__functions.h
[158.481s] -- Symlinking: /home/ansl/ca_ws/install/px4_msgs/include/px4_msgs/px4_msgs/msg/detail/esc_report__struct.h
[158.487s] -- Symlinking: /home/ansl/ca_ws/install/px4_msgs/include/px4_msgs/px4_msgs/msg/detail/esc_report__type_support.h
[158.492s] -- Symlinking: /home/ansl/ca_ws/install/px4_msgs/include/px4_msgs/px4_msgs/msg/detail/esc_status__functions.h
[158.497s] -- Symlinking: /home/ansl/ca_ws/install/px4_msgs/include/px4_msgs/px4_msgs/msg/detail/esc_status__struct.h
[158.503s] -- Symlinking: /home/ansl/ca_ws/install/px4_msgs/include/px4_msgs/px4_msgs/msg/detail/esc_status__type_support.h
[158.508s] -- Symlinking: /home/ansl/ca_ws/install/px4_msgs/include/px4_msgs/px4_msgs/msg/detail/estimator_aid_source1d__functions.h
[158.513s] -- Symlinking: /home/ansl/ca_ws/install/px4_msgs/include/px4_msgs/px4_msgs/msg/detail/estimator_aid_source1d__struct.h
[158.518s] -- Symlinking: /home/ansl/ca_ws/install/px4_msgs/include/px4_msgs/px4_msgs/msg/detail/estimator_aid_source1d__type_support.h
[158.524s] -- Symlinking: /home/ansl/ca_ws/install/px4_msgs/include/px4_msgs/px4_msgs/msg/detail/estimator_aid_source2d__functions.h
[158.529s] -- Symlinking: /home/ansl/ca_ws/install/px4_msgs/include/px4_msgs/px4_msgs/msg/detail/estimator_aid_source2d__struct.h
[158.535s] -- Symlinking: /home/ansl/ca_ws/install/px4_msgs/include/px4_msgs/px4_msgs/msg/detail/estimator_aid_source2d__type_support.h
[158.540s] -- Symlinking: /home/ansl/ca_ws/install/px4_msgs/include/px4_msgs/px4_msgs/msg/detail/estimator_aid_source3d__functions.h
[158.546s] -- Symlinking: /home/ansl/ca_ws/install/px4_msgs/include/px4_msgs/px4_msgs/msg/detail/estimator_aid_source3d__struct.h
[158.551s] -- Symlinking: /home/ansl/ca_ws/install/px4_msgs/include/px4_msgs/px4_msgs/msg/detail/estimator_aid_source3d__type_support.h
[158.556s] -- Symlinking: /home/ansl/ca_ws/install/px4_msgs/include/px4_msgs/px4_msgs/msg/detail/estimator_bias3d__functions.h
[158.562s] -- Symlinking: /home/ansl/ca_ws/install/px4_msgs/include/px4_msgs/px4_msgs/msg/detail/estimator_bias3d__struct.h
[158.567s] -- Symlinking: /home/ansl/ca_ws/install/px4_msgs/include/px4_msgs/px4_msgs/msg/detail/estimator_bias3d__type_support.h
[158.572s] -- Symlinking: /home/ansl/ca_ws/install/px4_msgs/include/px4_msgs/px4_msgs/msg/detail/estimator_bias__functions.h
[158.578s] -- Symlinking: /home/ansl/ca_ws/install/px4_msgs/include/px4_msgs/px4_msgs/msg/detail/estimator_bias__struct.h
[158.583s] -- Symlinking: /home/ansl/ca_ws/install/px4_msgs/include/px4_msgs/px4_msgs/msg/detail/estimator_bias__type_support.h
[158.589s] -- Symlinking: /home/ansl/ca_ws/install/px4_msgs/include/px4_msgs/px4_msgs/msg/detail/estimator_event_flags__functions.h
[158.594s] -- Symlinking: /home/ansl/ca_ws/install/px4_msgs/include/px4_msgs/px4_msgs/msg/detail/estimator_event_flags__struct.h
[158.599s] -- Symlinking: /home/ansl/ca_ws/install/px4_msgs/include/px4_msgs/px4_msgs/msg/detail/estimator_event_flags__type_support.h
[158.604s] -- Symlinking: /home/ansl/ca_ws/install/px4_msgs/include/px4_msgs/px4_msgs/msg/detail/estimator_gps_status__functions.h
[158.610s] -- Symlinking: /home/ansl/ca_ws/install/px4_msgs/include/px4_msgs/px4_msgs/msg/detail/estimator_gps_status__struct.h
[158.615s] -- Symlinking: /home/ansl/ca_ws/install/px4_msgs/include/px4_msgs/px4_msgs/msg/detail/estimator_gps_status__type_support.h
[158.621s] -- Symlinking: /home/ansl/ca_ws/install/px4_msgs/include/px4_msgs/px4_msgs/msg/detail/estimator_innovations__functions.h
[158.626s] -- Symlinking: /home/ansl/ca_ws/install/px4_msgs/include/px4_msgs/px4_msgs/msg/detail/estimator_innovations__struct.h
[158.631s] -- Symlinking: /home/ansl/ca_ws/install/px4_msgs/include/px4_msgs/px4_msgs/msg/detail/estimator_innovations__type_support.h
[158.636s] -- Symlinking: /home/ansl/ca_ws/install/px4_msgs/include/px4_msgs/px4_msgs/msg/detail/estimator_selector_status__functions.h
[158.642s] -- Symlinking: /home/ansl/ca_ws/install/px4_msgs/include/px4_msgs/px4_msgs/msg/detail/estimator_selector_status__struct.h
[158.647s] -- Symlinking: /home/ansl/ca_ws/install/px4_msgs/include/px4_msgs/px4_msgs/msg/detail/estimator_selector_status__type_support.h
[158.652s] -- Symlinking: /home/ansl/ca_ws/install/px4_msgs/include/px4_msgs/px4_msgs/msg/detail/estimator_sensor_bias__functions.h
[158.657s] -- Symlinking: /home/ansl/ca_ws/install/px4_msgs/include/px4_msgs/px4_msgs/msg/detail/estimator_sensor_bias__struct.h
[158.662s] -- Symlinking: /home/ansl/ca_ws/install/px4_msgs/include/px4_msgs/px4_msgs/msg/detail/estimator_sensor_bias__type_support.h
[158.668s] -- Symlinking: /home/ansl/ca_ws/install/px4_msgs/include/px4_msgs/px4_msgs/msg/detail/estimator_states__functions.h
[158.673s] -- Symlinking: /home/ansl/ca_ws/install/px4_msgs/include/px4_msgs/px4_msgs/msg/detail/estimator_states__struct.h
[158.678s] -- Symlinking: /home/ansl/ca_ws/install/px4_msgs/include/px4_msgs/px4_msgs/msg/detail/estimator_states__type_support.h
[158.684s] -- Symlinking: /home/ansl/ca_ws/install/px4_msgs/include/px4_msgs/px4_msgs/msg/detail/estimator_status__functions.h
[158.689s] -- Symlinking: /home/ansl/ca_ws/install/px4_msgs/include/px4_msgs/px4_msgs/msg/detail/estimator_status__struct.h
[158.695s] -- Symlinking: /home/ansl/ca_ws/install/px4_msgs/include/px4_msgs/px4_msgs/msg/detail/estimator_status__type_support.h
[158.700s] -- Symlinking: /home/ansl/ca_ws/install/px4_msgs/include/px4_msgs/px4_msgs/msg/detail/estimator_status_flags__functions.h
[158.705s] -- Symlinking: /home/ansl/ca_ws/install/px4_msgs/include/px4_msgs/px4_msgs/msg/detail/estimator_status_flags__struct.h
[158.710s] -- Symlinking: /home/ansl/ca_ws/install/px4_msgs/include/px4_msgs/px4_msgs/msg/detail/estimator_status_flags__type_support.h
[158.716s] -- Symlinking: /home/ansl/ca_ws/install/px4_msgs/include/px4_msgs/px4_msgs/msg/detail/event__functions.h
[158.721s] -- Symlinking: /home/ansl/ca_ws/install/px4_msgs/include/px4_msgs/px4_msgs/msg/detail/event__struct.h
[158.727s] -- Symlinking: /home/ansl/ca_ws/install/px4_msgs/include/px4_msgs/px4_msgs/msg/detail/event__type_support.h
[158.734s] -- Symlinking: /home/ansl/ca_ws/install/px4_msgs/include/px4_msgs/px4_msgs/msg/detail/failsafe_flags__functions.h
[158.739s] -- Symlinking: /home/ansl/ca_ws/install/px4_msgs/include/px4_msgs/px4_msgs/msg/detail/failsafe_flags__struct.h
[158.744s] -- Symlinking: /home/ansl/ca_ws/install/px4_msgs/include/px4_msgs/px4_msgs/msg/detail/failsafe_flags__type_support.h
[158.750s] -- Symlinking: /home/ansl/ca_ws/install/px4_msgs/include/px4_msgs/px4_msgs/msg/detail/failure_detector_status__functions.h
[158.756s] -- Symlinking: /home/ansl/ca_ws/install/px4_msgs/include/px4_msgs/px4_msgs/msg/detail/failure_detector_status__struct.h
[158.762s] -- Symlinking: /home/ansl/ca_ws/install/px4_msgs/include/px4_msgs/px4_msgs/msg/detail/failure_detector_status__type_support.h
[158.768s] -- Symlinking: /home/ansl/ca_ws/install/px4_msgs/include/px4_msgs/px4_msgs/msg/detail/follow_target__functions.h
[158.774s] -- Symlinking: /home/ansl/ca_ws/install/px4_msgs/include/px4_msgs/px4_msgs/msg/detail/follow_target__struct.h
[158.781s] -- Symlinking: /home/ansl/ca_ws/install/px4_msgs/include/px4_msgs/px4_msgs/msg/detail/follow_target__type_support.h
[158.786s] -- Symlinking: /home/ansl/ca_ws/install/px4_msgs/include/px4_msgs/px4_msgs/msg/detail/follow_target_estimator__functions.h
[158.791s] -- Symlinking: /home/ansl/ca_ws/install/px4_msgs/include/px4_msgs/px4_msgs/msg/detail/follow_target_estimator__struct.h
[158.797s] -- Symlinking: /home/ansl/ca_ws/install/px4_msgs/include/px4_msgs/px4_msgs/msg/detail/follow_target_estimator__type_support.h
[158.802s] -- Symlinking: /home/ansl/ca_ws/install/px4_msgs/include/px4_msgs/px4_msgs/msg/detail/follow_target_status__functions.h
[158.807s] -- Symlinking: /home/ansl/ca_ws/install/px4_msgs/include/px4_msgs/px4_msgs/msg/detail/follow_target_status__struct.h
[158.814s] -- Symlinking: /home/ansl/ca_ws/install/px4_msgs/include/px4_msgs/px4_msgs/msg/detail/follow_target_status__type_support.h
[158.820s] -- Symlinking: /home/ansl/ca_ws/install/px4_msgs/include/px4_msgs/px4_msgs/msg/detail/generator_status__functions.h
[158.825s] -- Symlinking: /home/ansl/ca_ws/install/px4_msgs/include/px4_msgs/px4_msgs/msg/detail/generator_status__struct.h
[158.832s] -- Symlinking: /home/ansl/ca_ws/install/px4_msgs/include/px4_msgs/px4_msgs/msg/detail/generator_status__type_support.h
[158.837s] -- Symlinking: /home/ansl/ca_ws/install/px4_msgs/include/px4_msgs/px4_msgs/msg/detail/geofence_result__functions.h
[158.844s] -- Symlinking: /home/ansl/ca_ws/install/px4_msgs/include/px4_msgs/px4_msgs/msg/detail/geofence_result__struct.h
[158.849s] -- Symlinking: /home/ansl/ca_ws/install/px4_msgs/include/px4_msgs/px4_msgs/msg/detail/geofence_result__type_support.h
[158.856s] -- Symlinking: /home/ansl/ca_ws/install/px4_msgs/include/px4_msgs/px4_msgs/msg/detail/gimbal_controls__functions.h
[158.861s] -- Symlinking: /home/ansl/ca_ws/install/px4_msgs/include/px4_msgs/px4_msgs/msg/detail/gimbal_controls__struct.h
[158.866s] -- Symlinking: /home/ansl/ca_ws/install/px4_msgs/include/px4_msgs/px4_msgs/msg/detail/gimbal_controls__type_support.h
[158.872s] -- Symlinking: /home/ansl/ca_ws/install/px4_msgs/include/px4_msgs/px4_msgs/msg/detail/gimbal_device_attitude_status__functions.h
[158.878s] -- Symlinking: /home/ansl/ca_ws/install/px4_msgs/include/px4_msgs/px4_msgs/msg/detail/gimbal_device_attitude_status__struct.h
[158.884s] -- Symlinking: /home/ansl/ca_ws/install/px4_msgs/include/px4_msgs/px4_msgs/msg/detail/gimbal_device_attitude_status__type_support.h
[158.889s] -- Symlinking: /home/ansl/ca_ws/install/px4_msgs/include/px4_msgs/px4_msgs/msg/detail/gimbal_device_information__functions.h
[158.895s] -- Symlinking: /home/ansl/ca_ws/install/px4_msgs/include/px4_msgs/px4_msgs/msg/detail/gimbal_device_information__struct.h
[158.906s] -- Symlinking: /home/ansl/ca_ws/install/px4_msgs/include/px4_msgs/px4_msgs/msg/detail/gimbal_device_information__type_support.h
[158.908s] -- Symlinking: /home/ansl/ca_ws/install/px4_msgs/include/px4_msgs/px4_msgs/msg/detail/gimbal_device_set_attitude__functions.h
[158.913s] -- Symlinking: /home/ansl/ca_ws/install/px4_msgs/include/px4_msgs/px4_msgs/msg/detail/gimbal_device_set_attitude__struct.h
[158.919s] -- Symlinking: /home/ansl/ca_ws/install/px4_msgs/include/px4_msgs/px4_msgs/msg/detail/gimbal_device_set_attitude__type_support.h
[158.924s] -- Symlinking: /home/ansl/ca_ws/install/px4_msgs/include/px4_msgs/px4_msgs/msg/detail/gimbal_manager_information__functions.h
[158.929s] -- Symlinking: /home/ansl/ca_ws/install/px4_msgs/include/px4_msgs/px4_msgs/msg/detail/gimbal_manager_information__struct.h
[158.935s] -- Symlinking: /home/ansl/ca_ws/install/px4_msgs/include/px4_msgs/px4_msgs/msg/detail/gimbal_manager_information__type_support.h
[158.940s] -- Symlinking: /home/ansl/ca_ws/install/px4_msgs/include/px4_msgs/px4_msgs/msg/detail/gimbal_manager_set_attitude__functions.h
[158.945s] -- Symlinking: /home/ansl/ca_ws/install/px4_msgs/include/px4_msgs/px4_msgs/msg/detail/gimbal_manager_set_attitude__struct.h
[158.950s] -- Symlinking: /home/ansl/ca_ws/install/px4_msgs/include/px4_msgs/px4_msgs/msg/detail/gimbal_manager_set_attitude__type_support.h
[158.955s] -- Symlinking: /home/ansl/ca_ws/install/px4_msgs/include/px4_msgs/px4_msgs/msg/detail/gimbal_manager_set_manual_control__functions.h
[158.960s] -- Symlinking: /home/ansl/ca_ws/install/px4_msgs/include/px4_msgs/px4_msgs/msg/detail/gimbal_manager_set_manual_control__struct.h
[158.965s] -- Symlinking: /home/ansl/ca_ws/install/px4_msgs/include/px4_msgs/px4_msgs/msg/detail/gimbal_manager_set_manual_control__type_support.h
[158.970s] -- Symlinking: /home/ansl/ca_ws/install/px4_msgs/include/px4_msgs/px4_msgs/msg/detail/gimbal_manager_status__functions.h
[158.976s] -- Symlinking: /home/ansl/ca_ws/install/px4_msgs/include/px4_msgs/px4_msgs/msg/detail/gimbal_manager_status__struct.h
[158.981s] -- Symlinking: /home/ansl/ca_ws/install/px4_msgs/include/px4_msgs/px4_msgs/msg/detail/gimbal_manager_status__type_support.h
[158.987s] -- Symlinking: /home/ansl/ca_ws/install/px4_msgs/include/px4_msgs/px4_msgs/msg/detail/gps_dump__functions.h
[158.992s] -- Symlinking: /home/ansl/ca_ws/install/px4_msgs/include/px4_msgs/px4_msgs/msg/detail/gps_dump__struct.h
[158.997s] -- Symlinking: /home/ansl/ca_ws/install/px4_msgs/include/px4_msgs/px4_msgs/msg/detail/gps_dump__type_support.h
[159.003s] -- Symlinking: /home/ansl/ca_ws/install/px4_msgs/include/px4_msgs/px4_msgs/msg/detail/gps_inject_data__functions.h
[159.008s] -- Symlinking: /home/ansl/ca_ws/install/px4_msgs/include/px4_msgs/px4_msgs/msg/detail/gps_inject_data__struct.h
[159.014s] -- Symlinking: /home/ansl/ca_ws/install/px4_msgs/include/px4_msgs/px4_msgs/msg/detail/gps_inject_data__type_support.h
[159.020s] -- Symlinking: /home/ansl/ca_ws/install/px4_msgs/include/px4_msgs/px4_msgs/msg/detail/gripper__functions.h
[159.025s] -- Symlinking: /home/ansl/ca_ws/install/px4_msgs/include/px4_msgs/px4_msgs/msg/detail/gripper__struct.h
[159.030s] -- Symlinking: /home/ansl/ca_ws/install/px4_msgs/include/px4_msgs/px4_msgs/msg/detail/gripper__type_support.h
[159.036s] -- Symlinking: /home/ansl/ca_ws/install/px4_msgs/include/px4_msgs/px4_msgs/msg/detail/health_report__functions.h
[159.042s] -- Symlinking: /home/ansl/ca_ws/install/px4_msgs/include/px4_msgs/px4_msgs/msg/detail/health_report__struct.h
[159.047s] -- Symlinking: /home/ansl/ca_ws/install/px4_msgs/include/px4_msgs/px4_msgs/msg/detail/health_report__type_support.h
[159.053s] -- Symlinking: /home/ansl/ca_ws/install/px4_msgs/include/px4_msgs/px4_msgs/msg/detail/heater_status__functions.h
[159.058s] -- Symlinking: /home/ansl/ca_ws/install/px4_msgs/include/px4_msgs/px4_msgs/msg/detail/heater_status__struct.h
[159.064s] -- Symlinking: /home/ansl/ca_ws/install/px4_msgs/include/px4_msgs/px4_msgs/msg/detail/heater_status__type_support.h
[159.069s] -- Symlinking: /home/ansl/ca_ws/install/px4_msgs/include/px4_msgs/px4_msgs/msg/detail/home_position__functions.h
[159.074s] -- Symlinking: /home/ansl/ca_ws/install/px4_msgs/include/px4_msgs/px4_msgs/msg/detail/home_position__struct.h
[159.080s] -- Symlinking: /home/ansl/ca_ws/install/px4_msgs/include/px4_msgs/px4_msgs/msg/detail/home_position__type_support.h
[159.086s] -- Symlinking: /home/ansl/ca_ws/install/px4_msgs/include/px4_msgs/px4_msgs/msg/detail/hover_thrust_estimate__functions.h
[159.091s] -- Symlinking: /home/ansl/ca_ws/install/px4_msgs/include/px4_msgs/px4_msgs/msg/detail/hover_thrust_estimate__struct.h
[159.097s] -- Symlinking: /home/ansl/ca_ws/install/px4_msgs/include/px4_msgs/px4_msgs/msg/detail/hover_thrust_estimate__type_support.h
[159.102s] -- Symlinking: /home/ansl/ca_ws/install/px4_msgs/include/px4_msgs/px4_msgs/msg/detail/input_rc__functions.h
[159.107s] -- Symlinking: /home/ansl/ca_ws/install/px4_msgs/include/px4_msgs/px4_msgs/msg/detail/input_rc__struct.h
[159.113s] -- Symlinking: /home/ansl/ca_ws/install/px4_msgs/include/px4_msgs/px4_msgs/msg/detail/input_rc__type_support.h
[159.119s] -- Symlinking: /home/ansl/ca_ws/install/px4_msgs/include/px4_msgs/px4_msgs/msg/detail/input_tau__functions.h
[159.124s] -- Symlinking: /home/ansl/ca_ws/install/px4_msgs/include/px4_msgs/px4_msgs/msg/detail/input_tau__struct.h
[159.130s] -- Symlinking: /home/ansl/ca_ws/install/px4_msgs/include/px4_msgs/px4_msgs/msg/detail/input_tau__type_support.h
[159.135s] -- Symlinking: /home/ansl/ca_ws/install/px4_msgs/include/px4_msgs/px4_msgs/msg/detail/internal_combustion_engine_status__functions.h
[159.140s] -- Symlinking: /home/ansl/ca_ws/install/px4_msgs/include/px4_msgs/px4_msgs/msg/detail/internal_combustion_engine_status__struct.h
[159.145s] -- Symlinking: /home/ansl/ca_ws/install/px4_msgs/include/px4_msgs/px4_msgs/msg/detail/internal_combustion_engine_status__type_support.h
[159.151s] -- Symlinking: /home/ansl/ca_ws/install/px4_msgs/include/px4_msgs/px4_msgs/msg/detail/iridiumsbd_status__functions.h
[159.157s] -- Symlinking: /home/ansl/ca_ws/install/px4_msgs/include/px4_msgs/px4_msgs/msg/detail/iridiumsbd_status__struct.h
[159.162s] -- Symlinking: /home/ansl/ca_ws/install/px4_msgs/include/px4_msgs/px4_msgs/msg/detail/iridiumsbd_status__type_support.h
[159.167s] -- Symlinking: /home/ansl/ca_ws/install/px4_msgs/include/px4_msgs/px4_msgs/msg/detail/irlock_report__functions.h
[159.173s] -- Symlinking: /home/ansl/ca_ws/install/px4_msgs/include/px4_msgs/px4_msgs/msg/detail/irlock_report__struct.h
[159.178s] -- Symlinking: /home/ansl/ca_ws/install/px4_msgs/include/px4_msgs/px4_msgs/msg/detail/irlock_report__type_support.h
[159.184s] -- Symlinking: /home/ansl/ca_ws/install/px4_msgs/include/px4_msgs/px4_msgs/msg/detail/landing_gear__functions.h
[159.190s] -- Symlinking: /home/ansl/ca_ws/install/px4_msgs/include/px4_msgs/px4_msgs/msg/detail/landing_gear__struct.h
[159.195s] -- Symlinking: /home/ansl/ca_ws/install/px4_msgs/include/px4_msgs/px4_msgs/msg/detail/landing_gear__type_support.h
[159.200s] -- Symlinking: /home/ansl/ca_ws/install/px4_msgs/include/px4_msgs/px4_msgs/msg/detail/landing_gear_wheel__functions.h
[159.206s] -- Symlinking: /home/ansl/ca_ws/install/px4_msgs/include/px4_msgs/px4_msgs/msg/detail/landing_gear_wheel__struct.h
[159.212s] -- Symlinking: /home/ansl/ca_ws/install/px4_msgs/include/px4_msgs/px4_msgs/msg/detail/landing_gear_wheel__type_support.h
[159.217s] -- Symlinking: /home/ansl/ca_ws/install/px4_msgs/include/px4_msgs/px4_msgs/msg/detail/landing_target_innovations__functions.h
[159.223s] -- Symlinking: /home/ansl/ca_ws/install/px4_msgs/include/px4_msgs/px4_msgs/msg/detail/landing_target_innovations__struct.h
[159.229s] -- Symlinking: /home/ansl/ca_ws/install/px4_msgs/include/px4_msgs/px4_msgs/msg/detail/landing_target_innovations__type_support.h
[159.234s] -- Symlinking: /home/ansl/ca_ws/install/px4_msgs/include/px4_msgs/px4_msgs/msg/detail/landing_target_pose__functions.h
[159.240s] -- Symlinking: /home/ansl/ca_ws/install/px4_msgs/include/px4_msgs/px4_msgs/msg/detail/landing_target_pose__struct.h
[159.245s] -- Symlinking: /home/ansl/ca_ws/install/px4_msgs/include/px4_msgs/px4_msgs/msg/detail/landing_target_pose__type_support.h
[159.251s] -- Symlinking: /home/ansl/ca_ws/install/px4_msgs/include/px4_msgs/px4_msgs/msg/detail/launch_detection_status__functions.h
[159.256s] -- Symlinking: /home/ansl/ca_ws/install/px4_msgs/include/px4_msgs/px4_msgs/msg/detail/launch_detection_status__struct.h
[159.261s] -- Symlinking: /home/ansl/ca_ws/install/px4_msgs/include/px4_msgs/px4_msgs/msg/detail/launch_detection_status__type_support.h
[159.268s] -- Symlinking: /home/ansl/ca_ws/install/px4_msgs/include/px4_msgs/px4_msgs/msg/detail/led_control__functions.h
[159.273s] -- Symlinking: /home/ansl/ca_ws/install/px4_msgs/include/px4_msgs/px4_msgs/msg/detail/led_control__struct.h
[159.278s] -- Symlinking: /home/ansl/ca_ws/install/px4_msgs/include/px4_msgs/px4_msgs/msg/detail/led_control__type_support.h
[159.285s] -- Symlinking: /home/ansl/ca_ws/install/px4_msgs/include/px4_msgs/px4_msgs/msg/detail/log_message__functions.h
[159.290s] -- Symlinking: /home/ansl/ca_ws/install/px4_msgs/include/px4_msgs/px4_msgs/msg/detail/log_message__struct.h
[159.297s] -- Symlinking: /home/ansl/ca_ws/install/px4_msgs/include/px4_msgs/px4_msgs/msg/detail/log_message__type_support.h
[159.302s] -- Symlinking: /home/ansl/ca_ws/install/px4_msgs/include/px4_msgs/px4_msgs/msg/detail/logger_status__functions.h
[159.308s] -- Symlinking: /home/ansl/ca_ws/install/px4_msgs/include/px4_msgs/px4_msgs/msg/detail/logger_status__struct.h
[159.313s] -- Symlinking: /home/ansl/ca_ws/install/px4_msgs/include/px4_msgs/px4_msgs/msg/detail/logger_status__type_support.h
[159.319s] -- Symlinking: /home/ansl/ca_ws/install/px4_msgs/include/px4_msgs/px4_msgs/msg/detail/mag_worker_data__functions.h
[159.325s] -- Symlinking: /home/ansl/ca_ws/install/px4_msgs/include/px4_msgs/px4_msgs/msg/detail/mag_worker_data__struct.h
[159.330s] -- Symlinking: /home/ansl/ca_ws/install/px4_msgs/include/px4_msgs/px4_msgs/msg/detail/mag_worker_data__type_support.h
[159.336s] -- Symlinking: /home/ansl/ca_ws/install/px4_msgs/include/px4_msgs/px4_msgs/msg/detail/magnetometer_bias_estimate__functions.h
[159.342s] -- Symlinking: /home/ansl/ca_ws/install/px4_msgs/include/px4_msgs/px4_msgs/msg/detail/magnetometer_bias_estimate__struct.h
[159.347s] -- Symlinking: /home/ansl/ca_ws/install/px4_msgs/include/px4_msgs/px4_msgs/msg/detail/magnetometer_bias_estimate__type_support.h
[159.352s] -- Symlinking: /home/ansl/ca_ws/install/px4_msgs/include/px4_msgs/px4_msgs/msg/detail/manual_control_setpoint__functions.h
[159.358s] -- Symlinking: /home/ansl/ca_ws/install/px4_msgs/include/px4_msgs/px4_msgs/msg/detail/manual_control_setpoint__struct.h
[159.364s] -- Symlinking: /home/ansl/ca_ws/install/px4_msgs/include/px4_msgs/px4_msgs/msg/detail/manual_control_setpoint__type_support.h
[159.370s] -- Symlinking: /home/ansl/ca_ws/install/px4_msgs/include/px4_msgs/px4_msgs/msg/detail/manual_control_switches__functions.h
[159.375s] -- Symlinking: /home/ansl/ca_ws/install/px4_msgs/include/px4_msgs/px4_msgs/msg/detail/manual_control_switches__struct.h
[159.380s] -- Symlinking: /home/ansl/ca_ws/install/px4_msgs/include/px4_msgs/px4_msgs/msg/detail/manual_control_switches__type_support.h
[159.386s] -- Symlinking: /home/ansl/ca_ws/install/px4_msgs/include/px4_msgs/px4_msgs/msg/detail/mavlink_log__functions.h
[159.392s] -- Symlinking: /home/ansl/ca_ws/install/px4_msgs/include/px4_msgs/px4_msgs/msg/detail/mavlink_log__struct.h
[159.397s] -- Symlinking: /home/ansl/ca_ws/install/px4_msgs/include/px4_msgs/px4_msgs/msg/detail/mavlink_log__type_support.h
[159.403s] -- Symlinking: /home/ansl/ca_ws/install/px4_msgs/include/px4_msgs/px4_msgs/msg/detail/mavlink_tunnel__functions.h
[159.408s] -- Symlinking: /home/ansl/ca_ws/install/px4_msgs/include/px4_msgs/px4_msgs/msg/detail/mavlink_tunnel__struct.h
[159.413s] -- Symlinking: /home/ansl/ca_ws/install/px4_msgs/include/px4_msgs/px4_msgs/msg/detail/mavlink_tunnel__type_support.h
[159.420s] -- Symlinking: /home/ansl/ca_ws/install/px4_msgs/include/px4_msgs/px4_msgs/msg/detail/mission__functions.h
[159.427s] -- Symlinking: /home/ansl/ca_ws/install/px4_msgs/include/px4_msgs/px4_msgs/msg/detail/mission__struct.h
[159.432s] -- Symlinking: /home/ansl/ca_ws/install/px4_msgs/include/px4_msgs/px4_msgs/msg/detail/mission__type_support.h
[159.437s] -- Symlinking: /home/ansl/ca_ws/install/px4_msgs/include/px4_msgs/px4_msgs/msg/detail/mission_result__functions.h
[159.443s] -- Symlinking: /home/ansl/ca_ws/install/px4_msgs/include/px4_msgs/px4_msgs/msg/detail/mission_result__struct.h
[159.449s] -- Symlinking: /home/ansl/ca_ws/install/px4_msgs/include/px4_msgs/px4_msgs/msg/detail/mission_result__type_support.h
[159.455s] -- Symlinking: /home/ansl/ca_ws/install/px4_msgs/include/px4_msgs/px4_msgs/msg/detail/mode_completed__functions.h
[159.461s] -- Symlinking: /home/ansl/ca_ws/install/px4_msgs/include/px4_msgs/px4_msgs/msg/detail/mode_completed__struct.h
[159.466s] -- Symlinking: /home/ansl/ca_ws/install/px4_msgs/include/px4_msgs/px4_msgs/msg/detail/mode_completed__type_support.h
[159.472s] -- Symlinking: /home/ansl/ca_ws/install/px4_msgs/include/px4_msgs/px4_msgs/msg/detail/mode_flag__functions.h
[159.477s] -- Symlinking: /home/ansl/ca_ws/install/px4_msgs/include/px4_msgs/px4_msgs/msg/detail/mode_flag__struct.h
[159.483s] -- Symlinking: /home/ansl/ca_ws/install/px4_msgs/include/px4_msgs/px4_msgs/msg/detail/mode_flag__type_support.h
[159.489s] -- Symlinking: /home/ansl/ca_ws/install/px4_msgs/include/px4_msgs/px4_msgs/msg/detail/mount_orientation__functions.h
[159.495s] -- Symlinking: /home/ansl/ca_ws/install/px4_msgs/include/px4_msgs/px4_msgs/msg/detail/mount_orientation__struct.h
[159.500s] -- Symlinking: /home/ansl/ca_ws/install/px4_msgs/include/px4_msgs/px4_msgs/msg/detail/mount_orientation__type_support.h
[159.506s] -- Symlinking: /home/ansl/ca_ws/install/px4_msgs/include/px4_msgs/px4_msgs/msg/detail/navigator_mission_item__functions.h
[159.511s] -- Symlinking: /home/ansl/ca_ws/install/px4_msgs/include/px4_msgs/px4_msgs/msg/detail/navigator_mission_item__struct.h
[159.517s] -- Symlinking: /home/ansl/ca_ws/install/px4_msgs/include/px4_msgs/px4_msgs/msg/detail/navigator_mission_item__type_support.h
[159.523s] -- Symlinking: /home/ansl/ca_ws/install/px4_msgs/include/px4_msgs/px4_msgs/msg/detail/normalized_unsigned_setpoint__functions.h
[159.529s] -- Symlinking: /home/ansl/ca_ws/install/px4_msgs/include/px4_msgs/px4_msgs/msg/detail/normalized_unsigned_setpoint__struct.h
[159.534s] -- Symlinking: /home/ansl/ca_ws/install/px4_msgs/include/px4_msgs/px4_msgs/msg/detail/normalized_unsigned_setpoint__type_support.h
[159.539s] -- Symlinking: /home/ansl/ca_ws/install/px4_msgs/include/px4_msgs/px4_msgs/msg/detail/npfg_status__functions.h
[159.545s] -- Symlinking: /home/ansl/ca_ws/install/px4_msgs/include/px4_msgs/px4_msgs/msg/detail/npfg_status__struct.h
[159.551s] -- Symlinking: /home/ansl/ca_ws/install/px4_msgs/include/px4_msgs/px4_msgs/msg/detail/npfg_status__type_support.h
[159.556s] -- Symlinking: /home/ansl/ca_ws/install/px4_msgs/include/px4_msgs/px4_msgs/msg/detail/obstacle_distance__functions.h
[159.562s] -- Symlinking: /home/ansl/ca_ws/install/px4_msgs/include/px4_msgs/px4_msgs/msg/detail/obstacle_distance__struct.h
[159.567s] -- Symlinking: /home/ansl/ca_ws/install/px4_msgs/include/px4_msgs/px4_msgs/msg/detail/obstacle_distance__type_support.h
[159.572s] -- Symlinking: /home/ansl/ca_ws/install/px4_msgs/include/px4_msgs/px4_msgs/msg/detail/offboard_control_mode__functions.h
[159.578s] -- Symlinking: /home/ansl/ca_ws/install/px4_msgs/include/px4_msgs/px4_msgs/msg/detail/offboard_control_mode__struct.h
[159.584s] -- Symlinking: /home/ansl/ca_ws/install/px4_msgs/include/px4_msgs/px4_msgs/msg/detail/offboard_control_mode__type_support.h
[159.589s] -- Symlinking: /home/ansl/ca_ws/install/px4_msgs/include/px4_msgs/px4_msgs/msg/detail/onboard_computer_status__functions.h
[159.594s] -- Symlinking: /home/ansl/ca_ws/install/px4_msgs/include/px4_msgs/px4_msgs/msg/detail/onboard_computer_status__struct.h
[159.600s] -- Symlinking: /home/ansl/ca_ws/install/px4_msgs/include/px4_msgs/px4_msgs/msg/detail/onboard_computer_status__type_support.h
[159.605s] -- Symlinking: /home/ansl/ca_ws/install/px4_msgs/include/px4_msgs/px4_msgs/msg/detail/orb_test__functions.h
[159.611s] -- Symlinking: /home/ansl/ca_ws/install/px4_msgs/include/px4_msgs/px4_msgs/msg/detail/orb_test__struct.h
[159.616s] -- Symlinking: /home/ansl/ca_ws/install/px4_msgs/include/px4_msgs/px4_msgs/msg/detail/orb_test__type_support.h
[159.621s] -- Symlinking: /home/ansl/ca_ws/install/px4_msgs/include/px4_msgs/px4_msgs/msg/detail/orb_test_large__functions.h
[159.627s] -- Symlinking: /home/ansl/ca_ws/install/px4_msgs/include/px4_msgs/px4_msgs/msg/detail/orb_test_large__struct.h
[159.632s] -- Symlinking: /home/ansl/ca_ws/install/px4_msgs/include/px4_msgs/px4_msgs/msg/detail/orb_test_large__type_support.h
[159.637s] -- Symlinking: /home/ansl/ca_ws/install/px4_msgs/include/px4_msgs/px4_msgs/msg/detail/orb_test_medium__functions.h
[159.642s] -- Symlinking: /home/ansl/ca_ws/install/px4_msgs/include/px4_msgs/px4_msgs/msg/detail/orb_test_medium__struct.h
[159.648s] -- Symlinking: /home/ansl/ca_ws/install/px4_msgs/include/px4_msgs/px4_msgs/msg/detail/orb_test_medium__type_support.h
[159.653s] -- Symlinking: /home/ansl/ca_ws/install/px4_msgs/include/px4_msgs/px4_msgs/msg/detail/orbit_status__functions.h
[159.658s] -- Symlinking: /home/ansl/ca_ws/install/px4_msgs/include/px4_msgs/px4_msgs/msg/detail/orbit_status__struct.h
[159.663s] -- Symlinking: /home/ansl/ca_ws/install/px4_msgs/include/px4_msgs/px4_msgs/msg/detail/orbit_status__type_support.h
[159.668s] -- Symlinking: /home/ansl/ca_ws/install/px4_msgs/include/px4_msgs/px4_msgs/msg/detail/output_test__functions.h
[159.673s] -- Symlinking: /home/ansl/ca_ws/install/px4_msgs/include/px4_msgs/px4_msgs/msg/detail/output_test__struct.h
[159.678s] -- Symlinking: /home/ansl/ca_ws/install/px4_msgs/include/px4_msgs/px4_msgs/msg/detail/output_test__type_support.h
[159.683s] -- Symlinking: /home/ansl/ca_ws/install/px4_msgs/include/px4_msgs/px4_msgs/msg/detail/parameter_update__functions.h
[159.688s] -- Symlinking: /home/ansl/ca_ws/install/px4_msgs/include/px4_msgs/px4_msgs/msg/detail/parameter_update__struct.h
[159.693s] -- Symlinking: /home/ansl/ca_ws/install/px4_msgs/include/px4_msgs/px4_msgs/msg/detail/parameter_update__type_support.h
[159.698s] -- Symlinking: /home/ansl/ca_ws/install/px4_msgs/include/px4_msgs/px4_msgs/msg/detail/ping__functions.h
[159.704s] -- Symlinking: /home/ansl/ca_ws/install/px4_msgs/include/px4_msgs/px4_msgs/msg/detail/ping__struct.h
[159.709s] -- Symlinking: /home/ansl/ca_ws/install/px4_msgs/include/px4_msgs/px4_msgs/msg/detail/ping__type_support.h
[159.714s] -- Symlinking: /home/ansl/ca_ws/install/px4_msgs/include/px4_msgs/px4_msgs/msg/detail/position_controller_landing_status__functions.h
[159.719s] -- Symlinking: /home/ansl/ca_ws/install/px4_msgs/include/px4_msgs/px4_msgs/msg/detail/position_controller_landing_status__struct.h
[159.725s] -- Symlinking: /home/ansl/ca_ws/install/px4_msgs/include/px4_msgs/px4_msgs/msg/detail/position_controller_landing_status__type_support.h
[159.730s] -- Symlinking: /home/ansl/ca_ws/install/px4_msgs/include/px4_msgs/px4_msgs/msg/detail/position_controller_status__functions.h
[159.735s] -- Symlinking: /home/ansl/ca_ws/install/px4_msgs/include/px4_msgs/px4_msgs/msg/detail/position_controller_status__struct.h
[159.740s] -- Symlinking: /home/ansl/ca_ws/install/px4_msgs/include/px4_msgs/px4_msgs/msg/detail/position_controller_status__type_support.h
[159.745s] -- Symlinking: /home/ansl/ca_ws/install/px4_msgs/include/px4_msgs/px4_msgs/msg/detail/position_setpoint__functions.h
[159.751s] -- Symlinking: /home/ansl/ca_ws/install/px4_msgs/include/px4_msgs/px4_msgs/msg/detail/position_setpoint__struct.h
[159.756s] -- Symlinking: /home/ansl/ca_ws/install/px4_msgs/include/px4_msgs/px4_msgs/msg/detail/position_setpoint__type_support.h
[159.761s] -- Symlinking: /home/ansl/ca_ws/install/px4_msgs/include/px4_msgs/px4_msgs/msg/detail/position_setpoint_triplet__functions.h
[159.766s] -- Symlinking: /home/ansl/ca_ws/install/px4_msgs/include/px4_msgs/px4_msgs/msg/detail/position_setpoint_triplet__struct.h
[159.771s] -- Symlinking: /home/ansl/ca_ws/install/px4_msgs/include/px4_msgs/px4_msgs/msg/detail/position_setpoint_triplet__type_support.h
[159.776s] -- Symlinking: /home/ansl/ca_ws/install/px4_msgs/include/px4_msgs/px4_msgs/msg/detail/power_button_state__functions.h
[159.781s] -- Symlinking: /home/ansl/ca_ws/install/px4_msgs/include/px4_msgs/px4_msgs/msg/detail/power_button_state__struct.h
[159.786s] -- Symlinking: /home/ansl/ca_ws/install/px4_msgs/include/px4_msgs/px4_msgs/msg/detail/power_button_state__type_support.h
[159.791s] -- Symlinking: /home/ansl/ca_ws/install/px4_msgs/include/px4_msgs/px4_msgs/msg/detail/power_monitor__functions.h
[159.796s] -- Symlinking: /home/ansl/ca_ws/install/px4_msgs/include/px4_msgs/px4_msgs/msg/detail/power_monitor__struct.h
[159.801s] -- Symlinking: /home/ansl/ca_ws/install/px4_msgs/include/px4_msgs/px4_msgs/msg/detail/power_monitor__type_support.h
[159.806s] -- Symlinking: /home/ansl/ca_ws/install/px4_msgs/include/px4_msgs/px4_msgs/msg/detail/pps_capture__functions.h
[159.812s] -- Symlinking: /home/ansl/ca_ws/install/px4_msgs/include/px4_msgs/px4_msgs/msg/detail/pps_capture__struct.h
[159.817s] -- Symlinking: /home/ansl/ca_ws/install/px4_msgs/include/px4_msgs/px4_msgs/msg/detail/pps_capture__type_support.h
[159.823s] -- Symlinking: /home/ansl/ca_ws/install/px4_msgs/include/px4_msgs/px4_msgs/msg/detail/pwm_input__functions.h
[159.828s] -- Symlinking: /home/ansl/ca_ws/install/px4_msgs/include/px4_msgs/px4_msgs/msg/detail/pwm_input__struct.h
[159.833s] -- Symlinking: /home/ansl/ca_ws/install/px4_msgs/include/px4_msgs/px4_msgs/msg/detail/pwm_input__type_support.h
[159.838s] -- Symlinking: /home/ansl/ca_ws/install/px4_msgs/include/px4_msgs/px4_msgs/msg/detail/px4io_status__functions.h
[159.843s] -- Symlinking: /home/ansl/ca_ws/install/px4_msgs/include/px4_msgs/px4_msgs/msg/detail/px4io_status__struct.h
[159.848s] -- Symlinking: /home/ansl/ca_ws/install/px4_msgs/include/px4_msgs/px4_msgs/msg/detail/px4io_status__type_support.h
[159.853s] -- Symlinking: /home/ansl/ca_ws/install/px4_msgs/include/px4_msgs/px4_msgs/msg/detail/qshell_req__functions.h
[159.859s] -- Symlinking: /home/ansl/ca_ws/install/px4_msgs/include/px4_msgs/px4_msgs/msg/detail/qshell_req__struct.h
[159.864s] -- Symlinking: /home/ansl/ca_ws/install/px4_msgs/include/px4_msgs/px4_msgs/msg/detail/qshell_req__type_support.h
[159.869s] -- Symlinking: /home/ansl/ca_ws/install/px4_msgs/include/px4_msgs/px4_msgs/msg/detail/qshell_retval__functions.h
[159.874s] -- Symlinking: /home/ansl/ca_ws/install/px4_msgs/include/px4_msgs/px4_msgs/msg/detail/qshell_retval__struct.h
[159.879s] -- Symlinking: /home/ansl/ca_ws/install/px4_msgs/include/px4_msgs/px4_msgs/msg/detail/qshell_retval__type_support.h
[159.884s] -- Symlinking: /home/ansl/ca_ws/install/px4_msgs/include/px4_msgs/px4_msgs/msg/detail/radio_status__functions.h
[159.889s] -- Symlinking: /home/ansl/ca_ws/install/px4_msgs/include/px4_msgs/px4_msgs/msg/detail/radio_status__struct.h
[159.894s] -- Symlinking: /home/ansl/ca_ws/install/px4_msgs/include/px4_msgs/px4_msgs/msg/detail/radio_status__type_support.h
[159.899s] -- Symlinking: /home/ansl/ca_ws/install/px4_msgs/include/px4_msgs/px4_msgs/msg/detail/rate_ctrl_status__functions.h
[159.905s] -- Symlinking: /home/ansl/ca_ws/install/px4_msgs/include/px4_msgs/px4_msgs/msg/detail/rate_ctrl_status__struct.h
[159.910s] -- Symlinking: /home/ansl/ca_ws/install/px4_msgs/include/px4_msgs/px4_msgs/msg/detail/rate_ctrl_status__type_support.h
[159.915s] -- Symlinking: /home/ansl/ca_ws/install/px4_msgs/include/px4_msgs/px4_msgs/msg/detail/rc_channels__functions.h
[159.920s] -- Symlinking: /home/ansl/ca_ws/install/px4_msgs/include/px4_msgs/px4_msgs/msg/detail/rc_channels__struct.h
[159.925s] -- Symlinking: /home/ansl/ca_ws/install/px4_msgs/include/px4_msgs/px4_msgs/msg/detail/rc_channels__type_support.h
[159.930s] -- Symlinking: /home/ansl/ca_ws/install/px4_msgs/include/px4_msgs/px4_msgs/msg/detail/rc_parameter_map__functions.h
[159.936s] -- Symlinking: /home/ansl/ca_ws/install/px4_msgs/include/px4_msgs/px4_msgs/msg/detail/rc_parameter_map__struct.h
[159.941s] -- Symlinking: /home/ansl/ca_ws/install/px4_msgs/include/px4_msgs/px4_msgs/msg/detail/rc_parameter_map__type_support.h
[159.946s] -- Symlinking: /home/ansl/ca_ws/install/px4_msgs/include/px4_msgs/px4_msgs/msg/detail/rpm__functions.h
[159.951s] -- Symlinking: /home/ansl/ca_ws/install/px4_msgs/include/px4_msgs/px4_msgs/msg/detail/rpm__struct.h
[159.956s] -- Symlinking: /home/ansl/ca_ws/install/px4_msgs/include/px4_msgs/px4_msgs/msg/detail/rpm__type_support.h
[159.962s] -- Symlinking: /home/ansl/ca_ws/install/px4_msgs/include/px4_msgs/px4_msgs/msg/detail/rtl_time_estimate__functions.h
[159.966s] -- Symlinking: /home/ansl/ca_ws/install/px4_msgs/include/px4_msgs/px4_msgs/msg/detail/rtl_time_estimate__struct.h
[159.971s] -- Symlinking: /home/ansl/ca_ws/install/px4_msgs/include/px4_msgs/px4_msgs/msg/detail/rtl_time_estimate__type_support.h
[159.977s] -- Symlinking: /home/ansl/ca_ws/install/px4_msgs/include/px4_msgs/px4_msgs/msg/detail/satellite_info__functions.h
[159.982s] -- Symlinking: /home/ansl/ca_ws/install/px4_msgs/include/px4_msgs/px4_msgs/msg/detail/satellite_info__struct.h
[159.987s] -- Symlinking: /home/ansl/ca_ws/install/px4_msgs/include/px4_msgs/px4_msgs/msg/detail/satellite_info__type_support.h
[159.992s] -- Symlinking: /home/ansl/ca_ws/install/px4_msgs/include/px4_msgs/px4_msgs/msg/detail/sensor_accel__functions.h
[159.997s] -- Symlinking: /home/ansl/ca_ws/install/px4_msgs/include/px4_msgs/px4_msgs/msg/detail/sensor_accel__struct.h
[160.002s] -- Symlinking: /home/ansl/ca_ws/install/px4_msgs/include/px4_msgs/px4_msgs/msg/detail/sensor_accel__type_support.h
[160.008s] -- Symlinking: /home/ansl/ca_ws/install/px4_msgs/include/px4_msgs/px4_msgs/msg/detail/sensor_accel_fifo__functions.h
[160.012s] -- Symlinking: /home/ansl/ca_ws/install/px4_msgs/include/px4_msgs/px4_msgs/msg/detail/sensor_accel_fifo__struct.h
[160.017s] -- Symlinking: /home/ansl/ca_ws/install/px4_msgs/include/px4_msgs/px4_msgs/msg/detail/sensor_accel_fifo__type_support.h
[160.023s] -- Symlinking: /home/ansl/ca_ws/install/px4_msgs/include/px4_msgs/px4_msgs/msg/detail/sensor_baro__functions.h
[160.028s] -- Symlinking: /home/ansl/ca_ws/install/px4_msgs/include/px4_msgs/px4_msgs/msg/detail/sensor_baro__struct.h
[160.033s] -- Symlinking: /home/ansl/ca_ws/install/px4_msgs/include/px4_msgs/px4_msgs/msg/detail/sensor_baro__type_support.h
[160.038s] -- Symlinking: /home/ansl/ca_ws/install/px4_msgs/include/px4_msgs/px4_msgs/msg/detail/sensor_combined__functions.h
[160.043s] -- Symlinking: /home/ansl/ca_ws/install/px4_msgs/include/px4_msgs/px4_msgs/msg/detail/sensor_combined__struct.h
[160.048s] -- Symlinking: /home/ansl/ca_ws/install/px4_msgs/include/px4_msgs/px4_msgs/msg/detail/sensor_combined__type_support.h
[160.054s] -- Symlinking: /home/ansl/ca_ws/install/px4_msgs/include/px4_msgs/px4_msgs/msg/detail/sensor_correction__functions.h
[160.059s] -- Symlinking: /home/ansl/ca_ws/install/px4_msgs/include/px4_msgs/px4_msgs/msg/detail/sensor_correction__struct.h
[160.064s] -- Symlinking: /home/ansl/ca_ws/install/px4_msgs/include/px4_msgs/px4_msgs/msg/detail/sensor_correction__type_support.h
[160.069s] -- Symlinking: /home/ansl/ca_ws/install/px4_msgs/include/px4_msgs/px4_msgs/msg/detail/sensor_gnss_relative__functions.h
[160.074s] -- Symlinking: /home/ansl/ca_ws/install/px4_msgs/include/px4_msgs/px4_msgs/msg/detail/sensor_gnss_relative__struct.h
[160.079s] -- Symlinking: /home/ansl/ca_ws/install/px4_msgs/include/px4_msgs/px4_msgs/msg/detail/sensor_gnss_relative__type_support.h
[160.085s] -- Symlinking: /home/ansl/ca_ws/install/px4_msgs/include/px4_msgs/px4_msgs/msg/detail/sensor_gps__functions.h
[160.090s] -- Symlinking: /home/ansl/ca_ws/install/px4_msgs/include/px4_msgs/px4_msgs/msg/detail/sensor_gps__struct.h
[160.096s] -- Symlinking: /home/ansl/ca_ws/install/px4_msgs/include/px4_msgs/px4_msgs/msg/detail/sensor_gps__type_support.h
[160.101s] -- Symlinking: /home/ansl/ca_ws/install/px4_msgs/include/px4_msgs/px4_msgs/msg/detail/sensor_gyro__functions.h
[160.106s] -- Symlinking: /home/ansl/ca_ws/install/px4_msgs/include/px4_msgs/px4_msgs/msg/detail/sensor_gyro__struct.h
[160.113s] -- Symlinking: /home/ansl/ca_ws/install/px4_msgs/include/px4_msgs/px4_msgs/msg/detail/sensor_gyro__type_support.h
[160.120s] -- Symlinking: /home/ansl/ca_ws/install/px4_msgs/include/px4_msgs/px4_msgs/msg/detail/sensor_gyro_fft__functions.h
[160.125s] -- Symlinking: /home/ansl/ca_ws/install/px4_msgs/include/px4_msgs/px4_msgs/msg/detail/sensor_gyro_fft__struct.h
[160.130s] -- Symlinking: /home/ansl/ca_ws/install/px4_msgs/include/px4_msgs/px4_msgs/msg/detail/sensor_gyro_fft__type_support.h
[160.137s] -- Symlinking: /home/ansl/ca_ws/install/px4_msgs/include/px4_msgs/px4_msgs/msg/detail/sensor_gyro_fifo__functions.h
[160.142s] -- Symlinking: /home/ansl/ca_ws/install/px4_msgs/include/px4_msgs/px4_msgs/msg/detail/sensor_gyro_fifo__struct.h
[160.148s] -- Symlinking: /home/ansl/ca_ws/install/px4_msgs/include/px4_msgs/px4_msgs/msg/detail/sensor_gyro_fifo__type_support.h
[160.154s] -- Symlinking: /home/ansl/ca_ws/install/px4_msgs/include/px4_msgs/px4_msgs/msg/detail/sensor_hygrometer__functions.h
[160.161s] -- Symlinking: /home/ansl/ca_ws/install/px4_msgs/include/px4_msgs/px4_msgs/msg/detail/sensor_hygrometer__struct.h
[160.166s] -- Symlinking: /home/ansl/ca_ws/install/px4_msgs/include/px4_msgs/px4_msgs/msg/detail/sensor_hygrometer__type_support.h
[160.171s] -- Symlinking: /home/ansl/ca_ws/install/px4_msgs/include/px4_msgs/px4_msgs/msg/detail/sensor_mag__functions.h
[160.176s] -- Symlinking: /home/ansl/ca_ws/install/px4_msgs/include/px4_msgs/px4_msgs/msg/detail/sensor_mag__struct.h
[160.182s] -- Symlinking: /home/ansl/ca_ws/install/px4_msgs/include/px4_msgs/px4_msgs/msg/detail/sensor_mag__type_support.h
[160.187s] -- Symlinking: /home/ansl/ca_ws/install/px4_msgs/include/px4_msgs/px4_msgs/msg/detail/sensor_optical_flow__functions.h
[160.193s] -- Symlinking: /home/ansl/ca_ws/install/px4_msgs/include/px4_msgs/px4_msgs/msg/detail/sensor_optical_flow__struct.h
[160.199s] -- Symlinking: /home/ansl/ca_ws/install/px4_msgs/include/px4_msgs/px4_msgs/msg/detail/sensor_optical_flow__type_support.h
[160.206s] -- Symlinking: /home/ansl/ca_ws/install/px4_msgs/include/px4_msgs/px4_msgs/msg/detail/sensor_preflight_mag__functions.h
[160.211s] -- Symlinking: /home/ansl/ca_ws/install/px4_msgs/include/px4_msgs/px4_msgs/msg/detail/sensor_preflight_mag__struct.h
[160.217s] -- Symlinking: /home/ansl/ca_ws/install/px4_msgs/include/px4_msgs/px4_msgs/msg/detail/sensor_preflight_mag__type_support.h
[160.222s] -- Symlinking: /home/ansl/ca_ws/install/px4_msgs/include/px4_msgs/px4_msgs/msg/detail/sensor_selection__functions.h
[160.227s] -- Symlinking: /home/ansl/ca_ws/install/px4_msgs/include/px4_msgs/px4_msgs/msg/detail/sensor_selection__struct.h
[160.232s] -- Symlinking: /home/ansl/ca_ws/install/px4_msgs/include/px4_msgs/px4_msgs/msg/detail/sensor_selection__type_support.h
[160.239s] -- Symlinking: /home/ansl/ca_ws/install/px4_msgs/include/px4_msgs/px4_msgs/msg/detail/sensor_uwb__functions.h
[160.245s] -- Symlinking: /home/ansl/ca_ws/install/px4_msgs/include/px4_msgs/px4_msgs/msg/detail/sensor_uwb__struct.h
[160.251s] -- Symlinking: /home/ansl/ca_ws/install/px4_msgs/include/px4_msgs/px4_msgs/msg/detail/sensor_uwb__type_support.h
[160.257s] -- Symlinking: /home/ansl/ca_ws/install/px4_msgs/include/px4_msgs/px4_msgs/msg/detail/sensors_status__functions.h
[160.262s] -- Symlinking: /home/ansl/ca_ws/install/px4_msgs/include/px4_msgs/px4_msgs/msg/detail/sensors_status__struct.h
[160.267s] -- Symlinking: /home/ansl/ca_ws/install/px4_msgs/include/px4_msgs/px4_msgs/msg/detail/sensors_status__type_support.h
[160.273s] -- Symlinking: /home/ansl/ca_ws/install/px4_msgs/include/px4_msgs/px4_msgs/msg/detail/sensors_status_imu__functions.h
[160.278s] -- Symlinking: /home/ansl/ca_ws/install/px4_msgs/include/px4_msgs/px4_msgs/msg/detail/sensors_status_imu__struct.h
[160.285s] -- Symlinking: /home/ansl/ca_ws/install/px4_msgs/include/px4_msgs/px4_msgs/msg/detail/sensors_status_imu__type_support.h
[160.290s] -- Symlinking: /home/ansl/ca_ws/install/px4_msgs/include/px4_msgs/px4_msgs/msg/detail/simulink_custom_message__functions.h
[160.295s] -- Symlinking: /home/ansl/ca_ws/install/px4_msgs/include/px4_msgs/px4_msgs/msg/detail/simulink_custom_message__struct.h
[160.301s] -- Symlinking: /home/ansl/ca_ws/install/px4_msgs/include/px4_msgs/px4_msgs/msg/detail/simulink_custom_message__type_support.h
[160.307s] -- Symlinking: /home/ansl/ca_ws/install/px4_msgs/include/px4_msgs/px4_msgs/msg/detail/states_and_actuators__functions.h
[160.313s] -- Symlinking: /home/ansl/ca_ws/install/px4_msgs/include/px4_msgs/px4_msgs/msg/detail/states_and_actuators__struct.h
[160.318s] -- Symlinking: /home/ansl/ca_ws/install/px4_msgs/include/px4_msgs/px4_msgs/msg/detail/states_and_actuators__type_support.h
[160.324s] -- Symlinking: /home/ansl/ca_ws/install/px4_msgs/include/px4_msgs/px4_msgs/msg/detail/system_power__functions.h
[160.331s] -- Symlinking: /home/ansl/ca_ws/install/px4_msgs/include/px4_msgs/px4_msgs/msg/detail/system_power__struct.h
[160.336s] -- Symlinking: /home/ansl/ca_ws/install/px4_msgs/include/px4_msgs/px4_msgs/msg/detail/system_power__type_support.h
[160.342s] -- Symlinking: /home/ansl/ca_ws/install/px4_msgs/include/px4_msgs/px4_msgs/msg/detail/takeoff_status__functions.h
[160.347s] -- Symlinking: /home/ansl/ca_ws/install/px4_msgs/include/px4_msgs/px4_msgs/msg/detail/takeoff_status__struct.h
[160.353s] -- Symlinking: /home/ansl/ca_ws/install/px4_msgs/include/px4_msgs/px4_msgs/msg/detail/takeoff_status__type_support.h
[160.359s] -- Symlinking: /home/ansl/ca_ws/install/px4_msgs/include/px4_msgs/px4_msgs/msg/detail/task_stack_info__functions.h
[160.364s] -- Symlinking: /home/ansl/ca_ws/install/px4_msgs/include/px4_msgs/px4_msgs/msg/detail/task_stack_info__struct.h
[160.369s] -- Symlinking: /home/ansl/ca_ws/install/px4_msgs/include/px4_msgs/px4_msgs/msg/detail/task_stack_info__type_support.h
[160.375s] -- Symlinking: /home/ansl/ca_ws/install/px4_msgs/include/px4_msgs/px4_msgs/msg/detail/tecs_status__functions.h
[160.380s] -- Symlinking: /home/ansl/ca_ws/install/px4_msgs/include/px4_msgs/px4_msgs/msg/detail/tecs_status__struct.h
[160.387s] -- Symlinking: /home/ansl/ca_ws/install/px4_msgs/include/px4_msgs/px4_msgs/msg/detail/tecs_status__type_support.h
[160.392s] -- Symlinking: /home/ansl/ca_ws/install/px4_msgs/include/px4_msgs/px4_msgs/msg/detail/telemetry_status__functions.h
[160.399s] -- Symlinking: /home/ansl/ca_ws/install/px4_msgs/include/px4_msgs/px4_msgs/msg/detail/telemetry_status__struct.h
[160.404s] -- Symlinking: /home/ansl/ca_ws/install/px4_msgs/include/px4_msgs/px4_msgs/msg/detail/telemetry_status__type_support.h
[160.410s] -- Symlinking: /home/ansl/ca_ws/install/px4_msgs/include/px4_msgs/px4_msgs/msg/detail/tiltrotor_extra_controls__functions.h
[160.416s] -- Symlinking: /home/ansl/ca_ws/install/px4_msgs/include/px4_msgs/px4_msgs/msg/detail/tiltrotor_extra_controls__struct.h
[160.421s] -- Symlinking: /home/ansl/ca_ws/install/px4_msgs/include/px4_msgs/px4_msgs/msg/detail/tiltrotor_extra_controls__type_support.h
[160.427s] -- Symlinking: /home/ansl/ca_ws/install/px4_msgs/include/px4_msgs/px4_msgs/msg/detail/timesync_status__functions.h
[160.433s] -- Symlinking: /home/ansl/ca_ws/install/px4_msgs/include/px4_msgs/px4_msgs/msg/detail/timesync_status__struct.h
[160.439s] -- Symlinking: /home/ansl/ca_ws/install/px4_msgs/include/px4_msgs/px4_msgs/msg/detail/timesync_status__type_support.h
[160.445s] -- Symlinking: /home/ansl/ca_ws/install/px4_msgs/include/px4_msgs/px4_msgs/msg/detail/trajectory_bezier__functions.h
[160.451s] -- Symlinking: /home/ansl/ca_ws/install/px4_msgs/include/px4_msgs/px4_msgs/msg/detail/trajectory_bezier__struct.h
[160.457s] -- Symlinking: /home/ansl/ca_ws/install/px4_msgs/include/px4_msgs/px4_msgs/msg/detail/trajectory_bezier__type_support.h
[160.462s] -- Symlinking: /home/ansl/ca_ws/install/px4_msgs/include/px4_msgs/px4_msgs/msg/detail/trajectory_setpoint__functions.h
[160.468s] -- Symlinking: /home/ansl/ca_ws/install/px4_msgs/include/px4_msgs/px4_msgs/msg/detail/trajectory_setpoint__struct.h
[160.475s] -- Symlinking: /home/ansl/ca_ws/install/px4_msgs/include/px4_msgs/px4_msgs/msg/detail/trajectory_setpoint__type_support.h
[160.480s] -- Symlinking: /home/ansl/ca_ws/install/px4_msgs/include/px4_msgs/px4_msgs/msg/detail/trajectory_waypoint__functions.h
[160.485s] -- Symlinking: /home/ansl/ca_ws/install/px4_msgs/include/px4_msgs/px4_msgs/msg/detail/trajectory_waypoint__struct.h
[160.491s] -- Symlinking: /home/ansl/ca_ws/install/px4_msgs/include/px4_msgs/px4_msgs/msg/detail/trajectory_waypoint__type_support.h
[160.496s] -- Symlinking: /home/ansl/ca_ws/install/px4_msgs/include/px4_msgs/px4_msgs/msg/detail/transponder_report__functions.h
[160.502s] -- Symlinking: /home/ansl/ca_ws/install/px4_msgs/include/px4_msgs/px4_msgs/msg/detail/transponder_report__struct.h
[160.508s] -- Symlinking: /home/ansl/ca_ws/install/px4_msgs/include/px4_msgs/px4_msgs/msg/detail/transponder_report__type_support.h
[160.513s] -- Symlinking: /home/ansl/ca_ws/install/px4_msgs/include/px4_msgs/px4_msgs/msg/detail/tune_control__functions.h
[160.520s] -- Symlinking: /home/ansl/ca_ws/install/px4_msgs/include/px4_msgs/px4_msgs/msg/detail/tune_control__struct.h
[160.525s] -- Symlinking: /home/ansl/ca_ws/install/px4_msgs/include/px4_msgs/px4_msgs/msg/detail/tune_control__type_support.h
[160.532s] -- Symlinking: /home/ansl/ca_ws/install/px4_msgs/include/px4_msgs/px4_msgs/msg/detail/uavcan_parameter_request__functions.h
[160.537s] -- Symlinking: /home/ansl/ca_ws/install/px4_msgs/include/px4_msgs/px4_msgs/msg/detail/uavcan_parameter_request__struct.h
[160.542s] -- Symlinking: /home/ansl/ca_ws/install/px4_msgs/include/px4_msgs/px4_msgs/msg/detail/uavcan_parameter_request__type_support.h
[160.549s] -- Symlinking: /home/ansl/ca_ws/install/px4_msgs/include/px4_msgs/px4_msgs/msg/detail/uavcan_parameter_value__functions.h
[160.554s] -- Symlinking: /home/ansl/ca_ws/install/px4_msgs/include/px4_msgs/px4_msgs/msg/detail/uavcan_parameter_value__struct.h
[160.561s] -- Symlinking: /home/ansl/ca_ws/install/px4_msgs/include/px4_msgs/px4_msgs/msg/detail/uavcan_parameter_value__type_support.h
[160.566s] -- Symlinking: /home/ansl/ca_ws/install/px4_msgs/include/px4_msgs/px4_msgs/msg/detail/ulog_stream__functions.h
[160.572s] -- Symlinking: /home/ansl/ca_ws/install/px4_msgs/include/px4_msgs/px4_msgs/msg/detail/ulog_stream__struct.h
[160.578s] -- Symlinking: /home/ansl/ca_ws/install/px4_msgs/include/px4_msgs/px4_msgs/msg/detail/ulog_stream__type_support.h
[160.584s] -- Symlinking: /home/ansl/ca_ws/install/px4_msgs/include/px4_msgs/px4_msgs/msg/detail/ulog_stream_ack__functions.h
[160.589s] -- Symlinking: /home/ansl/ca_ws/install/px4_msgs/include/px4_msgs/px4_msgs/msg/detail/ulog_stream_ack__struct.h
[160.595s] -- Symlinking: /home/ansl/ca_ws/install/px4_msgs/include/px4_msgs/px4_msgs/msg/detail/ulog_stream_ack__type_support.h
[160.601s] -- Symlinking: /home/ansl/ca_ws/install/px4_msgs/include/px4_msgs/px4_msgs/msg/detail/vehicle_acceleration__functions.h
[160.607s] -- Symlinking: /home/ansl/ca_ws/install/px4_msgs/include/px4_msgs/px4_msgs/msg/detail/vehicle_acceleration__struct.h
[160.613s] -- Symlinking: /home/ansl/ca_ws/install/px4_msgs/include/px4_msgs/px4_msgs/msg/detail/vehicle_acceleration__type_support.h
[160.618s] -- Symlinking: /home/ansl/ca_ws/install/px4_msgs/include/px4_msgs/px4_msgs/msg/detail/vehicle_air_data__functions.h
[160.623s] -- Symlinking: /home/ansl/ca_ws/install/px4_msgs/include/px4_msgs/px4_msgs/msg/detail/vehicle_air_data__struct.h
[160.630s] -- Symlinking: /home/ansl/ca_ws/install/px4_msgs/include/px4_msgs/px4_msgs/msg/detail/vehicle_air_data__type_support.h
[160.637s] -- Symlinking: /home/ansl/ca_ws/install/px4_msgs/include/px4_msgs/px4_msgs/msg/detail/vehicle_angular_acceleration_setpoint__functions.h
[160.642s] -- Symlinking: /home/ansl/ca_ws/install/px4_msgs/include/px4_msgs/px4_msgs/msg/detail/vehicle_angular_acceleration_setpoint__struct.h
[160.647s] -- Symlinking: /home/ansl/ca_ws/install/px4_msgs/include/px4_msgs/px4_msgs/msg/detail/vehicle_angular_acceleration_setpoint__type_support.h
[160.653s] -- Symlinking: /home/ansl/ca_ws/install/px4_msgs/include/px4_msgs/px4_msgs/msg/detail/vehicle_angular_velocity__functions.h
[160.659s] -- Symlinking: /home/ansl/ca_ws/install/px4_msgs/include/px4_msgs/px4_msgs/msg/detail/vehicle_angular_velocity__struct.h
[160.665s] -- Symlinking: /home/ansl/ca_ws/install/px4_msgs/include/px4_msgs/px4_msgs/msg/detail/vehicle_angular_velocity__type_support.h
[160.671s] -- Symlinking: /home/ansl/ca_ws/install/px4_msgs/include/px4_msgs/px4_msgs/msg/detail/vehicle_attitude__functions.h
[160.676s] -- Symlinking: /home/ansl/ca_ws/install/px4_msgs/include/px4_msgs/px4_msgs/msg/detail/vehicle_attitude__struct.h
[160.683s] -- Symlinking: /home/ansl/ca_ws/install/px4_msgs/include/px4_msgs/px4_msgs/msg/detail/vehicle_attitude__type_support.h
[160.689s] -- Symlinking: /home/ansl/ca_ws/install/px4_msgs/include/px4_msgs/px4_msgs/msg/detail/vehicle_attitude_setpoint__functions.h
[160.694s] -- Symlinking: /home/ansl/ca_ws/install/px4_msgs/include/px4_msgs/px4_msgs/msg/detail/vehicle_attitude_setpoint__struct.h
[160.701s] -- Symlinking: /home/ansl/ca_ws/install/px4_msgs/include/px4_msgs/px4_msgs/msg/detail/vehicle_attitude_setpoint__type_support.h
[160.706s] -- Symlinking: /home/ansl/ca_ws/install/px4_msgs/include/px4_msgs/px4_msgs/msg/detail/vehicle_command__functions.h
[160.712s] -- Symlinking: /home/ansl/ca_ws/install/px4_msgs/include/px4_msgs/px4_msgs/msg/detail/vehicle_command__struct.h
[160.717s] -- Symlinking: /home/ansl/ca_ws/install/px4_msgs/include/px4_msgs/px4_msgs/msg/detail/vehicle_command__type_support.h
[160.722s] -- Symlinking: /home/ansl/ca_ws/install/px4_msgs/include/px4_msgs/px4_msgs/msg/detail/vehicle_command_ack__functions.h
[160.728s] -- Symlinking: /home/ansl/ca_ws/install/px4_msgs/include/px4_msgs/px4_msgs/msg/detail/vehicle_command_ack__struct.h
[160.734s] -- Symlinking: /home/ansl/ca_ws/install/px4_msgs/include/px4_msgs/px4_msgs/msg/detail/vehicle_command_ack__type_support.h
[160.740s] -- Symlinking: /home/ansl/ca_ws/install/px4_msgs/include/px4_msgs/px4_msgs/msg/detail/vehicle_constraints__functions.h
[160.745s] -- Symlinking: /home/ansl/ca_ws/install/px4_msgs/include/px4_msgs/px4_msgs/msg/detail/vehicle_constraints__struct.h
[160.751s] -- Symlinking: /home/ansl/ca_ws/install/px4_msgs/include/px4_msgs/px4_msgs/msg/detail/vehicle_constraints__type_support.h
[160.756s] -- Symlinking: /home/ansl/ca_ws/install/px4_msgs/include/px4_msgs/px4_msgs/msg/detail/vehicle_control_mode__functions.h
[160.762s] -- Symlinking: /home/ansl/ca_ws/install/px4_msgs/include/px4_msgs/px4_msgs/msg/detail/vehicle_control_mode__struct.h
[160.767s] -- Symlinking: /home/ansl/ca_ws/install/px4_msgs/include/px4_msgs/px4_msgs/msg/detail/vehicle_control_mode__type_support.h
[160.773s] -- Symlinking: /home/ansl/ca_ws/install/px4_msgs/include/px4_msgs/px4_msgs/msg/detail/vehicle_global_position__functions.h
[160.778s] -- Symlinking: /home/ansl/ca_ws/install/px4_msgs/include/px4_msgs/px4_msgs/msg/detail/vehicle_global_position__struct.h
[160.784s] -- Symlinking: /home/ansl/ca_ws/install/px4_msgs/include/px4_msgs/px4_msgs/msg/detail/vehicle_global_position__type_support.h
[160.789s] -- Symlinking: /home/ansl/ca_ws/install/px4_msgs/include/px4_msgs/px4_msgs/msg/detail/vehicle_imu__functions.h
[160.795s] -- Symlinking: /home/ansl/ca_ws/install/px4_msgs/include/px4_msgs/px4_msgs/msg/detail/vehicle_imu__struct.h
[160.800s] -- Symlinking: /home/ansl/ca_ws/install/px4_msgs/include/px4_msgs/px4_msgs/msg/detail/vehicle_imu__type_support.h
[160.805s] -- Symlinking: /home/ansl/ca_ws/install/px4_msgs/include/px4_msgs/px4_msgs/msg/detail/vehicle_imu_status__functions.h
[160.812s] -- Symlinking: /home/ansl/ca_ws/install/px4_msgs/include/px4_msgs/px4_msgs/msg/detail/vehicle_imu_status__struct.h
[160.818s] -- Symlinking: /home/ansl/ca_ws/install/px4_msgs/include/px4_msgs/px4_msgs/msg/detail/vehicle_imu_status__type_support.h
[160.823s] -- Symlinking: /home/ansl/ca_ws/install/px4_msgs/include/px4_msgs/px4_msgs/msg/detail/vehicle_land_detected__functions.h
[160.828s] -- Symlinking: /home/ansl/ca_ws/install/px4_msgs/include/px4_msgs/px4_msgs/msg/detail/vehicle_land_detected__struct.h
[160.834s] -- Symlinking: /home/ansl/ca_ws/install/px4_msgs/include/px4_msgs/px4_msgs/msg/detail/vehicle_land_detected__type_support.h
[160.839s] -- Symlinking: /home/ansl/ca_ws/install/px4_msgs/include/px4_msgs/px4_msgs/msg/detail/vehicle_local_position__functions.h
[160.845s] -- Symlinking: /home/ansl/ca_ws/install/px4_msgs/include/px4_msgs/px4_msgs/msg/detail/vehicle_local_position__struct.h
[160.851s] -- Symlinking: /home/ansl/ca_ws/install/px4_msgs/include/px4_msgs/px4_msgs/msg/detail/vehicle_local_position__type_support.h
[160.857s] -- Symlinking: /home/ansl/ca_ws/install/px4_msgs/include/px4_msgs/px4_msgs/msg/detail/vehicle_local_position_setpoint__functions.h
[160.862s] -- Symlinking: /home/ansl/ca_ws/install/px4_msgs/include/px4_msgs/px4_msgs/msg/detail/vehicle_local_position_setpoint__struct.h
[160.868s] -- Symlinking: /home/ansl/ca_ws/install/px4_msgs/include/px4_msgs/px4_msgs/msg/detail/vehicle_local_position_setpoint__type_support.h
[160.873s] -- Symlinking: /home/ansl/ca_ws/install/px4_msgs/include/px4_msgs/px4_msgs/msg/detail/vehicle_magnetometer__functions.h
[160.879s] -- Symlinking: /home/ansl/ca_ws/install/px4_msgs/include/px4_msgs/px4_msgs/msg/detail/vehicle_magnetometer__struct.h
[160.886s] -- Symlinking: /home/ansl/ca_ws/install/px4_msgs/include/px4_msgs/px4_msgs/msg/detail/vehicle_magnetometer__type_support.h
[160.891s] -- Symlinking: /home/ansl/ca_ws/install/px4_msgs/include/px4_msgs/px4_msgs/msg/detail/vehicle_odometry__functions.h
[160.896s] -- Symlinking: /home/ansl/ca_ws/install/px4_msgs/include/px4_msgs/px4_msgs/msg/detail/vehicle_odometry__struct.h
[160.903s] -- Symlinking: /home/ansl/ca_ws/install/px4_msgs/include/px4_msgs/px4_msgs/msg/detail/vehicle_odometry__type_support.h
[160.908s] -- Symlinking: /home/ansl/ca_ws/install/px4_msgs/include/px4_msgs/px4_msgs/msg/detail/vehicle_optical_flow__functions.h
[160.914s] -- Symlinking: /home/ansl/ca_ws/install/px4_msgs/include/px4_msgs/px4_msgs/msg/detail/vehicle_optical_flow__struct.h
[160.920s] -- Symlinking: /home/ansl/ca_ws/install/px4_msgs/include/px4_msgs/px4_msgs/msg/detail/vehicle_optical_flow__type_support.h
[160.926s] -- Symlinking: /home/ansl/ca_ws/install/px4_msgs/include/px4_msgs/px4_msgs/msg/detail/vehicle_optical_flow_vel__functions.h
[160.931s] -- Symlinking: /home/ansl/ca_ws/install/px4_msgs/include/px4_msgs/px4_msgs/msg/detail/vehicle_optical_flow_vel__struct.h
[160.936s] -- Symlinking: /home/ansl/ca_ws/install/px4_msgs/include/px4_msgs/px4_msgs/msg/detail/vehicle_optical_flow_vel__type_support.h
[160.942s] -- Symlinking: /home/ansl/ca_ws/install/px4_msgs/include/px4_msgs/px4_msgs/msg/detail/vehicle_rates_setpoint__functions.h
[160.948s] -- Symlinking: /home/ansl/ca_ws/install/px4_msgs/include/px4_msgs/px4_msgs/msg/detail/vehicle_rates_setpoint__struct.h
[160.954s] -- Symlinking: /home/ansl/ca_ws/install/px4_msgs/include/px4_msgs/px4_msgs/msg/detail/vehicle_rates_setpoint__type_support.h
[160.960s] -- Symlinking: /home/ansl/ca_ws/install/px4_msgs/include/px4_msgs/px4_msgs/msg/detail/vehicle_roi__functions.h
[160.966s] -- Symlinking: /home/ansl/ca_ws/install/px4_msgs/include/px4_msgs/px4_msgs/msg/detail/vehicle_roi__struct.h
[160.972s] -- Symlinking: /home/ansl/ca_ws/install/px4_msgs/include/px4_msgs/px4_msgs/msg/detail/vehicle_roi__type_support.h
[160.977s] -- Symlinking: /home/ansl/ca_ws/install/px4_msgs/include/px4_msgs/px4_msgs/msg/detail/vehicle_status__functions.h
[160.982s] -- Symlinking: /home/ansl/ca_ws/install/px4_msgs/include/px4_msgs/px4_msgs/msg/detail/vehicle_status__struct.h
[160.988s] -- Symlinking: /home/ansl/ca_ws/install/px4_msgs/include/px4_msgs/px4_msgs/msg/detail/vehicle_status__type_support.h
[160.995s] -- Symlinking: /home/ansl/ca_ws/install/px4_msgs/include/px4_msgs/px4_msgs/msg/detail/vehicle_thrust_setpoint__functions.h
[161.000s] -- Symlinking: /home/ansl/ca_ws/install/px4_msgs/include/px4_msgs/px4_msgs/msg/detail/vehicle_thrust_setpoint__struct.h
[161.006s] -- Symlinking: /home/ansl/ca_ws/install/px4_msgs/include/px4_msgs/px4_msgs/msg/detail/vehicle_thrust_setpoint__type_support.h
[161.012s] -- Symlinking: /home/ansl/ca_ws/install/px4_msgs/include/px4_msgs/px4_msgs/msg/detail/vehicle_torque_setpoint__functions.h
[161.017s] -- Symlinking: /home/ansl/ca_ws/install/px4_msgs/include/px4_msgs/px4_msgs/msg/detail/vehicle_torque_setpoint__struct.h
[161.024s] -- Symlinking: /home/ansl/ca_ws/install/px4_msgs/include/px4_msgs/px4_msgs/msg/detail/vehicle_torque_setpoint__type_support.h
[161.029s] -- Symlinking: /home/ansl/ca_ws/install/px4_msgs/include/px4_msgs/px4_msgs/msg/detail/vehicle_trajectory_bezier__functions.h
[161.035s] -- Symlinking: /home/ansl/ca_ws/install/px4_msgs/include/px4_msgs/px4_msgs/msg/detail/vehicle_trajectory_bezier__struct.h
[161.040s] -- Symlinking: /home/ansl/ca_ws/install/px4_msgs/include/px4_msgs/px4_msgs/msg/detail/vehicle_trajectory_bezier__type_support.h
[161.047s] -- Symlinking: /home/ansl/ca_ws/install/px4_msgs/include/px4_msgs/px4_msgs/msg/detail/vehicle_trajectory_waypoint__functions.h
[161.054s] -- Symlinking: /home/ansl/ca_ws/install/px4_msgs/include/px4_msgs/px4_msgs/msg/detail/vehicle_trajectory_waypoint__struct.h
[161.059s] -- Symlinking: /home/ansl/ca_ws/install/px4_msgs/include/px4_msgs/px4_msgs/msg/detail/vehicle_trajectory_waypoint__type_support.h
[161.064s] -- Symlinking: /home/ansl/ca_ws/install/px4_msgs/include/px4_msgs/px4_msgs/msg/detail/vtol_vehicle_status__functions.h
[161.070s] -- Symlinking: /home/ansl/ca_ws/install/px4_msgs/include/px4_msgs/px4_msgs/msg/detail/vtol_vehicle_status__struct.h
[161.076s] -- Symlinking: /home/ansl/ca_ws/install/px4_msgs/include/px4_msgs/px4_msgs/msg/detail/vtol_vehicle_status__type_support.h
[161.082s] -- Symlinking: /home/ansl/ca_ws/install/px4_msgs/include/px4_msgs/px4_msgs/msg/detail/wind__functions.h
[161.087s] -- Symlinking: /home/ansl/ca_ws/install/px4_msgs/include/px4_msgs/px4_msgs/msg/detail/wind__struct.h
[161.094s] -- Symlinking: /home/ansl/ca_ws/install/px4_msgs/include/px4_msgs/px4_msgs/msg/detail/wind__type_support.h
[161.099s] -- Symlinking: /home/ansl/ca_ws/install/px4_msgs/include/px4_msgs/px4_msgs/msg/detail/yaw_estimator_status__functions.h
[161.105s] -- Symlinking: /home/ansl/ca_ws/install/px4_msgs/include/px4_msgs/px4_msgs/msg/detail/yaw_estimator_status__struct.h
[161.111s] -- Symlinking: /home/ansl/ca_ws/install/px4_msgs/include/px4_msgs/px4_msgs/msg/detail/yaw_estimator_status__type_support.h
[161.117s] -- Symlinking: /home/ansl/ca_ws/install/px4_msgs/include/px4_msgs/px4_msgs/msg/differential_pressure.h
[161.123s] -- Symlinking: /home/ansl/ca_ws/install/px4_msgs/include/px4_msgs/px4_msgs/msg/distance_sensor.h
[161.128s] -- Symlinking: /home/ansl/ca_ws/install/px4_msgs/include/px4_msgs/px4_msgs/msg/ekf2_timestamps.h
[161.135s] -- Symlinking: /home/ansl/ca_ws/install/px4_msgs/include/px4_msgs/px4_msgs/msg/esc_report.h
[161.140s] -- Symlinking: /home/ansl/ca_ws/install/px4_msgs/include/px4_msgs/px4_msgs/msg/esc_status.h
[161.146s] -- Symlinking: /home/ansl/ca_ws/install/px4_msgs/include/px4_msgs/px4_msgs/msg/estimator_aid_source1d.h
[161.151s] -- Symlinking: /home/ansl/ca_ws/install/px4_msgs/include/px4_msgs/px4_msgs/msg/estimator_aid_source2d.h
[161.157s] -- Symlinking: /home/ansl/ca_ws/install/px4_msgs/include/px4_msgs/px4_msgs/msg/estimator_aid_source3d.h
[161.162s] -- Symlinking: /home/ansl/ca_ws/install/px4_msgs/include/px4_msgs/px4_msgs/msg/estimator_bias.h
[161.167s] -- Symlinking: /home/ansl/ca_ws/install/px4_msgs/include/px4_msgs/px4_msgs/msg/estimator_bias3d.h
[161.172s] -- Symlinking: /home/ansl/ca_ws/install/px4_msgs/include/px4_msgs/px4_msgs/msg/estimator_event_flags.h
[161.178s] -- Symlinking: /home/ansl/ca_ws/install/px4_msgs/include/px4_msgs/px4_msgs/msg/estimator_gps_status.h
[161.183s] -- Symlinking: /home/ansl/ca_ws/install/px4_msgs/include/px4_msgs/px4_msgs/msg/estimator_innovations.h
[161.188s] -- Symlinking: /home/ansl/ca_ws/install/px4_msgs/include/px4_msgs/px4_msgs/msg/estimator_selector_status.h
[161.193s] -- Symlinking: /home/ansl/ca_ws/install/px4_msgs/include/px4_msgs/px4_msgs/msg/estimator_sensor_bias.h
[161.199s] -- Symlinking: /home/ansl/ca_ws/install/px4_msgs/include/px4_msgs/px4_msgs/msg/estimator_states.h
[161.204s] -- Symlinking: /home/ansl/ca_ws/install/px4_msgs/include/px4_msgs/px4_msgs/msg/estimator_status.h
[161.210s] -- Symlinking: /home/ansl/ca_ws/install/px4_msgs/include/px4_msgs/px4_msgs/msg/estimator_status_flags.h
[161.215s] -- Symlinking: /home/ansl/ca_ws/install/px4_msgs/include/px4_msgs/px4_msgs/msg/event.h
[161.220s] -- Symlinking: /home/ansl/ca_ws/install/px4_msgs/include/px4_msgs/px4_msgs/msg/failsafe_flags.h
[161.225s] -- Symlinking: /home/ansl/ca_ws/install/px4_msgs/include/px4_msgs/px4_msgs/msg/failure_detector_status.h
[161.231s] -- Symlinking: /home/ansl/ca_ws/install/px4_msgs/include/px4_msgs/px4_msgs/msg/follow_target.h
[161.236s] -- Symlinking: /home/ansl/ca_ws/install/px4_msgs/include/px4_msgs/px4_msgs/msg/follow_target_estimator.h
[161.241s] -- Symlinking: /home/ansl/ca_ws/install/px4_msgs/include/px4_msgs/px4_msgs/msg/follow_target_status.h
[161.247s] -- Symlinking: /home/ansl/ca_ws/install/px4_msgs/include/px4_msgs/px4_msgs/msg/generator_status.h
[161.252s] -- Symlinking: /home/ansl/ca_ws/install/px4_msgs/include/px4_msgs/px4_msgs/msg/geofence_result.h
[161.257s] -- Symlinking: /home/ansl/ca_ws/install/px4_msgs/include/px4_msgs/px4_msgs/msg/gimbal_controls.h
[161.263s] -- Symlinking: /home/ansl/ca_ws/install/px4_msgs/include/px4_msgs/px4_msgs/msg/gimbal_device_attitude_status.h
[161.268s] -- Symlinking: /home/ansl/ca_ws/install/px4_msgs/include/px4_msgs/px4_msgs/msg/gimbal_device_information.h
[161.273s] -- Symlinking: /home/ansl/ca_ws/install/px4_msgs/include/px4_msgs/px4_msgs/msg/gimbal_device_set_attitude.h
[161.278s] -- Symlinking: /home/ansl/ca_ws/install/px4_msgs/include/px4_msgs/px4_msgs/msg/gimbal_manager_information.h
[161.283s] -- Symlinking: /home/ansl/ca_ws/install/px4_msgs/include/px4_msgs/px4_msgs/msg/gimbal_manager_set_attitude.h
[161.288s] -- Symlinking: /home/ansl/ca_ws/install/px4_msgs/include/px4_msgs/px4_msgs/msg/gimbal_manager_set_manual_control.h
[161.293s] -- Symlinking: /home/ansl/ca_ws/install/px4_msgs/include/px4_msgs/px4_msgs/msg/gimbal_manager_status.h
[161.299s] -- Symlinking: /home/ansl/ca_ws/install/px4_msgs/include/px4_msgs/px4_msgs/msg/gps_dump.h
[161.304s] -- Symlinking: /home/ansl/ca_ws/install/px4_msgs/include/px4_msgs/px4_msgs/msg/gps_inject_data.h
[161.309s] -- Symlinking: /home/ansl/ca_ws/install/px4_msgs/include/px4_msgs/px4_msgs/msg/gripper.h
[161.315s] -- Symlinking: /home/ansl/ca_ws/install/px4_msgs/include/px4_msgs/px4_msgs/msg/health_report.h
[161.320s] -- Symlinking: /home/ansl/ca_ws/install/px4_msgs/include/px4_msgs/px4_msgs/msg/heater_status.h
[161.325s] -- Symlinking: /home/ansl/ca_ws/install/px4_msgs/include/px4_msgs/px4_msgs/msg/home_position.h
[161.331s] -- Symlinking: /home/ansl/ca_ws/install/px4_msgs/include/px4_msgs/px4_msgs/msg/hover_thrust_estimate.h
[161.336s] -- Symlinking: /home/ansl/ca_ws/install/px4_msgs/include/px4_msgs/px4_msgs/msg/input_rc.h
[161.341s] -- Symlinking: /home/ansl/ca_ws/install/px4_msgs/include/px4_msgs/px4_msgs/msg/input_tau.h
[161.346s] -- Symlinking: /home/ansl/ca_ws/install/px4_msgs/include/px4_msgs/px4_msgs/msg/internal_combustion_engine_status.h
[161.351s] -- Symlinking: /home/ansl/ca_ws/install/px4_msgs/include/px4_msgs/px4_msgs/msg/iridiumsbd_status.h
[161.357s] -- Symlinking: /home/ansl/ca_ws/install/px4_msgs/include/px4_msgs/px4_msgs/msg/irlock_report.h
[161.362s] -- Symlinking: /home/ansl/ca_ws/install/px4_msgs/include/px4_msgs/px4_msgs/msg/landing_gear.h
[161.367s] -- Symlinking: /home/ansl/ca_ws/install/px4_msgs/include/px4_msgs/px4_msgs/msg/landing_gear_wheel.h
[161.372s] -- Symlinking: /home/ansl/ca_ws/install/px4_msgs/include/px4_msgs/px4_msgs/msg/landing_target_innovations.h
[161.377s] -- Symlinking: /home/ansl/ca_ws/install/px4_msgs/include/px4_msgs/px4_msgs/msg/landing_target_pose.h
[161.383s] -- Symlinking: /home/ansl/ca_ws/install/px4_msgs/include/px4_msgs/px4_msgs/msg/launch_detection_status.h
[161.388s] -- Symlinking: /home/ansl/ca_ws/install/px4_msgs/include/px4_msgs/px4_msgs/msg/led_control.h
[161.393s] -- Symlinking: /home/ansl/ca_ws/install/px4_msgs/include/px4_msgs/px4_msgs/msg/log_message.h
[161.399s] -- Symlinking: /home/ansl/ca_ws/install/px4_msgs/include/px4_msgs/px4_msgs/msg/logger_status.h
[161.404s] -- Symlinking: /home/ansl/ca_ws/install/px4_msgs/include/px4_msgs/px4_msgs/msg/mag_worker_data.h
[161.409s] -- Symlinking: /home/ansl/ca_ws/install/px4_msgs/include/px4_msgs/px4_msgs/msg/magnetometer_bias_estimate.h
[161.415s] -- Symlinking: /home/ansl/ca_ws/install/px4_msgs/include/px4_msgs/px4_msgs/msg/manual_control_setpoint.h
[161.420s] -- Symlinking: /home/ansl/ca_ws/install/px4_msgs/include/px4_msgs/px4_msgs/msg/manual_control_switches.h
[161.425s] -- Symlinking: /home/ansl/ca_ws/install/px4_msgs/include/px4_msgs/px4_msgs/msg/mavlink_log.h
[161.431s] -- Symlinking: /home/ansl/ca_ws/install/px4_msgs/include/px4_msgs/px4_msgs/msg/mavlink_tunnel.h
[161.436s] -- Symlinking: /home/ansl/ca_ws/install/px4_msgs/include/px4_msgs/px4_msgs/msg/mission.h
[161.442s] -- Symlinking: /home/ansl/ca_ws/install/px4_msgs/include/px4_msgs/px4_msgs/msg/mission_result.h
[161.447s] -- Symlinking: /home/ansl/ca_ws/install/px4_msgs/include/px4_msgs/px4_msgs/msg/mode_completed.h
[161.452s] -- Symlinking: /home/ansl/ca_ws/install/px4_msgs/include/px4_msgs/px4_msgs/msg/mode_flag.h
[161.457s] -- Symlinking: /home/ansl/ca_ws/install/px4_msgs/include/px4_msgs/px4_msgs/msg/mount_orientation.h
[161.462s] -- Symlinking: /home/ansl/ca_ws/install/px4_msgs/include/px4_msgs/px4_msgs/msg/navigator_mission_item.h
[161.467s] -- Symlinking: /home/ansl/ca_ws/install/px4_msgs/include/px4_msgs/px4_msgs/msg/normalized_unsigned_setpoint.h
[161.472s] -- Symlinking: /home/ansl/ca_ws/install/px4_msgs/include/px4_msgs/px4_msgs/msg/npfg_status.h
[161.478s] -- Symlinking: /home/ansl/ca_ws/install/px4_msgs/include/px4_msgs/px4_msgs/msg/obstacle_distance.h
[161.483s] -- Symlinking: /home/ansl/ca_ws/install/px4_msgs/include/px4_msgs/px4_msgs/msg/offboard_control_mode.h
[161.488s] -- Symlinking: /home/ansl/ca_ws/install/px4_msgs/include/px4_msgs/px4_msgs/msg/onboard_computer_status.h
[161.493s] -- Symlinking: /home/ansl/ca_ws/install/px4_msgs/include/px4_msgs/px4_msgs/msg/orb_test.h
[161.498s] -- Symlinking: /home/ansl/ca_ws/install/px4_msgs/include/px4_msgs/px4_msgs/msg/orb_test_large.h
[161.503s] -- Symlinking: /home/ansl/ca_ws/install/px4_msgs/include/px4_msgs/px4_msgs/msg/orb_test_medium.h
[161.508s] -- Symlinking: /home/ansl/ca_ws/install/px4_msgs/include/px4_msgs/px4_msgs/msg/orbit_status.h
[161.514s] -- Symlinking: /home/ansl/ca_ws/install/px4_msgs/include/px4_msgs/px4_msgs/msg/output_test.h
[161.519s] -- Symlinking: /home/ansl/ca_ws/install/px4_msgs/include/px4_msgs/px4_msgs/msg/parameter_update.h
[161.525s] -- Symlinking: /home/ansl/ca_ws/install/px4_msgs/include/px4_msgs/px4_msgs/msg/ping.h
[161.530s] -- Symlinking: /home/ansl/ca_ws/install/px4_msgs/include/px4_msgs/px4_msgs/msg/position_controller_landing_status.h
[161.536s] -- Symlinking: /home/ansl/ca_ws/install/px4_msgs/include/px4_msgs/px4_msgs/msg/position_controller_status.h
[161.541s] -- Symlinking: /home/ansl/ca_ws/install/px4_msgs/include/px4_msgs/px4_msgs/msg/position_setpoint.h
[161.546s] -- Symlinking: /home/ansl/ca_ws/install/px4_msgs/include/px4_msgs/px4_msgs/msg/position_setpoint_triplet.h
[161.551s] -- Symlinking: /home/ansl/ca_ws/install/px4_msgs/include/px4_msgs/px4_msgs/msg/power_button_state.h
[161.557s] -- Symlinking: /home/ansl/ca_ws/install/px4_msgs/include/px4_msgs/px4_msgs/msg/power_monitor.h
[161.562s] -- Symlinking: /home/ansl/ca_ws/install/px4_msgs/include/px4_msgs/px4_msgs/msg/pps_capture.h
[161.567s] -- Symlinking: /home/ansl/ca_ws/install/px4_msgs/include/px4_msgs/px4_msgs/msg/pwm_input.h
[161.572s] -- Symlinking: /home/ansl/ca_ws/install/px4_msgs/include/px4_msgs/px4_msgs/msg/px4io_status.h
[161.578s] -- Symlinking: /home/ansl/ca_ws/install/px4_msgs/include/px4_msgs/px4_msgs/msg/qshell_req.h
[161.583s] -- Symlinking: /home/ansl/ca_ws/install/px4_msgs/include/px4_msgs/px4_msgs/msg/qshell_retval.h
[161.588s] -- Symlinking: /home/ansl/ca_ws/install/px4_msgs/include/px4_msgs/px4_msgs/msg/radio_status.h
[161.593s] -- Symlinking: /home/ansl/ca_ws/install/px4_msgs/include/px4_msgs/px4_msgs/msg/rate_ctrl_status.h
[161.598s] -- Symlinking: /home/ansl/ca_ws/install/px4_msgs/include/px4_msgs/px4_msgs/msg/rc_channels.h
[161.603s] -- Symlinking: /home/ansl/ca_ws/install/px4_msgs/include/px4_msgs/px4_msgs/msg/rc_parameter_map.h
[161.609s] -- Symlinking: /home/ansl/ca_ws/install/px4_msgs/include/px4_msgs/px4_msgs/msg/rosidl_generator_c__visibility_control.h
[161.615s] -- Symlinking: /home/ansl/ca_ws/install/px4_msgs/include/px4_msgs/px4_msgs/msg/rpm.h
[161.620s] -- Symlinking: /home/ansl/ca_ws/install/px4_msgs/include/px4_msgs/px4_msgs/msg/rtl_time_estimate.h
[161.625s] -- Symlinking: /home/ansl/ca_ws/install/px4_msgs/include/px4_msgs/px4_msgs/msg/satellite_info.h
[161.630s] -- Symlinking: /home/ansl/ca_ws/install/px4_msgs/include/px4_msgs/px4_msgs/msg/sensor_accel.h
[161.641s] -- Symlinking: /home/ansl/ca_ws/install/px4_msgs/include/px4_msgs/px4_msgs/msg/sensor_accel_fifo.h
[161.646s] -- Symlinking: /home/ansl/ca_ws/install/px4_msgs/include/px4_msgs/px4_msgs/msg/sensor_baro.h
[161.652s] -- Symlinking: /home/ansl/ca_ws/install/px4_msgs/include/px4_msgs/px4_msgs/msg/sensor_combined.h
[161.657s] -- Symlinking: /home/ansl/ca_ws/install/px4_msgs/include/px4_msgs/px4_msgs/msg/sensor_correction.h
[161.662s] -- Symlinking: /home/ansl/ca_ws/install/px4_msgs/include/px4_msgs/px4_msgs/msg/sensor_gnss_relative.h
[161.667s] -- Symlinking: /home/ansl/ca_ws/install/px4_msgs/include/px4_msgs/px4_msgs/msg/sensor_gps.h
[161.672s] -- Symlinking: /home/ansl/ca_ws/install/px4_msgs/include/px4_msgs/px4_msgs/msg/sensor_gyro.h
[161.678s] -- Symlinking: /home/ansl/ca_ws/install/px4_msgs/include/px4_msgs/px4_msgs/msg/sensor_gyro_fft.h
[161.683s] -- Symlinking: /home/ansl/ca_ws/install/px4_msgs/include/px4_msgs/px4_msgs/msg/sensor_gyro_fifo.h
[161.688s] -- Symlinking: /home/ansl/ca_ws/install/px4_msgs/include/px4_msgs/px4_msgs/msg/sensor_hygrometer.h
[161.693s] -- Symlinking: /home/ansl/ca_ws/install/px4_msgs/include/px4_msgs/px4_msgs/msg/sensor_mag.h
[161.698s] -- Symlinking: /home/ansl/ca_ws/install/px4_msgs/include/px4_msgs/px4_msgs/msg/sensor_optical_flow.h
[161.704s] -- Symlinking: /home/ansl/ca_ws/install/px4_msgs/include/px4_msgs/px4_msgs/msg/sensor_preflight_mag.h
[161.709s] -- Symlinking: /home/ansl/ca_ws/install/px4_msgs/include/px4_msgs/px4_msgs/msg/sensor_selection.h
[161.714s] -- Symlinking: /home/ansl/ca_ws/install/px4_msgs/include/px4_msgs/px4_msgs/msg/sensor_uwb.h
[161.719s] -- Symlinking: /home/ansl/ca_ws/install/px4_msgs/include/px4_msgs/px4_msgs/msg/sensors_status.h
[161.725s] -- Symlinking: /home/ansl/ca_ws/install/px4_msgs/include/px4_msgs/px4_msgs/msg/sensors_status_imu.h
[161.730s] -- Symlinking: /home/ansl/ca_ws/install/px4_msgs/include/px4_msgs/px4_msgs/msg/simulink_custom_message.h
[161.736s] -- Symlinking: /home/ansl/ca_ws/install/px4_msgs/include/px4_msgs/px4_msgs/msg/states_and_actuators.h
[161.741s] -- Symlinking: /home/ansl/ca_ws/install/px4_msgs/include/px4_msgs/px4_msgs/msg/system_power.h
[161.745s] -- Symlinking: /home/ansl/ca_ws/install/px4_msgs/include/px4_msgs/px4_msgs/msg/takeoff_status.h
[161.750s] -- Symlinking: /home/ansl/ca_ws/install/px4_msgs/include/px4_msgs/px4_msgs/msg/task_stack_info.h
[161.756s] -- Symlinking: /home/ansl/ca_ws/install/px4_msgs/include/px4_msgs/px4_msgs/msg/tecs_status.h
[161.761s] -- Symlinking: /home/ansl/ca_ws/install/px4_msgs/include/px4_msgs/px4_msgs/msg/telemetry_status.h
[161.766s] -- Symlinking: /home/ansl/ca_ws/install/px4_msgs/include/px4_msgs/px4_msgs/msg/tiltrotor_extra_controls.h
[161.771s] -- Symlinking: /home/ansl/ca_ws/install/px4_msgs/include/px4_msgs/px4_msgs/msg/timesync_status.h
[161.776s] -- Symlinking: /home/ansl/ca_ws/install/px4_msgs/include/px4_msgs/px4_msgs/msg/trajectory_bezier.h
[161.781s] -- Symlinking: /home/ansl/ca_ws/install/px4_msgs/include/px4_msgs/px4_msgs/msg/trajectory_setpoint.h
[161.786s] -- Symlinking: /home/ansl/ca_ws/install/px4_msgs/include/px4_msgs/px4_msgs/msg/trajectory_waypoint.h
[161.791s] -- Symlinking: /home/ansl/ca_ws/install/px4_msgs/include/px4_msgs/px4_msgs/msg/transponder_report.h
[161.796s] -- Symlinking: /home/ansl/ca_ws/install/px4_msgs/include/px4_msgs/px4_msgs/msg/tune_control.h
[161.801s] -- Symlinking: /home/ansl/ca_ws/install/px4_msgs/include/px4_msgs/px4_msgs/msg/uavcan_parameter_request.h
[161.806s] -- Symlinking: /home/ansl/ca_ws/install/px4_msgs/include/px4_msgs/px4_msgs/msg/uavcan_parameter_value.h
[161.811s] -- Symlinking: /home/ansl/ca_ws/install/px4_msgs/include/px4_msgs/px4_msgs/msg/ulog_stream.h
[161.817s] -- Symlinking: /home/ansl/ca_ws/install/px4_msgs/include/px4_msgs/px4_msgs/msg/ulog_stream_ack.h
[161.822s] -- Symlinking: /home/ansl/ca_ws/install/px4_msgs/include/px4_msgs/px4_msgs/msg/vehicle_acceleration.h
[161.827s] -- Symlinking: /home/ansl/ca_ws/install/px4_msgs/include/px4_msgs/px4_msgs/msg/vehicle_air_data.h
[161.833s] -- Symlinking: /home/ansl/ca_ws/install/px4_msgs/include/px4_msgs/px4_msgs/msg/vehicle_angular_acceleration_setpoint.h
[161.838s] -- Symlinking: /home/ansl/ca_ws/install/px4_msgs/include/px4_msgs/px4_msgs/msg/vehicle_angular_velocity.h
[161.843s] -- Symlinking: /home/ansl/ca_ws/install/px4_msgs/include/px4_msgs/px4_msgs/msg/vehicle_attitude.h
[161.848s] -- Symlinking: /home/ansl/ca_ws/install/px4_msgs/include/px4_msgs/px4_msgs/msg/vehicle_attitude_setpoint.h
[161.854s] -- Symlinking: /home/ansl/ca_ws/install/px4_msgs/include/px4_msgs/px4_msgs/msg/vehicle_command.h
[161.859s] -- Symlinking: /home/ansl/ca_ws/install/px4_msgs/include/px4_msgs/px4_msgs/msg/vehicle_command_ack.h
[161.864s] -- Symlinking: /home/ansl/ca_ws/install/px4_msgs/include/px4_msgs/px4_msgs/msg/vehicle_constraints.h
[161.869s] -- Symlinking: /home/ansl/ca_ws/install/px4_msgs/include/px4_msgs/px4_msgs/msg/vehicle_control_mode.h
[161.874s] -- Symlinking: /home/ansl/ca_ws/install/px4_msgs/include/px4_msgs/px4_msgs/msg/vehicle_global_position.h
[161.879s] -- Symlinking: /home/ansl/ca_ws/install/px4_msgs/include/px4_msgs/px4_msgs/msg/vehicle_imu.h
[161.884s] -- Symlinking: /home/ansl/ca_ws/install/px4_msgs/include/px4_msgs/px4_msgs/msg/vehicle_imu_status.h
[161.889s] -- Symlinking: /home/ansl/ca_ws/install/px4_msgs/include/px4_msgs/px4_msgs/msg/vehicle_land_detected.h
[161.894s] -- Symlinking: /home/ansl/ca_ws/install/px4_msgs/include/px4_msgs/px4_msgs/msg/vehicle_local_position.h
[161.899s] -- Symlinking: /home/ansl/ca_ws/install/px4_msgs/include/px4_msgs/px4_msgs/msg/vehicle_local_position_setpoint.h
[161.904s] -- Symlinking: /home/ansl/ca_ws/install/px4_msgs/include/px4_msgs/px4_msgs/msg/vehicle_magnetometer.h
[161.909s] -- Symlinking: /home/ansl/ca_ws/install/px4_msgs/include/px4_msgs/px4_msgs/msg/vehicle_odometry.h
[161.914s] -- Symlinking: /home/ansl/ca_ws/install/px4_msgs/include/px4_msgs/px4_msgs/msg/vehicle_optical_flow.h
[161.919s] -- Symlinking: /home/ansl/ca_ws/install/px4_msgs/include/px4_msgs/px4_msgs/msg/vehicle_optical_flow_vel.h
[161.925s] -- Symlinking: /home/ansl/ca_ws/install/px4_msgs/include/px4_msgs/px4_msgs/msg/vehicle_rates_setpoint.h
[161.930s] -- Symlinking: /home/ansl/ca_ws/install/px4_msgs/include/px4_msgs/px4_msgs/msg/vehicle_roi.h
[161.935s] -- Symlinking: /home/ansl/ca_ws/install/px4_msgs/include/px4_msgs/px4_msgs/msg/vehicle_status.h
[161.940s] -- Symlinking: /home/ansl/ca_ws/install/px4_msgs/include/px4_msgs/px4_msgs/msg/vehicle_thrust_setpoint.h
[161.945s] -- Symlinking: /home/ansl/ca_ws/install/px4_msgs/include/px4_msgs/px4_msgs/msg/vehicle_torque_setpoint.h
[161.950s] -- Symlinking: /home/ansl/ca_ws/install/px4_msgs/include/px4_msgs/px4_msgs/msg/vehicle_trajectory_bezier.h
[161.956s] -- Symlinking: /home/ansl/ca_ws/install/px4_msgs/include/px4_msgs/px4_msgs/msg/vehicle_trajectory_waypoint.h
[161.961s] -- Symlinking: /home/ansl/ca_ws/install/px4_msgs/include/px4_msgs/px4_msgs/msg/vtol_vehicle_status.h
[161.966s] -- Symlinking: /home/ansl/ca_ws/install/px4_msgs/include/px4_msgs/px4_msgs/msg/wind.h
[161.971s] -- Symlinking: /home/ansl/ca_ws/install/px4_msgs/include/px4_msgs/px4_msgs/msg/yaw_estimator_status.h
[161.977s] -- Symlinking: /home/ansl/ca_ws/install/px4_msgs/include/px4_msgs/px4_msgs/srv/detail/vehicle_command__functions.h
[161.982s] -- Symlinking: /home/ansl/ca_ws/install/px4_msgs/include/px4_msgs/px4_msgs/srv/detail/vehicle_command__struct.h
[161.986s] -- Symlinking: /home/ansl/ca_ws/install/px4_msgs/include/px4_msgs/px4_msgs/srv/detail/vehicle_command__type_support.h
[161.991s] -- Symlinking: /home/ansl/ca_ws/install/px4_msgs/include/px4_msgs/px4_msgs/srv/vehicle_command.h
[161.996s] -- Symlinking: /home/ansl/ca_ws/install/px4_msgs/share/px4_msgs/environment/library_path.sh
[162.001s] -- Symlinking: /home/ansl/ca_ws/install/px4_msgs/share/px4_msgs/environment/library_path.dsv
[162.010s] -- Symlinking: /home/ansl/ca_ws/install/px4_msgs/include/px4_msgs/px4_msgs/msg/detail/action_request__rosidl_typesupport_fastrtps_c.h
[162.016s] -- Symlinking: /home/ansl/ca_ws/install/px4_msgs/include/px4_msgs/px4_msgs/msg/detail/actuator_armed__rosidl_typesupport_fastrtps_c.h
[162.021s] -- Symlinking: /home/ansl/ca_ws/install/px4_msgs/include/px4_msgs/px4_msgs/msg/detail/actuator_command__rosidl_typesupport_fastrtps_c.h
[162.026s] -- Symlinking: /home/ansl/ca_ws/install/px4_msgs/include/px4_msgs/px4_msgs/msg/detail/actuator_controls_status__rosidl_typesupport_fastrtps_c.h
[162.032s] -- Symlinking: /home/ansl/ca_ws/install/px4_msgs/include/px4_msgs/px4_msgs/msg/detail/actuator_motors__rosidl_typesupport_fastrtps_c.h
[162.037s] -- Symlinking: /home/ansl/ca_ws/install/px4_msgs/include/px4_msgs/px4_msgs/msg/detail/actuator_outputs__rosidl_typesupport_fastrtps_c.h
[162.042s] -- Symlinking: /home/ansl/ca_ws/install/px4_msgs/include/px4_msgs/px4_msgs/msg/detail/actuator_servos__rosidl_typesupport_fastrtps_c.h
[162.048s] -- Symlinking: /home/ansl/ca_ws/install/px4_msgs/include/px4_msgs/px4_msgs/msg/detail/actuator_servos_trim__rosidl_typesupport_fastrtps_c.h
[162.053s] -- Symlinking: /home/ansl/ca_ws/install/px4_msgs/include/px4_msgs/px4_msgs/msg/detail/actuator_test__rosidl_typesupport_fastrtps_c.h
[162.058s] -- Symlinking: /home/ansl/ca_ws/install/px4_msgs/include/px4_msgs/px4_msgs/msg/detail/adc_report__rosidl_typesupport_fastrtps_c.h
[162.063s] -- Symlinking: /home/ansl/ca_ws/install/px4_msgs/include/px4_msgs/px4_msgs/msg/detail/airspeed__rosidl_typesupport_fastrtps_c.h
[162.069s] -- Symlinking: /home/ansl/ca_ws/install/px4_msgs/include/px4_msgs/px4_msgs/msg/detail/airspeed_validated__rosidl_typesupport_fastrtps_c.h
[162.074s] -- Symlinking: /home/ansl/ca_ws/install/px4_msgs/include/px4_msgs/px4_msgs/msg/detail/airspeed_wind__rosidl_typesupport_fastrtps_c.h
[162.079s] -- Symlinking: /home/ansl/ca_ws/install/px4_msgs/include/px4_msgs/px4_msgs/msg/detail/autotune_attitude_control_status__rosidl_typesupport_fastrtps_c.h
[162.084s] -- Symlinking: /home/ansl/ca_ws/install/px4_msgs/include/px4_msgs/px4_msgs/msg/detail/battery_status__rosidl_typesupport_fastrtps_c.h
[162.090s] -- Symlinking: /home/ansl/ca_ws/install/px4_msgs/include/px4_msgs/px4_msgs/msg/detail/button_event__rosidl_typesupport_fastrtps_c.h
[162.095s] -- Symlinking: /home/ansl/ca_ws/install/px4_msgs/include/px4_msgs/px4_msgs/msg/detail/camera_capture__rosidl_typesupport_fastrtps_c.h
[162.101s] -- Symlinking: /home/ansl/ca_ws/install/px4_msgs/include/px4_msgs/px4_msgs/msg/detail/camera_status__rosidl_typesupport_fastrtps_c.h
[162.106s] -- Symlinking: /home/ansl/ca_ws/install/px4_msgs/include/px4_msgs/px4_msgs/msg/detail/camera_trigger__rosidl_typesupport_fastrtps_c.h
[162.111s] -- Symlinking: /home/ansl/ca_ws/install/px4_msgs/include/px4_msgs/px4_msgs/msg/detail/cellular_status__rosidl_typesupport_fastrtps_c.h
[162.117s] -- Symlinking: /home/ansl/ca_ws/install/px4_msgs/include/px4_msgs/px4_msgs/msg/detail/collision_constraints__rosidl_typesupport_fastrtps_c.h
[162.122s] -- Symlinking: /home/ansl/ca_ws/install/px4_msgs/include/px4_msgs/px4_msgs/msg/detail/collision_report__rosidl_typesupport_fastrtps_c.h
[162.128s] -- Symlinking: /home/ansl/ca_ws/install/px4_msgs/include/px4_msgs/px4_msgs/msg/detail/command_values__rosidl_typesupport_fastrtps_c.h
[162.133s] -- Symlinking: /home/ansl/ca_ws/install/px4_msgs/include/px4_msgs/px4_msgs/msg/detail/control_allocator_status__rosidl_typesupport_fastrtps_c.h
[162.138s] -- Symlinking: /home/ansl/ca_ws/install/px4_msgs/include/px4_msgs/px4_msgs/msg/detail/cpuload__rosidl_typesupport_fastrtps_c.h
[162.144s] -- Symlinking: /home/ansl/ca_ws/install/px4_msgs/include/px4_msgs/px4_msgs/msg/detail/debug_array__rosidl_typesupport_fastrtps_c.h
[162.149s] -- Symlinking: /home/ansl/ca_ws/install/px4_msgs/include/px4_msgs/px4_msgs/msg/detail/debug_key_value__rosidl_typesupport_fastrtps_c.h
[162.155s] -- Symlinking: /home/ansl/ca_ws/install/px4_msgs/include/px4_msgs/px4_msgs/msg/detail/debug_value__rosidl_typesupport_fastrtps_c.h
[162.160s] -- Symlinking: /home/ansl/ca_ws/install/px4_msgs/include/px4_msgs/px4_msgs/msg/detail/debug_vect__rosidl_typesupport_fastrtps_c.h
[162.166s] -- Symlinking: /home/ansl/ca_ws/install/px4_msgs/include/px4_msgs/px4_msgs/msg/detail/differential_pressure__rosidl_typesupport_fastrtps_c.h
[162.171s] -- Symlinking: /home/ansl/ca_ws/install/px4_msgs/include/px4_msgs/px4_msgs/msg/detail/distance_sensor__rosidl_typesupport_fastrtps_c.h
[162.176s] -- Symlinking: /home/ansl/ca_ws/install/px4_msgs/include/px4_msgs/px4_msgs/msg/detail/ekf2_timestamps__rosidl_typesupport_fastrtps_c.h
[162.181s] -- Symlinking: /home/ansl/ca_ws/install/px4_msgs/include/px4_msgs/px4_msgs/msg/detail/esc_report__rosidl_typesupport_fastrtps_c.h
[162.187s] -- Symlinking: /home/ansl/ca_ws/install/px4_msgs/include/px4_msgs/px4_msgs/msg/detail/esc_status__rosidl_typesupport_fastrtps_c.h
[162.193s] -- Symlinking: /home/ansl/ca_ws/install/px4_msgs/include/px4_msgs/px4_msgs/msg/detail/estimator_aid_source1d__rosidl_typesupport_fastrtps_c.h
[162.198s] -- Symlinking: /home/ansl/ca_ws/install/px4_msgs/include/px4_msgs/px4_msgs/msg/detail/estimator_aid_source2d__rosidl_typesupport_fastrtps_c.h
[162.203s] -- Symlinking: /home/ansl/ca_ws/install/px4_msgs/include/px4_msgs/px4_msgs/msg/detail/estimator_aid_source3d__rosidl_typesupport_fastrtps_c.h
[162.208s] -- Symlinking: /home/ansl/ca_ws/install/px4_msgs/include/px4_msgs/px4_msgs/msg/detail/estimator_bias3d__rosidl_typesupport_fastrtps_c.h
[162.214s] -- Symlinking: /home/ansl/ca_ws/install/px4_msgs/include/px4_msgs/px4_msgs/msg/detail/estimator_bias__rosidl_typesupport_fastrtps_c.h
[162.219s] -- Symlinking: /home/ansl/ca_ws/install/px4_msgs/include/px4_msgs/px4_msgs/msg/detail/estimator_event_flags__rosidl_typesupport_fastrtps_c.h
[162.224s] -- Symlinking: /home/ansl/ca_ws/install/px4_msgs/include/px4_msgs/px4_msgs/msg/detail/estimator_gps_status__rosidl_typesupport_fastrtps_c.h
[162.230s] -- Symlinking: /home/ansl/ca_ws/install/px4_msgs/include/px4_msgs/px4_msgs/msg/detail/estimator_innovations__rosidl_typesupport_fastrtps_c.h
[162.235s] -- Symlinking: /home/ansl/ca_ws/install/px4_msgs/include/px4_msgs/px4_msgs/msg/detail/estimator_selector_status__rosidl_typesupport_fastrtps_c.h
[162.241s] -- Symlinking: /home/ansl/ca_ws/install/px4_msgs/include/px4_msgs/px4_msgs/msg/detail/estimator_sensor_bias__rosidl_typesupport_fastrtps_c.h
[162.246s] -- Symlinking: /home/ansl/ca_ws/install/px4_msgs/include/px4_msgs/px4_msgs/msg/detail/estimator_states__rosidl_typesupport_fastrtps_c.h
[162.251s] -- Symlinking: /home/ansl/ca_ws/install/px4_msgs/include/px4_msgs/px4_msgs/msg/detail/estimator_status__rosidl_typesupport_fastrtps_c.h
[162.257s] -- Symlinking: /home/ansl/ca_ws/install/px4_msgs/include/px4_msgs/px4_msgs/msg/detail/estimator_status_flags__rosidl_typesupport_fastrtps_c.h
[162.262s] -- Symlinking: /home/ansl/ca_ws/install/px4_msgs/include/px4_msgs/px4_msgs/msg/detail/event__rosidl_typesupport_fastrtps_c.h
[162.267s] -- Symlinking: /home/ansl/ca_ws/install/px4_msgs/include/px4_msgs/px4_msgs/msg/detail/failsafe_flags__rosidl_typesupport_fastrtps_c.h
[162.272s] -- Symlinking: /home/ansl/ca_ws/install/px4_msgs/include/px4_msgs/px4_msgs/msg/detail/failure_detector_status__rosidl_typesupport_fastrtps_c.h
[162.277s] -- Symlinking: /home/ansl/ca_ws/install/px4_msgs/include/px4_msgs/px4_msgs/msg/detail/follow_target__rosidl_typesupport_fastrtps_c.h
[162.283s] -- Symlinking: /home/ansl/ca_ws/install/px4_msgs/include/px4_msgs/px4_msgs/msg/detail/follow_target_estimator__rosidl_typesupport_fastrtps_c.h
[162.288s] -- Symlinking: /home/ansl/ca_ws/install/px4_msgs/include/px4_msgs/px4_msgs/msg/detail/follow_target_status__rosidl_typesupport_fastrtps_c.h
[162.293s] -- Symlinking: /home/ansl/ca_ws/install/px4_msgs/include/px4_msgs/px4_msgs/msg/detail/generator_status__rosidl_typesupport_fastrtps_c.h
[162.298s] -- Symlinking: /home/ansl/ca_ws/install/px4_msgs/include/px4_msgs/px4_msgs/msg/detail/geofence_result__rosidl_typesupport_fastrtps_c.h
[162.303s] -- Symlinking: /home/ansl/ca_ws/install/px4_msgs/include/px4_msgs/px4_msgs/msg/detail/gimbal_controls__rosidl_typesupport_fastrtps_c.h
[162.309s] -- Symlinking: /home/ansl/ca_ws/install/px4_msgs/include/px4_msgs/px4_msgs/msg/detail/gimbal_device_attitude_status__rosidl_typesupport_fastrtps_c.h
[162.314s] -- Symlinking: /home/ansl/ca_ws/install/px4_msgs/include/px4_msgs/px4_msgs/msg/detail/gimbal_device_information__rosidl_typesupport_fastrtps_c.h
[162.319s] -- Symlinking: /home/ansl/ca_ws/install/px4_msgs/include/px4_msgs/px4_msgs/msg/detail/gimbal_device_set_attitude__rosidl_typesupport_fastrtps_c.h
[162.324s] -- Symlinking: /home/ansl/ca_ws/install/px4_msgs/include/px4_msgs/px4_msgs/msg/detail/gimbal_manager_information__rosidl_typesupport_fastrtps_c.h
[162.330s] -- Symlinking: /home/ansl/ca_ws/install/px4_msgs/include/px4_msgs/px4_msgs/msg/detail/gimbal_manager_set_attitude__rosidl_typesupport_fastrtps_c.h
[162.335s] -- Symlinking: /home/ansl/ca_ws/install/px4_msgs/include/px4_msgs/px4_msgs/msg/detail/gimbal_manager_set_manual_control__rosidl_typesupport_fastrtps_c.h
[162.341s] -- Symlinking: /home/ansl/ca_ws/install/px4_msgs/include/px4_msgs/px4_msgs/msg/detail/gimbal_manager_status__rosidl_typesupport_fastrtps_c.h
[162.346s] -- Symlinking: /home/ansl/ca_ws/install/px4_msgs/include/px4_msgs/px4_msgs/msg/detail/gps_dump__rosidl_typesupport_fastrtps_c.h
[162.351s] -- Symlinking: /home/ansl/ca_ws/install/px4_msgs/include/px4_msgs/px4_msgs/msg/detail/gps_inject_data__rosidl_typesupport_fastrtps_c.h
[162.357s] -- Symlinking: /home/ansl/ca_ws/install/px4_msgs/include/px4_msgs/px4_msgs/msg/detail/gripper__rosidl_typesupport_fastrtps_c.h
[162.362s] -- Symlinking: /home/ansl/ca_ws/install/px4_msgs/include/px4_msgs/px4_msgs/msg/detail/health_report__rosidl_typesupport_fastrtps_c.h
[162.367s] -- Symlinking: /home/ansl/ca_ws/install/px4_msgs/include/px4_msgs/px4_msgs/msg/detail/heater_status__rosidl_typesupport_fastrtps_c.h
[162.373s] -- Symlinking: /home/ansl/ca_ws/install/px4_msgs/include/px4_msgs/px4_msgs/msg/detail/home_position__rosidl_typesupport_fastrtps_c.h
[162.378s] -- Symlinking: /home/ansl/ca_ws/install/px4_msgs/include/px4_msgs/px4_msgs/msg/detail/hover_thrust_estimate__rosidl_typesupport_fastrtps_c.h
[162.383s] -- Symlinking: /home/ansl/ca_ws/install/px4_msgs/include/px4_msgs/px4_msgs/msg/detail/input_rc__rosidl_typesupport_fastrtps_c.h
[162.388s] -- Symlinking: /home/ansl/ca_ws/install/px4_msgs/include/px4_msgs/px4_msgs/msg/detail/input_tau__rosidl_typesupport_fastrtps_c.h
[162.393s] -- Symlinking: /home/ansl/ca_ws/install/px4_msgs/include/px4_msgs/px4_msgs/msg/detail/internal_combustion_engine_status__rosidl_typesupport_fastrtps_c.h
[162.398s] -- Symlinking: /home/ansl/ca_ws/install/px4_msgs/include/px4_msgs/px4_msgs/msg/detail/iridiumsbd_status__rosidl_typesupport_fastrtps_c.h
[162.403s] -- Symlinking: /home/ansl/ca_ws/install/px4_msgs/include/px4_msgs/px4_msgs/msg/detail/irlock_report__rosidl_typesupport_fastrtps_c.h
[162.408s] -- Symlinking: /home/ansl/ca_ws/install/px4_msgs/include/px4_msgs/px4_msgs/msg/detail/landing_gear__rosidl_typesupport_fastrtps_c.h
[162.414s] -- Symlinking: /home/ansl/ca_ws/install/px4_msgs/include/px4_msgs/px4_msgs/msg/detail/landing_gear_wheel__rosidl_typesupport_fastrtps_c.h
[162.419s] -- Symlinking: /home/ansl/ca_ws/install/px4_msgs/include/px4_msgs/px4_msgs/msg/detail/landing_target_innovations__rosidl_typesupport_fastrtps_c.h
[162.424s] -- Symlinking: /home/ansl/ca_ws/install/px4_msgs/include/px4_msgs/px4_msgs/msg/detail/landing_target_pose__rosidl_typesupport_fastrtps_c.h
[162.429s] -- Symlinking: /home/ansl/ca_ws/install/px4_msgs/include/px4_msgs/px4_msgs/msg/detail/launch_detection_status__rosidl_typesupport_fastrtps_c.h
[162.435s] -- Symlinking: /home/ansl/ca_ws/install/px4_msgs/include/px4_msgs/px4_msgs/msg/detail/led_control__rosidl_typesupport_fastrtps_c.h
[162.440s] -- Symlinking: /home/ansl/ca_ws/install/px4_msgs/include/px4_msgs/px4_msgs/msg/detail/log_message__rosidl_typesupport_fastrtps_c.h
[162.444s] -- Symlinking: /home/ansl/ca_ws/install/px4_msgs/include/px4_msgs/px4_msgs/msg/detail/logger_status__rosidl_typesupport_fastrtps_c.h
[162.450s] -- Symlinking: /home/ansl/ca_ws/install/px4_msgs/include/px4_msgs/px4_msgs/msg/detail/mag_worker_data__rosidl_typesupport_fastrtps_c.h
[162.455s] -- Symlinking: /home/ansl/ca_ws/install/px4_msgs/include/px4_msgs/px4_msgs/msg/detail/magnetometer_bias_estimate__rosidl_typesupport_fastrtps_c.h
[162.461s] -- Symlinking: /home/ansl/ca_ws/install/px4_msgs/include/px4_msgs/px4_msgs/msg/detail/manual_control_setpoint__rosidl_typesupport_fastrtps_c.h
[162.466s] -- Symlinking: /home/ansl/ca_ws/install/px4_msgs/include/px4_msgs/px4_msgs/msg/detail/manual_control_switches__rosidl_typesupport_fastrtps_c.h
[162.471s] -- Symlinking: /home/ansl/ca_ws/install/px4_msgs/include/px4_msgs/px4_msgs/msg/detail/mavlink_log__rosidl_typesupport_fastrtps_c.h
[162.476s] -- Symlinking: /home/ansl/ca_ws/install/px4_msgs/include/px4_msgs/px4_msgs/msg/detail/mavlink_tunnel__rosidl_typesupport_fastrtps_c.h
[162.481s] -- Symlinking: /home/ansl/ca_ws/install/px4_msgs/include/px4_msgs/px4_msgs/msg/detail/mission__rosidl_typesupport_fastrtps_c.h
[162.486s] -- Symlinking: /home/ansl/ca_ws/install/px4_msgs/include/px4_msgs/px4_msgs/msg/detail/mission_result__rosidl_typesupport_fastrtps_c.h
[162.491s] -- Symlinking: /home/ansl/ca_ws/install/px4_msgs/include/px4_msgs/px4_msgs/msg/detail/mode_completed__rosidl_typesupport_fastrtps_c.h
[162.496s] -- Symlinking: /home/ansl/ca_ws/install/px4_msgs/include/px4_msgs/px4_msgs/msg/detail/mode_flag__rosidl_typesupport_fastrtps_c.h
[162.501s] -- Symlinking: /home/ansl/ca_ws/install/px4_msgs/include/px4_msgs/px4_msgs/msg/detail/mount_orientation__rosidl_typesupport_fastrtps_c.h
[162.507s] -- Symlinking: /home/ansl/ca_ws/install/px4_msgs/include/px4_msgs/px4_msgs/msg/detail/navigator_mission_item__rosidl_typesupport_fastrtps_c.h
[162.512s] -- Symlinking: /home/ansl/ca_ws/install/px4_msgs/include/px4_msgs/px4_msgs/msg/detail/normalized_unsigned_setpoint__rosidl_typesupport_fastrtps_c.h
[162.517s] -- Symlinking: /home/ansl/ca_ws/install/px4_msgs/include/px4_msgs/px4_msgs/msg/detail/npfg_status__rosidl_typesupport_fastrtps_c.h
[162.522s] -- Symlinking: /home/ansl/ca_ws/install/px4_msgs/include/px4_msgs/px4_msgs/msg/detail/obstacle_distance__rosidl_typesupport_fastrtps_c.h
[162.527s] -- Symlinking: /home/ansl/ca_ws/install/px4_msgs/include/px4_msgs/px4_msgs/msg/detail/offboard_control_mode__rosidl_typesupport_fastrtps_c.h
[162.533s] -- Symlinking: /home/ansl/ca_ws/install/px4_msgs/include/px4_msgs/px4_msgs/msg/detail/onboard_computer_status__rosidl_typesupport_fastrtps_c.h
[162.538s] -- Symlinking: /home/ansl/ca_ws/install/px4_msgs/include/px4_msgs/px4_msgs/msg/detail/orb_test__rosidl_typesupport_fastrtps_c.h
[162.543s] -- Symlinking: /home/ansl/ca_ws/install/px4_msgs/include/px4_msgs/px4_msgs/msg/detail/orb_test_large__rosidl_typesupport_fastrtps_c.h
[162.548s] -- Symlinking: /home/ansl/ca_ws/install/px4_msgs/include/px4_msgs/px4_msgs/msg/detail/orb_test_medium__rosidl_typesupport_fastrtps_c.h
[162.554s] -- Symlinking: /home/ansl/ca_ws/install/px4_msgs/include/px4_msgs/px4_msgs/msg/detail/orbit_status__rosidl_typesupport_fastrtps_c.h
[162.559s] -- Symlinking: /home/ansl/ca_ws/install/px4_msgs/include/px4_msgs/px4_msgs/msg/detail/output_test__rosidl_typesupport_fastrtps_c.h
[162.564s] -- Symlinking: /home/ansl/ca_ws/install/px4_msgs/include/px4_msgs/px4_msgs/msg/detail/parameter_update__rosidl_typesupport_fastrtps_c.h
[162.569s] -- Symlinking: /home/ansl/ca_ws/install/px4_msgs/include/px4_msgs/px4_msgs/msg/detail/ping__rosidl_typesupport_fastrtps_c.h
[162.574s] -- Symlinking: /home/ansl/ca_ws/install/px4_msgs/include/px4_msgs/px4_msgs/msg/detail/position_controller_landing_status__rosidl_typesupport_fastrtps_c.h
[162.579s] -- Symlinking: /home/ansl/ca_ws/install/px4_msgs/include/px4_msgs/px4_msgs/msg/detail/position_controller_status__rosidl_typesupport_fastrtps_c.h
[162.584s] -- Symlinking: /home/ansl/ca_ws/install/px4_msgs/include/px4_msgs/px4_msgs/msg/detail/position_setpoint__rosidl_typesupport_fastrtps_c.h
[162.589s] -- Symlinking: /home/ansl/ca_ws/install/px4_msgs/include/px4_msgs/px4_msgs/msg/detail/position_setpoint_triplet__rosidl_typesupport_fastrtps_c.h
[162.595s] -- Symlinking: /home/ansl/ca_ws/install/px4_msgs/include/px4_msgs/px4_msgs/msg/detail/power_button_state__rosidl_typesupport_fastrtps_c.h
[162.600s] -- Symlinking: /home/ansl/ca_ws/install/px4_msgs/include/px4_msgs/px4_msgs/msg/detail/power_monitor__rosidl_typesupport_fastrtps_c.h
[162.605s] -- Symlinking: /home/ansl/ca_ws/install/px4_msgs/include/px4_msgs/px4_msgs/msg/detail/pps_capture__rosidl_typesupport_fastrtps_c.h
[162.611s] -- Symlinking: /home/ansl/ca_ws/install/px4_msgs/include/px4_msgs/px4_msgs/msg/detail/pwm_input__rosidl_typesupport_fastrtps_c.h
[162.616s] -- Symlinking: /home/ansl/ca_ws/install/px4_msgs/include/px4_msgs/px4_msgs/msg/detail/px4io_status__rosidl_typesupport_fastrtps_c.h
[162.621s] -- Symlinking: /home/ansl/ca_ws/install/px4_msgs/include/px4_msgs/px4_msgs/msg/detail/qshell_req__rosidl_typesupport_fastrtps_c.h
[162.626s] -- Symlinking: /home/ansl/ca_ws/install/px4_msgs/include/px4_msgs/px4_msgs/msg/detail/qshell_retval__rosidl_typesupport_fastrtps_c.h
[162.631s] -- Symlinking: /home/ansl/ca_ws/install/px4_msgs/include/px4_msgs/px4_msgs/msg/detail/radio_status__rosidl_typesupport_fastrtps_c.h
[162.637s] -- Symlinking: /home/ansl/ca_ws/install/px4_msgs/include/px4_msgs/px4_msgs/msg/detail/rate_ctrl_status__rosidl_typesupport_fastrtps_c.h
[162.642s] -- Symlinking: /home/ansl/ca_ws/install/px4_msgs/include/px4_msgs/px4_msgs/msg/detail/rc_channels__rosidl_typesupport_fastrtps_c.h
[162.648s] -- Symlinking: /home/ansl/ca_ws/install/px4_msgs/include/px4_msgs/px4_msgs/msg/detail/rc_parameter_map__rosidl_typesupport_fastrtps_c.h
[162.653s] -- Symlinking: /home/ansl/ca_ws/install/px4_msgs/include/px4_msgs/px4_msgs/msg/detail/rpm__rosidl_typesupport_fastrtps_c.h
[162.658s] -- Symlinking: /home/ansl/ca_ws/install/px4_msgs/include/px4_msgs/px4_msgs/msg/detail/rtl_time_estimate__rosidl_typesupport_fastrtps_c.h
[162.663s] -- Symlinking: /home/ansl/ca_ws/install/px4_msgs/include/px4_msgs/px4_msgs/msg/detail/satellite_info__rosidl_typesupport_fastrtps_c.h
[162.668s] -- Symlinking: /home/ansl/ca_ws/install/px4_msgs/include/px4_msgs/px4_msgs/msg/detail/sensor_accel__rosidl_typesupport_fastrtps_c.h
[162.674s] -- Symlinking: /home/ansl/ca_ws/install/px4_msgs/include/px4_msgs/px4_msgs/msg/detail/sensor_accel_fifo__rosidl_typesupport_fastrtps_c.h
[162.679s] -- Symlinking: /home/ansl/ca_ws/install/px4_msgs/include/px4_msgs/px4_msgs/msg/detail/sensor_baro__rosidl_typesupport_fastrtps_c.h
[162.684s] -- Symlinking: /home/ansl/ca_ws/install/px4_msgs/include/px4_msgs/px4_msgs/msg/detail/sensor_combined__rosidl_typesupport_fastrtps_c.h
[162.689s] -- Symlinking: /home/ansl/ca_ws/install/px4_msgs/include/px4_msgs/px4_msgs/msg/detail/sensor_correction__rosidl_typesupport_fastrtps_c.h
[162.694s] -- Symlinking: /home/ansl/ca_ws/install/px4_msgs/include/px4_msgs/px4_msgs/msg/detail/sensor_gnss_relative__rosidl_typesupport_fastrtps_c.h
[162.699s] -- Symlinking: /home/ansl/ca_ws/install/px4_msgs/include/px4_msgs/px4_msgs/msg/detail/sensor_gps__rosidl_typesupport_fastrtps_c.h
[162.705s] -- Symlinking: /home/ansl/ca_ws/install/px4_msgs/include/px4_msgs/px4_msgs/msg/detail/sensor_gyro__rosidl_typesupport_fastrtps_c.h
[162.709s] -- Symlinking: /home/ansl/ca_ws/install/px4_msgs/include/px4_msgs/px4_msgs/msg/detail/sensor_gyro_fft__rosidl_typesupport_fastrtps_c.h
[162.715s] -- Symlinking: /home/ansl/ca_ws/install/px4_msgs/include/px4_msgs/px4_msgs/msg/detail/sensor_gyro_fifo__rosidl_typesupport_fastrtps_c.h
[162.720s] -- Symlinking: /home/ansl/ca_ws/install/px4_msgs/include/px4_msgs/px4_msgs/msg/detail/sensor_hygrometer__rosidl_typesupport_fastrtps_c.h
[162.725s] -- Symlinking: /home/ansl/ca_ws/install/px4_msgs/include/px4_msgs/px4_msgs/msg/detail/sensor_mag__rosidl_typesupport_fastrtps_c.h
[162.730s] -- Symlinking: /home/ansl/ca_ws/install/px4_msgs/include/px4_msgs/px4_msgs/msg/detail/sensor_optical_flow__rosidl_typesupport_fastrtps_c.h
[162.736s] -- Symlinking: /home/ansl/ca_ws/install/px4_msgs/include/px4_msgs/px4_msgs/msg/detail/sensor_preflight_mag__rosidl_typesupport_fastrtps_c.h
[162.741s] -- Symlinking: /home/ansl/ca_ws/install/px4_msgs/include/px4_msgs/px4_msgs/msg/detail/sensor_selection__rosidl_typesupport_fastrtps_c.h
[162.746s] -- Symlinking: /home/ansl/ca_ws/install/px4_msgs/include/px4_msgs/px4_msgs/msg/detail/sensor_uwb__rosidl_typesupport_fastrtps_c.h
[162.752s] -- Symlinking: /home/ansl/ca_ws/install/px4_msgs/include/px4_msgs/px4_msgs/msg/detail/sensors_status__rosidl_typesupport_fastrtps_c.h
[162.757s] -- Symlinking: /home/ansl/ca_ws/install/px4_msgs/include/px4_msgs/px4_msgs/msg/detail/sensors_status_imu__rosidl_typesupport_fastrtps_c.h
[162.762s] -- Symlinking: /home/ansl/ca_ws/install/px4_msgs/include/px4_msgs/px4_msgs/msg/detail/simulink_custom_message__rosidl_typesupport_fastrtps_c.h
[162.767s] -- Symlinking: /home/ansl/ca_ws/install/px4_msgs/include/px4_msgs/px4_msgs/msg/detail/states_and_actuators__rosidl_typesupport_fastrtps_c.h
[162.772s] -- Symlinking: /home/ansl/ca_ws/install/px4_msgs/include/px4_msgs/px4_msgs/msg/detail/system_power__rosidl_typesupport_fastrtps_c.h
[162.777s] -- Symlinking: /home/ansl/ca_ws/install/px4_msgs/include/px4_msgs/px4_msgs/msg/detail/takeoff_status__rosidl_typesupport_fastrtps_c.h
[162.782s] -- Symlinking: /home/ansl/ca_ws/install/px4_msgs/include/px4_msgs/px4_msgs/msg/detail/task_stack_info__rosidl_typesupport_fastrtps_c.h
[162.787s] -- Symlinking: /home/ansl/ca_ws/install/px4_msgs/include/px4_msgs/px4_msgs/msg/detail/tecs_status__rosidl_typesupport_fastrtps_c.h
[162.792s] -- Symlinking: /home/ansl/ca_ws/install/px4_msgs/include/px4_msgs/px4_msgs/msg/detail/telemetry_status__rosidl_typesupport_fastrtps_c.h
[162.797s] -- Symlinking: /home/ansl/ca_ws/install/px4_msgs/include/px4_msgs/px4_msgs/msg/detail/tiltrotor_extra_controls__rosidl_typesupport_fastrtps_c.h
[162.803s] -- Symlinking: /home/ansl/ca_ws/install/px4_msgs/include/px4_msgs/px4_msgs/msg/detail/timesync_status__rosidl_typesupport_fastrtps_c.h
[162.808s] -- Symlinking: /home/ansl/ca_ws/install/px4_msgs/include/px4_msgs/px4_msgs/msg/detail/trajectory_bezier__rosidl_typesupport_fastrtps_c.h
[162.813s] -- Symlinking: /home/ansl/ca_ws/install/px4_msgs/include/px4_msgs/px4_msgs/msg/detail/trajectory_setpoint__rosidl_typesupport_fastrtps_c.h
[162.817s] -- Symlinking: /home/ansl/ca_ws/install/px4_msgs/include/px4_msgs/px4_msgs/msg/detail/trajectory_waypoint__rosidl_typesupport_fastrtps_c.h
[162.823s] -- Symlinking: /home/ansl/ca_ws/install/px4_msgs/include/px4_msgs/px4_msgs/msg/detail/transponder_report__rosidl_typesupport_fastrtps_c.h
[162.828s] -- Symlinking: /home/ansl/ca_ws/install/px4_msgs/include/px4_msgs/px4_msgs/msg/detail/tune_control__rosidl_typesupport_fastrtps_c.h
[162.833s] -- Symlinking: /home/ansl/ca_ws/install/px4_msgs/include/px4_msgs/px4_msgs/msg/detail/uavcan_parameter_request__rosidl_typesupport_fastrtps_c.h
[162.838s] -- Symlinking: /home/ansl/ca_ws/install/px4_msgs/include/px4_msgs/px4_msgs/msg/detail/uavcan_parameter_value__rosidl_typesupport_fastrtps_c.h
[162.844s] -- Symlinking: /home/ansl/ca_ws/install/px4_msgs/include/px4_msgs/px4_msgs/msg/detail/ulog_stream__rosidl_typesupport_fastrtps_c.h
[162.849s] -- Symlinking: /home/ansl/ca_ws/install/px4_msgs/include/px4_msgs/px4_msgs/msg/detail/ulog_stream_ack__rosidl_typesupport_fastrtps_c.h
[162.854s] -- Symlinking: /home/ansl/ca_ws/install/px4_msgs/include/px4_msgs/px4_msgs/msg/detail/vehicle_acceleration__rosidl_typesupport_fastrtps_c.h
[162.859s] -- Symlinking: /home/ansl/ca_ws/install/px4_msgs/include/px4_msgs/px4_msgs/msg/detail/vehicle_air_data__rosidl_typesupport_fastrtps_c.h
[162.864s] -- Symlinking: /home/ansl/ca_ws/install/px4_msgs/include/px4_msgs/px4_msgs/msg/detail/vehicle_angular_acceleration_setpoint__rosidl_typesupport_fastrtps_c.h
[162.869s] -- Symlinking: /home/ansl/ca_ws/install/px4_msgs/include/px4_msgs/px4_msgs/msg/detail/vehicle_angular_velocity__rosidl_typesupport_fastrtps_c.h
[162.874s] -- Symlinking: /home/ansl/ca_ws/install/px4_msgs/include/px4_msgs/px4_msgs/msg/detail/vehicle_attitude__rosidl_typesupport_fastrtps_c.h
[162.879s] -- Symlinking: /home/ansl/ca_ws/install/px4_msgs/include/px4_msgs/px4_msgs/msg/detail/vehicle_attitude_setpoint__rosidl_typesupport_fastrtps_c.h
[162.884s] -- Symlinking: /home/ansl/ca_ws/install/px4_msgs/include/px4_msgs/px4_msgs/msg/detail/vehicle_command__rosidl_typesupport_fastrtps_c.h
[162.889s] -- Symlinking: /home/ansl/ca_ws/install/px4_msgs/include/px4_msgs/px4_msgs/msg/detail/vehicle_command_ack__rosidl_typesupport_fastrtps_c.h
[162.894s] -- Symlinking: /home/ansl/ca_ws/install/px4_msgs/include/px4_msgs/px4_msgs/msg/detail/vehicle_constraints__rosidl_typesupport_fastrtps_c.h
[162.899s] -- Symlinking: /home/ansl/ca_ws/install/px4_msgs/include/px4_msgs/px4_msgs/msg/detail/vehicle_control_mode__rosidl_typesupport_fastrtps_c.h
[162.904s] -- Symlinking: /home/ansl/ca_ws/install/px4_msgs/include/px4_msgs/px4_msgs/msg/detail/vehicle_global_position__rosidl_typesupport_fastrtps_c.h
[162.909s] -- Symlinking: /home/ansl/ca_ws/install/px4_msgs/include/px4_msgs/px4_msgs/msg/detail/vehicle_imu__rosidl_typesupport_fastrtps_c.h
[162.914s] -- Symlinking: /home/ansl/ca_ws/install/px4_msgs/include/px4_msgs/px4_msgs/msg/detail/vehicle_imu_status__rosidl_typesupport_fastrtps_c.h
[162.919s] -- Symlinking: /home/ansl/ca_ws/install/px4_msgs/include/px4_msgs/px4_msgs/msg/detail/vehicle_land_detected__rosidl_typesupport_fastrtps_c.h
[162.924s] -- Symlinking: /home/ansl/ca_ws/install/px4_msgs/include/px4_msgs/px4_msgs/msg/detail/vehicle_local_position__rosidl_typesupport_fastrtps_c.h
[162.929s] -- Symlinking: /home/ansl/ca_ws/install/px4_msgs/include/px4_msgs/px4_msgs/msg/detail/vehicle_local_position_setpoint__rosidl_typesupport_fastrtps_c.h
[162.935s] -- Symlinking: /home/ansl/ca_ws/install/px4_msgs/include/px4_msgs/px4_msgs/msg/detail/vehicle_magnetometer__rosidl_typesupport_fastrtps_c.h
[162.940s] -- Symlinking: /home/ansl/ca_ws/install/px4_msgs/include/px4_msgs/px4_msgs/msg/detail/vehicle_odometry__rosidl_typesupport_fastrtps_c.h
[162.945s] -- Symlinking: /home/ansl/ca_ws/install/px4_msgs/include/px4_msgs/px4_msgs/msg/detail/vehicle_optical_flow__rosidl_typesupport_fastrtps_c.h
[162.950s] -- Symlinking: /home/ansl/ca_ws/install/px4_msgs/include/px4_msgs/px4_msgs/msg/detail/vehicle_optical_flow_vel__rosidl_typesupport_fastrtps_c.h
[162.955s] -- Symlinking: /home/ansl/ca_ws/install/px4_msgs/include/px4_msgs/px4_msgs/msg/detail/vehicle_rates_setpoint__rosidl_typesupport_fastrtps_c.h
[162.960s] -- Symlinking: /home/ansl/ca_ws/install/px4_msgs/include/px4_msgs/px4_msgs/msg/detail/vehicle_roi__rosidl_typesupport_fastrtps_c.h
[162.965s] -- Symlinking: /home/ansl/ca_ws/install/px4_msgs/include/px4_msgs/px4_msgs/msg/detail/vehicle_status__rosidl_typesupport_fastrtps_c.h
[162.970s] -- Symlinking: /home/ansl/ca_ws/install/px4_msgs/include/px4_msgs/px4_msgs/msg/detail/vehicle_thrust_setpoint__rosidl_typesupport_fastrtps_c.h
[162.975s] -- Symlinking: /home/ansl/ca_ws/install/px4_msgs/include/px4_msgs/px4_msgs/msg/detail/vehicle_torque_setpoint__rosidl_typesupport_fastrtps_c.h
[162.980s] -- Symlinking: /home/ansl/ca_ws/install/px4_msgs/include/px4_msgs/px4_msgs/msg/detail/vehicle_trajectory_bezier__rosidl_typesupport_fastrtps_c.h
[162.985s] -- Symlinking: /home/ansl/ca_ws/install/px4_msgs/include/px4_msgs/px4_msgs/msg/detail/vehicle_trajectory_waypoint__rosidl_typesupport_fastrtps_c.h
[162.991s] -- Symlinking: /home/ansl/ca_ws/install/px4_msgs/include/px4_msgs/px4_msgs/msg/detail/vtol_vehicle_status__rosidl_typesupport_fastrtps_c.h
[162.996s] -- Symlinking: /home/ansl/ca_ws/install/px4_msgs/include/px4_msgs/px4_msgs/msg/detail/wind__rosidl_typesupport_fastrtps_c.h
[163.001s] -- Symlinking: /home/ansl/ca_ws/install/px4_msgs/include/px4_msgs/px4_msgs/msg/detail/yaw_estimator_status__rosidl_typesupport_fastrtps_c.h
[163.006s] -- Symlinking: /home/ansl/ca_ws/install/px4_msgs/include/px4_msgs/px4_msgs/msg/rosidl_typesupport_fastrtps_c__visibility_control.h
[163.011s] -- Symlinking: /home/ansl/ca_ws/install/px4_msgs/include/px4_msgs/px4_msgs/srv/detail/vehicle_command__rosidl_typesupport_fastrtps_c.h
[163.021s] -- Symlinking: /home/ansl/ca_ws/install/px4_msgs/include/px4_msgs/px4_msgs/msg/action_request.hpp
[163.027s] -- Symlinking: /home/ansl/ca_ws/install/px4_msgs/include/px4_msgs/px4_msgs/msg/actuator_armed.hpp
[163.032s] -- Symlinking: /home/ansl/ca_ws/install/px4_msgs/include/px4_msgs/px4_msgs/msg/actuator_command.hpp
[163.037s] -- Symlinking: /home/ansl/ca_ws/install/px4_msgs/include/px4_msgs/px4_msgs/msg/actuator_controls_status.hpp
[163.043s] -- Symlinking: /home/ansl/ca_ws/install/px4_msgs/include/px4_msgs/px4_msgs/msg/actuator_motors.hpp
[163.048s] -- Symlinking: /home/ansl/ca_ws/install/px4_msgs/include/px4_msgs/px4_msgs/msg/actuator_outputs.hpp
[163.053s] -- Symlinking: /home/ansl/ca_ws/install/px4_msgs/include/px4_msgs/px4_msgs/msg/actuator_servos.hpp
[163.058s] -- Symlinking: /home/ansl/ca_ws/install/px4_msgs/include/px4_msgs/px4_msgs/msg/actuator_servos_trim.hpp
[163.063s] -- Symlinking: /home/ansl/ca_ws/install/px4_msgs/include/px4_msgs/px4_msgs/msg/actuator_test.hpp
[163.068s] -- Symlinking: /home/ansl/ca_ws/install/px4_msgs/include/px4_msgs/px4_msgs/msg/adc_report.hpp
[163.073s] -- Symlinking: /home/ansl/ca_ws/install/px4_msgs/include/px4_msgs/px4_msgs/msg/airspeed.hpp
[163.078s] -- Symlinking: /home/ansl/ca_ws/install/px4_msgs/include/px4_msgs/px4_msgs/msg/airspeed_validated.hpp
[163.083s] -- Symlinking: /home/ansl/ca_ws/install/px4_msgs/include/px4_msgs/px4_msgs/msg/airspeed_wind.hpp
[163.088s] -- Symlinking: /home/ansl/ca_ws/install/px4_msgs/include/px4_msgs/px4_msgs/msg/autotune_attitude_control_status.hpp
[163.093s] -- Symlinking: /home/ansl/ca_ws/install/px4_msgs/include/px4_msgs/px4_msgs/msg/battery_status.hpp
[163.099s] -- Symlinking: /home/ansl/ca_ws/install/px4_msgs/include/px4_msgs/px4_msgs/msg/button_event.hpp
[163.104s] -- Symlinking: /home/ansl/ca_ws/install/px4_msgs/include/px4_msgs/px4_msgs/msg/camera_capture.hpp
[163.109s] -- Symlinking: /home/ansl/ca_ws/install/px4_msgs/include/px4_msgs/px4_msgs/msg/camera_status.hpp
[163.114s] -- Symlinking: /home/ansl/ca_ws/install/px4_msgs/include/px4_msgs/px4_msgs/msg/camera_trigger.hpp
[163.120s] -- Symlinking: /home/ansl/ca_ws/install/px4_msgs/include/px4_msgs/px4_msgs/msg/cellular_status.hpp
[163.125s] -- Symlinking: /home/ansl/ca_ws/install/px4_msgs/include/px4_msgs/px4_msgs/msg/collision_constraints.hpp
[163.130s] -- Symlinking: /home/ansl/ca_ws/install/px4_msgs/include/px4_msgs/px4_msgs/msg/collision_report.hpp
[163.135s] -- Symlinking: /home/ansl/ca_ws/install/px4_msgs/include/px4_msgs/px4_msgs/msg/command_values.hpp
[163.140s] -- Symlinking: /home/ansl/ca_ws/install/px4_msgs/include/px4_msgs/px4_msgs/msg/control_allocator_status.hpp
[163.146s] -- Symlinking: /home/ansl/ca_ws/install/px4_msgs/include/px4_msgs/px4_msgs/msg/cpuload.hpp
[163.151s] -- Symlinking: /home/ansl/ca_ws/install/px4_msgs/include/px4_msgs/px4_msgs/msg/debug_array.hpp
[163.156s] -- Symlinking: /home/ansl/ca_ws/install/px4_msgs/include/px4_msgs/px4_msgs/msg/debug_key_value.hpp
[163.162s] -- Symlinking: /home/ansl/ca_ws/install/px4_msgs/include/px4_msgs/px4_msgs/msg/debug_value.hpp
[163.167s] -- Symlinking: /home/ansl/ca_ws/install/px4_msgs/include/px4_msgs/px4_msgs/msg/debug_vect.hpp
[163.172s] -- Symlinking: /home/ansl/ca_ws/install/px4_msgs/include/px4_msgs/px4_msgs/msg/detail/action_request__builder.hpp
[163.177s] -- Symlinking: /home/ansl/ca_ws/install/px4_msgs/include/px4_msgs/px4_msgs/msg/detail/action_request__struct.hpp
[163.183s] -- Symlinking: /home/ansl/ca_ws/install/px4_msgs/include/px4_msgs/px4_msgs/msg/detail/action_request__traits.hpp
[163.188s] -- Symlinking: /home/ansl/ca_ws/install/px4_msgs/include/px4_msgs/px4_msgs/msg/detail/action_request__type_support.hpp
[163.193s] -- Symlinking: /home/ansl/ca_ws/install/px4_msgs/include/px4_msgs/px4_msgs/msg/detail/actuator_armed__builder.hpp
[163.198s] -- Symlinking: /home/ansl/ca_ws/install/px4_msgs/include/px4_msgs/px4_msgs/msg/detail/actuator_armed__struct.hpp
[163.204s] -- Symlinking: /home/ansl/ca_ws/install/px4_msgs/include/px4_msgs/px4_msgs/msg/detail/actuator_armed__traits.hpp
[163.209s] -- Symlinking: /home/ansl/ca_ws/install/px4_msgs/include/px4_msgs/px4_msgs/msg/detail/actuator_armed__type_support.hpp
[163.214s] -- Symlinking: /home/ansl/ca_ws/install/px4_msgs/include/px4_msgs/px4_msgs/msg/detail/actuator_command__builder.hpp
[163.219s] -- Symlinking: /home/ansl/ca_ws/install/px4_msgs/include/px4_msgs/px4_msgs/msg/detail/actuator_command__struct.hpp
[163.224s] -- Symlinking: /home/ansl/ca_ws/install/px4_msgs/include/px4_msgs/px4_msgs/msg/detail/actuator_command__traits.hpp
[163.229s] -- Symlinking: /home/ansl/ca_ws/install/px4_msgs/include/px4_msgs/px4_msgs/msg/detail/actuator_command__type_support.hpp
[163.234s] -- Symlinking: /home/ansl/ca_ws/install/px4_msgs/include/px4_msgs/px4_msgs/msg/detail/actuator_controls_status__builder.hpp
[163.239s] -- Symlinking: /home/ansl/ca_ws/install/px4_msgs/include/px4_msgs/px4_msgs/msg/detail/actuator_controls_status__struct.hpp
[163.244s] -- Symlinking: /home/ansl/ca_ws/install/px4_msgs/include/px4_msgs/px4_msgs/msg/detail/actuator_controls_status__traits.hpp
[163.249s] -- Symlinking: /home/ansl/ca_ws/install/px4_msgs/include/px4_msgs/px4_msgs/msg/detail/actuator_controls_status__type_support.hpp
[163.254s] -- Symlinking: /home/ansl/ca_ws/install/px4_msgs/include/px4_msgs/px4_msgs/msg/detail/actuator_motors__builder.hpp
[163.259s] -- Symlinking: /home/ansl/ca_ws/install/px4_msgs/include/px4_msgs/px4_msgs/msg/detail/actuator_motors__struct.hpp
[163.264s] -- Symlinking: /home/ansl/ca_ws/install/px4_msgs/include/px4_msgs/px4_msgs/msg/detail/actuator_motors__traits.hpp
[163.270s] -- Symlinking: /home/ansl/ca_ws/install/px4_msgs/include/px4_msgs/px4_msgs/msg/detail/actuator_motors__type_support.hpp
[163.275s] -- Symlinking: /home/ansl/ca_ws/install/px4_msgs/include/px4_msgs/px4_msgs/msg/detail/actuator_outputs__builder.hpp
[163.280s] -- Symlinking: /home/ansl/ca_ws/install/px4_msgs/include/px4_msgs/px4_msgs/msg/detail/actuator_outputs__struct.hpp
[163.285s] -- Symlinking: /home/ansl/ca_ws/install/px4_msgs/include/px4_msgs/px4_msgs/msg/detail/actuator_outputs__traits.hpp
[163.291s] -- Symlinking: /home/ansl/ca_ws/install/px4_msgs/include/px4_msgs/px4_msgs/msg/detail/actuator_outputs__type_support.hpp
[163.296s] -- Symlinking: /home/ansl/ca_ws/install/px4_msgs/include/px4_msgs/px4_msgs/msg/detail/actuator_servos__builder.hpp
[163.301s] -- Symlinking: /home/ansl/ca_ws/install/px4_msgs/include/px4_msgs/px4_msgs/msg/detail/actuator_servos__struct.hpp
[163.307s] -- Symlinking: /home/ansl/ca_ws/install/px4_msgs/include/px4_msgs/px4_msgs/msg/detail/actuator_servos__traits.hpp
[163.312s] -- Symlinking: /home/ansl/ca_ws/install/px4_msgs/include/px4_msgs/px4_msgs/msg/detail/actuator_servos__type_support.hpp
[163.317s] -- Symlinking: /home/ansl/ca_ws/install/px4_msgs/include/px4_msgs/px4_msgs/msg/detail/actuator_servos_trim__builder.hpp
[163.322s] -- Symlinking: /home/ansl/ca_ws/install/px4_msgs/include/px4_msgs/px4_msgs/msg/detail/actuator_servos_trim__struct.hpp
[163.327s] -- Symlinking: /home/ansl/ca_ws/install/px4_msgs/include/px4_msgs/px4_msgs/msg/detail/actuator_servos_trim__traits.hpp
[163.333s] -- Symlinking: /home/ansl/ca_ws/install/px4_msgs/include/px4_msgs/px4_msgs/msg/detail/actuator_servos_trim__type_support.hpp
[163.338s] -- Symlinking: /home/ansl/ca_ws/install/px4_msgs/include/px4_msgs/px4_msgs/msg/detail/actuator_test__builder.hpp
[163.343s] -- Symlinking: /home/ansl/ca_ws/install/px4_msgs/include/px4_msgs/px4_msgs/msg/detail/actuator_test__struct.hpp
[163.349s] -- Symlinking: /home/ansl/ca_ws/install/px4_msgs/include/px4_msgs/px4_msgs/msg/detail/actuator_test__traits.hpp
[163.354s] -- Symlinking: /home/ansl/ca_ws/install/px4_msgs/include/px4_msgs/px4_msgs/msg/detail/actuator_test__type_support.hpp
[163.359s] -- Symlinking: /home/ansl/ca_ws/install/px4_msgs/include/px4_msgs/px4_msgs/msg/detail/adc_report__builder.hpp
[163.365s] -- Symlinking: /home/ansl/ca_ws/install/px4_msgs/include/px4_msgs/px4_msgs/msg/detail/adc_report__struct.hpp
[163.370s] -- Symlinking: /home/ansl/ca_ws/install/px4_msgs/include/px4_msgs/px4_msgs/msg/detail/adc_report__traits.hpp
[163.375s] -- Symlinking: /home/ansl/ca_ws/install/px4_msgs/include/px4_msgs/px4_msgs/msg/detail/adc_report__type_support.hpp
[163.380s] -- Symlinking: /home/ansl/ca_ws/install/px4_msgs/include/px4_msgs/px4_msgs/msg/detail/airspeed__builder.hpp
[163.385s] -- Symlinking: /home/ansl/ca_ws/install/px4_msgs/include/px4_msgs/px4_msgs/msg/detail/airspeed__struct.hpp
[163.390s] -- Symlinking: /home/ansl/ca_ws/install/px4_msgs/include/px4_msgs/px4_msgs/msg/detail/airspeed__traits.hpp
[163.396s] -- Symlinking: /home/ansl/ca_ws/install/px4_msgs/include/px4_msgs/px4_msgs/msg/detail/airspeed__type_support.hpp
[163.401s] -- Symlinking: /home/ansl/ca_ws/install/px4_msgs/include/px4_msgs/px4_msgs/msg/detail/airspeed_validated__builder.hpp
[163.406s] -- Symlinking: /home/ansl/ca_ws/install/px4_msgs/include/px4_msgs/px4_msgs/msg/detail/airspeed_validated__struct.hpp
[163.411s] -- Symlinking: /home/ansl/ca_ws/install/px4_msgs/include/px4_msgs/px4_msgs/msg/detail/airspeed_validated__traits.hpp
[163.417s] -- Symlinking: /home/ansl/ca_ws/install/px4_msgs/include/px4_msgs/px4_msgs/msg/detail/airspeed_validated__type_support.hpp
[163.422s] -- Symlinking: /home/ansl/ca_ws/install/px4_msgs/include/px4_msgs/px4_msgs/msg/detail/airspeed_wind__builder.hpp
[163.427s] -- Symlinking: /home/ansl/ca_ws/install/px4_msgs/include/px4_msgs/px4_msgs/msg/detail/airspeed_wind__struct.hpp
[163.432s] -- Symlinking: /home/ansl/ca_ws/install/px4_msgs/include/px4_msgs/px4_msgs/msg/detail/airspeed_wind__traits.hpp
[163.438s] -- Symlinking: /home/ansl/ca_ws/install/px4_msgs/include/px4_msgs/px4_msgs/msg/detail/airspeed_wind__type_support.hpp
[163.443s] -- Symlinking: /home/ansl/ca_ws/install/px4_msgs/include/px4_msgs/px4_msgs/msg/detail/autotune_attitude_control_status__builder.hpp
[163.448s] -- Symlinking: /home/ansl/ca_ws/install/px4_msgs/include/px4_msgs/px4_msgs/msg/detail/autotune_attitude_control_status__struct.hpp
[163.453s] -- Symlinking: /home/ansl/ca_ws/install/px4_msgs/include/px4_msgs/px4_msgs/msg/detail/autotune_attitude_control_status__traits.hpp
[163.459s] -- Symlinking: /home/ansl/ca_ws/install/px4_msgs/include/px4_msgs/px4_msgs/msg/detail/autotune_attitude_control_status__type_support.hpp
[163.464s] -- Symlinking: /home/ansl/ca_ws/install/px4_msgs/include/px4_msgs/px4_msgs/msg/detail/battery_status__builder.hpp
[163.469s] -- Symlinking: /home/ansl/ca_ws/install/px4_msgs/include/px4_msgs/px4_msgs/msg/detail/battery_status__struct.hpp
[163.475s] -- Symlinking: /home/ansl/ca_ws/install/px4_msgs/include/px4_msgs/px4_msgs/msg/detail/battery_status__traits.hpp
[163.480s] -- Symlinking: /home/ansl/ca_ws/install/px4_msgs/include/px4_msgs/px4_msgs/msg/detail/battery_status__type_support.hpp
[163.485s] -- Symlinking: /home/ansl/ca_ws/install/px4_msgs/include/px4_msgs/px4_msgs/msg/detail/button_event__builder.hpp
[163.490s] -- Symlinking: /home/ansl/ca_ws/install/px4_msgs/include/px4_msgs/px4_msgs/msg/detail/button_event__struct.hpp
[163.496s] -- Symlinking: /home/ansl/ca_ws/install/px4_msgs/include/px4_msgs/px4_msgs/msg/detail/button_event__traits.hpp
[163.501s] -- Symlinking: /home/ansl/ca_ws/install/px4_msgs/include/px4_msgs/px4_msgs/msg/detail/button_event__type_support.hpp
[163.506s] -- Symlinking: /home/ansl/ca_ws/install/px4_msgs/include/px4_msgs/px4_msgs/msg/detail/camera_capture__builder.hpp
[163.511s] -- Symlinking: /home/ansl/ca_ws/install/px4_msgs/include/px4_msgs/px4_msgs/msg/detail/camera_capture__struct.hpp
[163.516s] -- Symlinking: /home/ansl/ca_ws/install/px4_msgs/include/px4_msgs/px4_msgs/msg/detail/camera_capture__traits.hpp
[163.521s] -- Symlinking: /home/ansl/ca_ws/install/px4_msgs/include/px4_msgs/px4_msgs/msg/detail/camera_capture__type_support.hpp
[163.527s] -- Symlinking: /home/ansl/ca_ws/install/px4_msgs/include/px4_msgs/px4_msgs/msg/detail/camera_status__builder.hpp
[163.532s] -- Symlinking: /home/ansl/ca_ws/install/px4_msgs/include/px4_msgs/px4_msgs/msg/detail/camera_status__struct.hpp
[163.537s] -- Symlinking: /home/ansl/ca_ws/install/px4_msgs/include/px4_msgs/px4_msgs/msg/detail/camera_status__traits.hpp
[163.542s] -- Symlinking: /home/ansl/ca_ws/install/px4_msgs/include/px4_msgs/px4_msgs/msg/detail/camera_status__type_support.hpp
[163.547s] -- Symlinking: /home/ansl/ca_ws/install/px4_msgs/include/px4_msgs/px4_msgs/msg/detail/camera_trigger__builder.hpp
[163.553s] -- Symlinking: /home/ansl/ca_ws/install/px4_msgs/include/px4_msgs/px4_msgs/msg/detail/camera_trigger__struct.hpp
[163.559s] -- Symlinking: /home/ansl/ca_ws/install/px4_msgs/include/px4_msgs/px4_msgs/msg/detail/camera_trigger__traits.hpp
[163.565s] -- Symlinking: /home/ansl/ca_ws/install/px4_msgs/include/px4_msgs/px4_msgs/msg/detail/camera_trigger__type_support.hpp
[163.570s] -- Symlinking: /home/ansl/ca_ws/install/px4_msgs/include/px4_msgs/px4_msgs/msg/detail/cellular_status__builder.hpp
[163.575s] -- Symlinking: /home/ansl/ca_ws/install/px4_msgs/include/px4_msgs/px4_msgs/msg/detail/cellular_status__struct.hpp
[163.581s] -- Symlinking: /home/ansl/ca_ws/install/px4_msgs/include/px4_msgs/px4_msgs/msg/detail/cellular_status__traits.hpp
[163.586s] -- Symlinking: /home/ansl/ca_ws/install/px4_msgs/include/px4_msgs/px4_msgs/msg/detail/cellular_status__type_support.hpp
[163.591s] -- Symlinking: /home/ansl/ca_ws/install/px4_msgs/include/px4_msgs/px4_msgs/msg/detail/collision_constraints__builder.hpp
[163.596s] -- Symlinking: /home/ansl/ca_ws/install/px4_msgs/include/px4_msgs/px4_msgs/msg/detail/collision_constraints__struct.hpp
[163.602s] -- Symlinking: /home/ansl/ca_ws/install/px4_msgs/include/px4_msgs/px4_msgs/msg/detail/collision_constraints__traits.hpp
[163.607s] -- Symlinking: /home/ansl/ca_ws/install/px4_msgs/include/px4_msgs/px4_msgs/msg/detail/collision_constraints__type_support.hpp
[163.612s] -- Symlinking: /home/ansl/ca_ws/install/px4_msgs/include/px4_msgs/px4_msgs/msg/detail/collision_report__builder.hpp
[163.617s] -- Symlinking: /home/ansl/ca_ws/install/px4_msgs/include/px4_msgs/px4_msgs/msg/detail/collision_report__struct.hpp
[163.623s] -- Symlinking: /home/ansl/ca_ws/install/px4_msgs/include/px4_msgs/px4_msgs/msg/detail/collision_report__traits.hpp
[163.628s] -- Symlinking: /home/ansl/ca_ws/install/px4_msgs/include/px4_msgs/px4_msgs/msg/detail/collision_report__type_support.hpp
[163.633s] -- Symlinking: /home/ansl/ca_ws/install/px4_msgs/include/px4_msgs/px4_msgs/msg/detail/command_values__builder.hpp
[163.639s] -- Symlinking: /home/ansl/ca_ws/install/px4_msgs/include/px4_msgs/px4_msgs/msg/detail/command_values__struct.hpp
[163.644s] -- Symlinking: /home/ansl/ca_ws/install/px4_msgs/include/px4_msgs/px4_msgs/msg/detail/command_values__traits.hpp
[163.649s] -- Symlinking: /home/ansl/ca_ws/install/px4_msgs/include/px4_msgs/px4_msgs/msg/detail/command_values__type_support.hpp
[163.654s] -- Symlinking: /home/ansl/ca_ws/install/px4_msgs/include/px4_msgs/px4_msgs/msg/detail/control_allocator_status__builder.hpp
[163.659s] -- Symlinking: /home/ansl/ca_ws/install/px4_msgs/include/px4_msgs/px4_msgs/msg/detail/control_allocator_status__struct.hpp
[163.664s] -- Symlinking: /home/ansl/ca_ws/install/px4_msgs/include/px4_msgs/px4_msgs/msg/detail/control_allocator_status__traits.hpp
[163.670s] -- Symlinking: /home/ansl/ca_ws/install/px4_msgs/include/px4_msgs/px4_msgs/msg/detail/control_allocator_status__type_support.hpp
[163.675s] -- Symlinking: /home/ansl/ca_ws/install/px4_msgs/include/px4_msgs/px4_msgs/msg/detail/cpuload__builder.hpp
[163.680s] -- Symlinking: /home/ansl/ca_ws/install/px4_msgs/include/px4_msgs/px4_msgs/msg/detail/cpuload__struct.hpp
[163.685s] -- Symlinking: /home/ansl/ca_ws/install/px4_msgs/include/px4_msgs/px4_msgs/msg/detail/cpuload__traits.hpp
[163.690s] -- Symlinking: /home/ansl/ca_ws/install/px4_msgs/include/px4_msgs/px4_msgs/msg/detail/cpuload__type_support.hpp
[163.695s] -- Symlinking: /home/ansl/ca_ws/install/px4_msgs/include/px4_msgs/px4_msgs/msg/detail/debug_array__builder.hpp
[163.701s] -- Symlinking: /home/ansl/ca_ws/install/px4_msgs/include/px4_msgs/px4_msgs/msg/detail/debug_array__struct.hpp
[163.705s] -- Symlinking: /home/ansl/ca_ws/install/px4_msgs/include/px4_msgs/px4_msgs/msg/detail/debug_array__traits.hpp
[163.711s] -- Symlinking: /home/ansl/ca_ws/install/px4_msgs/include/px4_msgs/px4_msgs/msg/detail/debug_array__type_support.hpp
[163.716s] -- Symlinking: /home/ansl/ca_ws/install/px4_msgs/include/px4_msgs/px4_msgs/msg/detail/debug_key_value__builder.hpp
[163.721s] -- Symlinking: /home/ansl/ca_ws/install/px4_msgs/include/px4_msgs/px4_msgs/msg/detail/debug_key_value__struct.hpp
[163.726s] -- Symlinking: /home/ansl/ca_ws/install/px4_msgs/include/px4_msgs/px4_msgs/msg/detail/debug_key_value__traits.hpp
[163.732s] -- Symlinking: /home/ansl/ca_ws/install/px4_msgs/include/px4_msgs/px4_msgs/msg/detail/debug_key_value__type_support.hpp
[163.737s] -- Symlinking: /home/ansl/ca_ws/install/px4_msgs/include/px4_msgs/px4_msgs/msg/detail/debug_value__builder.hpp
[163.742s] -- Symlinking: /home/ansl/ca_ws/install/px4_msgs/include/px4_msgs/px4_msgs/msg/detail/debug_value__struct.hpp
[163.748s] -- Symlinking: /home/ansl/ca_ws/install/px4_msgs/include/px4_msgs/px4_msgs/msg/detail/debug_value__traits.hpp
[163.753s] -- Symlinking: /home/ansl/ca_ws/install/px4_msgs/include/px4_msgs/px4_msgs/msg/detail/debug_value__type_support.hpp
[163.758s] -- Symlinking: /home/ansl/ca_ws/install/px4_msgs/include/px4_msgs/px4_msgs/msg/detail/debug_vect__builder.hpp
[163.763s] -- Symlinking: /home/ansl/ca_ws/install/px4_msgs/include/px4_msgs/px4_msgs/msg/detail/debug_vect__struct.hpp
[163.769s] -- Symlinking: /home/ansl/ca_ws/install/px4_msgs/include/px4_msgs/px4_msgs/msg/detail/debug_vect__traits.hpp
[163.774s] -- Symlinking: /home/ansl/ca_ws/install/px4_msgs/include/px4_msgs/px4_msgs/msg/detail/debug_vect__type_support.hpp
[163.779s] -- Symlinking: /home/ansl/ca_ws/install/px4_msgs/include/px4_msgs/px4_msgs/msg/detail/differential_pressure__builder.hpp
[163.785s] -- Symlinking: /home/ansl/ca_ws/install/px4_msgs/include/px4_msgs/px4_msgs/msg/detail/differential_pressure__struct.hpp
[163.790s] -- Symlinking: /home/ansl/ca_ws/install/px4_msgs/include/px4_msgs/px4_msgs/msg/detail/differential_pressure__traits.hpp
[163.796s] -- Symlinking: /home/ansl/ca_ws/install/px4_msgs/include/px4_msgs/px4_msgs/msg/detail/differential_pressure__type_support.hpp
[163.801s] -- Symlinking: /home/ansl/ca_ws/install/px4_msgs/include/px4_msgs/px4_msgs/msg/detail/distance_sensor__builder.hpp
[163.806s] -- Symlinking: /home/ansl/ca_ws/install/px4_msgs/include/px4_msgs/px4_msgs/msg/detail/distance_sensor__struct.hpp
[163.812s] -- Symlinking: /home/ansl/ca_ws/install/px4_msgs/include/px4_msgs/px4_msgs/msg/detail/distance_sensor__traits.hpp
[163.817s] -- Symlinking: /home/ansl/ca_ws/install/px4_msgs/include/px4_msgs/px4_msgs/msg/detail/distance_sensor__type_support.hpp
[163.822s] -- Symlinking: /home/ansl/ca_ws/install/px4_msgs/include/px4_msgs/px4_msgs/msg/detail/ekf2_timestamps__builder.hpp
[163.827s] -- Symlinking: /home/ansl/ca_ws/install/px4_msgs/include/px4_msgs/px4_msgs/msg/detail/ekf2_timestamps__struct.hpp
[163.833s] -- Symlinking: /home/ansl/ca_ws/install/px4_msgs/include/px4_msgs/px4_msgs/msg/detail/ekf2_timestamps__traits.hpp
[163.838s] -- Symlinking: /home/ansl/ca_ws/install/px4_msgs/include/px4_msgs/px4_msgs/msg/detail/ekf2_timestamps__type_support.hpp
[163.843s] -- Symlinking: /home/ansl/ca_ws/install/px4_msgs/include/px4_msgs/px4_msgs/msg/detail/esc_report__builder.hpp
[163.848s] -- Symlinking: /home/ansl/ca_ws/install/px4_msgs/include/px4_msgs/px4_msgs/msg/detail/esc_report__struct.hpp
[163.854s] -- Symlinking: /home/ansl/ca_ws/install/px4_msgs/include/px4_msgs/px4_msgs/msg/detail/esc_report__traits.hpp
[163.859s] -- Symlinking: /home/ansl/ca_ws/install/px4_msgs/include/px4_msgs/px4_msgs/msg/detail/esc_report__type_support.hpp
[163.864s] -- Symlinking: /home/ansl/ca_ws/install/px4_msgs/include/px4_msgs/px4_msgs/msg/detail/esc_status__builder.hpp
[163.870s] -- Symlinking: /home/ansl/ca_ws/install/px4_msgs/include/px4_msgs/px4_msgs/msg/detail/esc_status__struct.hpp
[163.875s] -- Symlinking: /home/ansl/ca_ws/install/px4_msgs/include/px4_msgs/px4_msgs/msg/detail/esc_status__traits.hpp
[163.881s] -- Symlinking: /home/ansl/ca_ws/install/px4_msgs/include/px4_msgs/px4_msgs/msg/detail/esc_status__type_support.hpp
[163.886s] -- Symlinking: /home/ansl/ca_ws/install/px4_msgs/include/px4_msgs/px4_msgs/msg/detail/estimator_aid_source1d__builder.hpp
[163.891s] -- Symlinking: /home/ansl/ca_ws/install/px4_msgs/include/px4_msgs/px4_msgs/msg/detail/estimator_aid_source1d__struct.hpp
[163.896s] -- Symlinking: /home/ansl/ca_ws/install/px4_msgs/include/px4_msgs/px4_msgs/msg/detail/estimator_aid_source1d__traits.hpp
[163.907s] -- Symlinking: /home/ansl/ca_ws/install/px4_msgs/include/px4_msgs/px4_msgs/msg/detail/estimator_aid_source1d__type_support.hpp
[163.912s] -- Symlinking: /home/ansl/ca_ws/install/px4_msgs/include/px4_msgs/px4_msgs/msg/detail/estimator_aid_source2d__builder.hpp
[163.918s] -- Symlinking: /home/ansl/ca_ws/install/px4_msgs/include/px4_msgs/px4_msgs/msg/detail/estimator_aid_source2d__struct.hpp
[163.923s] -- Symlinking: /home/ansl/ca_ws/install/px4_msgs/include/px4_msgs/px4_msgs/msg/detail/estimator_aid_source2d__traits.hpp
[163.928s] -- Symlinking: /home/ansl/ca_ws/install/px4_msgs/include/px4_msgs/px4_msgs/msg/detail/estimator_aid_source2d__type_support.hpp
[163.933s] -- Symlinking: /home/ansl/ca_ws/install/px4_msgs/include/px4_msgs/px4_msgs/msg/detail/estimator_aid_source3d__builder.hpp
[163.938s] -- Symlinking: /home/ansl/ca_ws/install/px4_msgs/include/px4_msgs/px4_msgs/msg/detail/estimator_aid_source3d__struct.hpp
[163.944s] -- Symlinking: /home/ansl/ca_ws/install/px4_msgs/include/px4_msgs/px4_msgs/msg/detail/estimator_aid_source3d__traits.hpp
[163.949s] -- Symlinking: /home/ansl/ca_ws/install/px4_msgs/include/px4_msgs/px4_msgs/msg/detail/estimator_aid_source3d__type_support.hpp
[163.954s] -- Symlinking: /home/ansl/ca_ws/install/px4_msgs/include/px4_msgs/px4_msgs/msg/detail/estimator_bias3d__builder.hpp
[163.959s] -- Symlinking: /home/ansl/ca_ws/install/px4_msgs/include/px4_msgs/px4_msgs/msg/detail/estimator_bias3d__struct.hpp
[163.964s] -- Symlinking: /home/ansl/ca_ws/install/px4_msgs/include/px4_msgs/px4_msgs/msg/detail/estimator_bias3d__traits.hpp
[163.970s] -- Symlinking: /home/ansl/ca_ws/install/px4_msgs/include/px4_msgs/px4_msgs/msg/detail/estimator_bias3d__type_support.hpp
[163.975s] -- Symlinking: /home/ansl/ca_ws/install/px4_msgs/include/px4_msgs/px4_msgs/msg/detail/estimator_bias__builder.hpp
[163.980s] -- Symlinking: /home/ansl/ca_ws/install/px4_msgs/include/px4_msgs/px4_msgs/msg/detail/estimator_bias__struct.hpp
[163.985s] -- Symlinking: /home/ansl/ca_ws/install/px4_msgs/include/px4_msgs/px4_msgs/msg/detail/estimator_bias__traits.hpp
[163.991s] -- Symlinking: /home/ansl/ca_ws/install/px4_msgs/include/px4_msgs/px4_msgs/msg/detail/estimator_bias__type_support.hpp
[163.996s] -- Symlinking: /home/ansl/ca_ws/install/px4_msgs/include/px4_msgs/px4_msgs/msg/detail/estimator_event_flags__builder.hpp
[164.001s] -- Symlinking: /home/ansl/ca_ws/install/px4_msgs/include/px4_msgs/px4_msgs/msg/detail/estimator_event_flags__struct.hpp
[164.006s] -- Symlinking: /home/ansl/ca_ws/install/px4_msgs/include/px4_msgs/px4_msgs/msg/detail/estimator_event_flags__traits.hpp
[164.012s] -- Symlinking: /home/ansl/ca_ws/install/px4_msgs/include/px4_msgs/px4_msgs/msg/detail/estimator_event_flags__type_support.hpp
[164.017s] -- Symlinking: /home/ansl/ca_ws/install/px4_msgs/include/px4_msgs/px4_msgs/msg/detail/estimator_gps_status__builder.hpp
[164.022s] -- Symlinking: /home/ansl/ca_ws/install/px4_msgs/include/px4_msgs/px4_msgs/msg/detail/estimator_gps_status__struct.hpp
[164.028s] -- Symlinking: /home/ansl/ca_ws/install/px4_msgs/include/px4_msgs/px4_msgs/msg/detail/estimator_gps_status__traits.hpp
[164.033s] -- Symlinking: /home/ansl/ca_ws/install/px4_msgs/include/px4_msgs/px4_msgs/msg/detail/estimator_gps_status__type_support.hpp
[164.039s] -- Symlinking: /home/ansl/ca_ws/install/px4_msgs/include/px4_msgs/px4_msgs/msg/detail/estimator_innovations__builder.hpp
[164.044s] -- Symlinking: /home/ansl/ca_ws/install/px4_msgs/include/px4_msgs/px4_msgs/msg/detail/estimator_innovations__struct.hpp
[164.049s] -- Symlinking: /home/ansl/ca_ws/install/px4_msgs/include/px4_msgs/px4_msgs/msg/detail/estimator_innovations__traits.hpp
[164.054s] -- Symlinking: /home/ansl/ca_ws/install/px4_msgs/include/px4_msgs/px4_msgs/msg/detail/estimator_innovations__type_support.hpp
[164.059s] -- Symlinking: /home/ansl/ca_ws/install/px4_msgs/include/px4_msgs/px4_msgs/msg/detail/estimator_selector_status__builder.hpp
[164.064s] -- Symlinking: /home/ansl/ca_ws/install/px4_msgs/include/px4_msgs/px4_msgs/msg/detail/estimator_selector_status__struct.hpp
[164.069s] -- Symlinking: /home/ansl/ca_ws/install/px4_msgs/include/px4_msgs/px4_msgs/msg/detail/estimator_selector_status__traits.hpp
[164.075s] -- Symlinking: /home/ansl/ca_ws/install/px4_msgs/include/px4_msgs/px4_msgs/msg/detail/estimator_selector_status__type_support.hpp
[164.080s] -- Symlinking: /home/ansl/ca_ws/install/px4_msgs/include/px4_msgs/px4_msgs/msg/detail/estimator_sensor_bias__builder.hpp
[164.085s] -- Symlinking: /home/ansl/ca_ws/install/px4_msgs/include/px4_msgs/px4_msgs/msg/detail/estimator_sensor_bias__struct.hpp
[164.091s] -- Symlinking: /home/ansl/ca_ws/install/px4_msgs/include/px4_msgs/px4_msgs/msg/detail/estimator_sensor_bias__traits.hpp
[164.096s] -- Symlinking: /home/ansl/ca_ws/install/px4_msgs/include/px4_msgs/px4_msgs/msg/detail/estimator_sensor_bias__type_support.hpp
[164.101s] -- Symlinking: /home/ansl/ca_ws/install/px4_msgs/include/px4_msgs/px4_msgs/msg/detail/estimator_states__builder.hpp
[164.106s] -- Symlinking: /home/ansl/ca_ws/install/px4_msgs/include/px4_msgs/px4_msgs/msg/detail/estimator_states__struct.hpp
[164.112s] -- Symlinking: /home/ansl/ca_ws/install/px4_msgs/include/px4_msgs/px4_msgs/msg/detail/estimator_states__traits.hpp
[164.117s] -- Symlinking: /home/ansl/ca_ws/install/px4_msgs/include/px4_msgs/px4_msgs/msg/detail/estimator_states__type_support.hpp
[164.122s] -- Symlinking: /home/ansl/ca_ws/install/px4_msgs/include/px4_msgs/px4_msgs/msg/detail/estimator_status__builder.hpp
[164.127s] -- Symlinking: /home/ansl/ca_ws/install/px4_msgs/include/px4_msgs/px4_msgs/msg/detail/estimator_status__struct.hpp
[164.132s] -- Symlinking: /home/ansl/ca_ws/install/px4_msgs/include/px4_msgs/px4_msgs/msg/detail/estimator_status__traits.hpp
[164.138s] -- Symlinking: /home/ansl/ca_ws/install/px4_msgs/include/px4_msgs/px4_msgs/msg/detail/estimator_status__type_support.hpp
[164.143s] -- Symlinking: /home/ansl/ca_ws/install/px4_msgs/include/px4_msgs/px4_msgs/msg/detail/estimator_status_flags__builder.hpp
[164.148s] -- Symlinking: /home/ansl/ca_ws/install/px4_msgs/include/px4_msgs/px4_msgs/msg/detail/estimator_status_flags__struct.hpp
[164.153s] -- Symlinking: /home/ansl/ca_ws/install/px4_msgs/include/px4_msgs/px4_msgs/msg/detail/estimator_status_flags__traits.hpp
[164.159s] -- Symlinking: /home/ansl/ca_ws/install/px4_msgs/include/px4_msgs/px4_msgs/msg/detail/estimator_status_flags__type_support.hpp
[164.164s] -- Symlinking: /home/ansl/ca_ws/install/px4_msgs/include/px4_msgs/px4_msgs/msg/detail/event__builder.hpp
[164.169s] -- Symlinking: /home/ansl/ca_ws/install/px4_msgs/include/px4_msgs/px4_msgs/msg/detail/event__struct.hpp
[164.174s] -- Symlinking: /home/ansl/ca_ws/install/px4_msgs/include/px4_msgs/px4_msgs/msg/detail/event__traits.hpp
[164.179s] -- Symlinking: /home/ansl/ca_ws/install/px4_msgs/include/px4_msgs/px4_msgs/msg/detail/event__type_support.hpp
[164.185s] -- Symlinking: /home/ansl/ca_ws/install/px4_msgs/include/px4_msgs/px4_msgs/msg/detail/failsafe_flags__builder.hpp
[164.190s] -- Symlinking: /home/ansl/ca_ws/install/px4_msgs/include/px4_msgs/px4_msgs/msg/detail/failsafe_flags__struct.hpp
[164.195s] -- Symlinking: /home/ansl/ca_ws/install/px4_msgs/include/px4_msgs/px4_msgs/msg/detail/failsafe_flags__traits.hpp
[164.200s] -- Symlinking: /home/ansl/ca_ws/install/px4_msgs/include/px4_msgs/px4_msgs/msg/detail/failsafe_flags__type_support.hpp
[164.206s] -- Symlinking: /home/ansl/ca_ws/install/px4_msgs/include/px4_msgs/px4_msgs/msg/detail/failure_detector_status__builder.hpp
[164.211s] -- Symlinking: /home/ansl/ca_ws/install/px4_msgs/include/px4_msgs/px4_msgs/msg/detail/failure_detector_status__struct.hpp
[164.216s] -- Symlinking: /home/ansl/ca_ws/install/px4_msgs/include/px4_msgs/px4_msgs/msg/detail/failure_detector_status__traits.hpp
[164.222s] -- Symlinking: /home/ansl/ca_ws/install/px4_msgs/include/px4_msgs/px4_msgs/msg/detail/failure_detector_status__type_support.hpp
[164.227s] -- Symlinking: /home/ansl/ca_ws/install/px4_msgs/include/px4_msgs/px4_msgs/msg/detail/follow_target__builder.hpp
[164.232s] -- Symlinking: /home/ansl/ca_ws/install/px4_msgs/include/px4_msgs/px4_msgs/msg/detail/follow_target__struct.hpp
[164.237s] -- Symlinking: /home/ansl/ca_ws/install/px4_msgs/include/px4_msgs/px4_msgs/msg/detail/follow_target__traits.hpp
[164.242s] -- Symlinking: /home/ansl/ca_ws/install/px4_msgs/include/px4_msgs/px4_msgs/msg/detail/follow_target__type_support.hpp
[164.248s] -- Symlinking: /home/ansl/ca_ws/install/px4_msgs/include/px4_msgs/px4_msgs/msg/detail/follow_target_estimator__builder.hpp
[164.253s] -- Symlinking: /home/ansl/ca_ws/install/px4_msgs/include/px4_msgs/px4_msgs/msg/detail/follow_target_estimator__struct.hpp
[164.259s] -- Symlinking: /home/ansl/ca_ws/install/px4_msgs/include/px4_msgs/px4_msgs/msg/detail/follow_target_estimator__traits.hpp
[164.264s] -- Symlinking: /home/ansl/ca_ws/install/px4_msgs/include/px4_msgs/px4_msgs/msg/detail/follow_target_estimator__type_support.hpp
[164.269s] -- Symlinking: /home/ansl/ca_ws/install/px4_msgs/include/px4_msgs/px4_msgs/msg/detail/follow_target_status__builder.hpp
[164.275s] -- Symlinking: /home/ansl/ca_ws/install/px4_msgs/include/px4_msgs/px4_msgs/msg/detail/follow_target_status__struct.hpp
[164.280s] -- Symlinking: /home/ansl/ca_ws/install/px4_msgs/include/px4_msgs/px4_msgs/msg/detail/follow_target_status__traits.hpp
[164.285s] -- Symlinking: /home/ansl/ca_ws/install/px4_msgs/include/px4_msgs/px4_msgs/msg/detail/follow_target_status__type_support.hpp
[164.290s] -- Symlinking: /home/ansl/ca_ws/install/px4_msgs/include/px4_msgs/px4_msgs/msg/detail/generator_status__builder.hpp
[164.296s] -- Symlinking: /home/ansl/ca_ws/install/px4_msgs/include/px4_msgs/px4_msgs/msg/detail/generator_status__struct.hpp
[164.301s] -- Symlinking: /home/ansl/ca_ws/install/px4_msgs/include/px4_msgs/px4_msgs/msg/detail/generator_status__traits.hpp
[164.307s] -- Symlinking: /home/ansl/ca_ws/install/px4_msgs/include/px4_msgs/px4_msgs/msg/detail/generator_status__type_support.hpp
[164.312s] -- Symlinking: /home/ansl/ca_ws/install/px4_msgs/include/px4_msgs/px4_msgs/msg/detail/geofence_result__builder.hpp
[164.317s] -- Symlinking: /home/ansl/ca_ws/install/px4_msgs/include/px4_msgs/px4_msgs/msg/detail/geofence_result__struct.hpp
[164.322s] -- Symlinking: /home/ansl/ca_ws/install/px4_msgs/include/px4_msgs/px4_msgs/msg/detail/geofence_result__traits.hpp
[164.327s] -- Symlinking: /home/ansl/ca_ws/install/px4_msgs/include/px4_msgs/px4_msgs/msg/detail/geofence_result__type_support.hpp
[164.333s] -- Symlinking: /home/ansl/ca_ws/install/px4_msgs/include/px4_msgs/px4_msgs/msg/detail/gimbal_controls__builder.hpp
[164.338s] -- Symlinking: /home/ansl/ca_ws/install/px4_msgs/include/px4_msgs/px4_msgs/msg/detail/gimbal_controls__struct.hpp
[164.344s] -- Symlinking: /home/ansl/ca_ws/install/px4_msgs/include/px4_msgs/px4_msgs/msg/detail/gimbal_controls__traits.hpp
[164.349s] -- Symlinking: /home/ansl/ca_ws/install/px4_msgs/include/px4_msgs/px4_msgs/msg/detail/gimbal_controls__type_support.hpp
[164.354s] -- Symlinking: /home/ansl/ca_ws/install/px4_msgs/include/px4_msgs/px4_msgs/msg/detail/gimbal_device_attitude_status__builder.hpp
[164.359s] -- Symlinking: /home/ansl/ca_ws/install/px4_msgs/include/px4_msgs/px4_msgs/msg/detail/gimbal_device_attitude_status__struct.hpp
[164.365s] -- Symlinking: /home/ansl/ca_ws/install/px4_msgs/include/px4_msgs/px4_msgs/msg/detail/gimbal_device_attitude_status__traits.hpp
[164.370s] -- Symlinking: /home/ansl/ca_ws/install/px4_msgs/include/px4_msgs/px4_msgs/msg/detail/gimbal_device_attitude_status__type_support.hpp
[164.375s] -- Symlinking: /home/ansl/ca_ws/install/px4_msgs/include/px4_msgs/px4_msgs/msg/detail/gimbal_device_information__builder.hpp
[164.380s] -- Symlinking: /home/ansl/ca_ws/install/px4_msgs/include/px4_msgs/px4_msgs/msg/detail/gimbal_device_information__struct.hpp
[164.386s] -- Symlinking: /home/ansl/ca_ws/install/px4_msgs/include/px4_msgs/px4_msgs/msg/detail/gimbal_device_information__traits.hpp
[164.391s] -- Symlinking: /home/ansl/ca_ws/install/px4_msgs/include/px4_msgs/px4_msgs/msg/detail/gimbal_device_information__type_support.hpp
[164.396s] -- Symlinking: /home/ansl/ca_ws/install/px4_msgs/include/px4_msgs/px4_msgs/msg/detail/gimbal_device_set_attitude__builder.hpp
[164.401s] -- Symlinking: /home/ansl/ca_ws/install/px4_msgs/include/px4_msgs/px4_msgs/msg/detail/gimbal_device_set_attitude__struct.hpp
[164.407s] -- Symlinking: /home/ansl/ca_ws/install/px4_msgs/include/px4_msgs/px4_msgs/msg/detail/gimbal_device_set_attitude__traits.hpp
[164.412s] -- Symlinking: /home/ansl/ca_ws/install/px4_msgs/include/px4_msgs/px4_msgs/msg/detail/gimbal_device_set_attitude__type_support.hpp
[164.418s] -- Symlinking: /home/ansl/ca_ws/install/px4_msgs/include/px4_msgs/px4_msgs/msg/detail/gimbal_manager_information__builder.hpp
[164.423s] -- Symlinking: /home/ansl/ca_ws/install/px4_msgs/include/px4_msgs/px4_msgs/msg/detail/gimbal_manager_information__struct.hpp
[164.428s] -- Symlinking: /home/ansl/ca_ws/install/px4_msgs/include/px4_msgs/px4_msgs/msg/detail/gimbal_manager_information__traits.hpp
[164.433s] -- Symlinking: /home/ansl/ca_ws/install/px4_msgs/include/px4_msgs/px4_msgs/msg/detail/gimbal_manager_information__type_support.hpp
[164.439s] -- Symlinking: /home/ansl/ca_ws/install/px4_msgs/include/px4_msgs/px4_msgs/msg/detail/gimbal_manager_set_attitude__builder.hpp
[164.444s] -- Symlinking: /home/ansl/ca_ws/install/px4_msgs/include/px4_msgs/px4_msgs/msg/detail/gimbal_manager_set_attitude__struct.hpp
[164.449s] -- Symlinking: /home/ansl/ca_ws/install/px4_msgs/include/px4_msgs/px4_msgs/msg/detail/gimbal_manager_set_attitude__traits.hpp
[164.455s] -- Symlinking: /home/ansl/ca_ws/install/px4_msgs/include/px4_msgs/px4_msgs/msg/detail/gimbal_manager_set_attitude__type_support.hpp
[164.460s] -- Symlinking: /home/ansl/ca_ws/install/px4_msgs/include/px4_msgs/px4_msgs/msg/detail/gimbal_manager_set_manual_control__builder.hpp
[164.465s] -- Symlinking: /home/ansl/ca_ws/install/px4_msgs/include/px4_msgs/px4_msgs/msg/detail/gimbal_manager_set_manual_control__struct.hpp
[164.470s] -- Symlinking: /home/ansl/ca_ws/install/px4_msgs/include/px4_msgs/px4_msgs/msg/detail/gimbal_manager_set_manual_control__traits.hpp
[164.475s] -- Symlinking: /home/ansl/ca_ws/install/px4_msgs/include/px4_msgs/px4_msgs/msg/detail/gimbal_manager_set_manual_control__type_support.hpp
[164.480s] -- Symlinking: /home/ansl/ca_ws/install/px4_msgs/include/px4_msgs/px4_msgs/msg/detail/gimbal_manager_status__builder.hpp
[164.486s] -- Symlinking: /home/ansl/ca_ws/install/px4_msgs/include/px4_msgs/px4_msgs/msg/detail/gimbal_manager_status__struct.hpp
[164.491s] -- Symlinking: /home/ansl/ca_ws/install/px4_msgs/include/px4_msgs/px4_msgs/msg/detail/gimbal_manager_status__traits.hpp
[164.496s] -- Symlinking: /home/ansl/ca_ws/install/px4_msgs/include/px4_msgs/px4_msgs/msg/detail/gimbal_manager_status__type_support.hpp
[164.502s] -- Symlinking: /home/ansl/ca_ws/install/px4_msgs/include/px4_msgs/px4_msgs/msg/detail/gps_dump__builder.hpp
[164.507s] -- Symlinking: /home/ansl/ca_ws/install/px4_msgs/include/px4_msgs/px4_msgs/msg/detail/gps_dump__struct.hpp
[164.512s] -- Symlinking: /home/ansl/ca_ws/install/px4_msgs/include/px4_msgs/px4_msgs/msg/detail/gps_dump__traits.hpp
[164.517s] -- Symlinking: /home/ansl/ca_ws/install/px4_msgs/include/px4_msgs/px4_msgs/msg/detail/gps_dump__type_support.hpp
[164.522s] -- Symlinking: /home/ansl/ca_ws/install/px4_msgs/include/px4_msgs/px4_msgs/msg/detail/gps_inject_data__builder.hpp
[164.527s] -- Symlinking: /home/ansl/ca_ws/install/px4_msgs/include/px4_msgs/px4_msgs/msg/detail/gps_inject_data__struct.hpp
[164.532s] -- Symlinking: /home/ansl/ca_ws/install/px4_msgs/include/px4_msgs/px4_msgs/msg/detail/gps_inject_data__traits.hpp
[164.537s] -- Symlinking: /home/ansl/ca_ws/install/px4_msgs/include/px4_msgs/px4_msgs/msg/detail/gps_inject_data__type_support.hpp
[164.542s] -- Symlinking: /home/ansl/ca_ws/install/px4_msgs/include/px4_msgs/px4_msgs/msg/detail/gripper__builder.hpp
[164.547s] -- Symlinking: /home/ansl/ca_ws/install/px4_msgs/include/px4_msgs/px4_msgs/msg/detail/gripper__struct.hpp
[164.552s] -- Symlinking: /home/ansl/ca_ws/install/px4_msgs/include/px4_msgs/px4_msgs/msg/detail/gripper__traits.hpp
[164.557s] -- Symlinking: /home/ansl/ca_ws/install/px4_msgs/include/px4_msgs/px4_msgs/msg/detail/gripper__type_support.hpp
[164.562s] -- Symlinking: /home/ansl/ca_ws/install/px4_msgs/include/px4_msgs/px4_msgs/msg/detail/health_report__builder.hpp
[164.567s] -- Symlinking: /home/ansl/ca_ws/install/px4_msgs/include/px4_msgs/px4_msgs/msg/detail/health_report__struct.hpp
[164.573s] -- Symlinking: /home/ansl/ca_ws/install/px4_msgs/include/px4_msgs/px4_msgs/msg/detail/health_report__traits.hpp
[164.578s] -- Symlinking: /home/ansl/ca_ws/install/px4_msgs/include/px4_msgs/px4_msgs/msg/detail/health_report__type_support.hpp
[164.582s] -- Symlinking: /home/ansl/ca_ws/install/px4_msgs/include/px4_msgs/px4_msgs/msg/detail/heater_status__builder.hpp
[164.588s] -- Symlinking: /home/ansl/ca_ws/install/px4_msgs/include/px4_msgs/px4_msgs/msg/detail/heater_status__struct.hpp
[164.593s] -- Symlinking: /home/ansl/ca_ws/install/px4_msgs/include/px4_msgs/px4_msgs/msg/detail/heater_status__traits.hpp
[164.598s] -- Symlinking: /home/ansl/ca_ws/install/px4_msgs/include/px4_msgs/px4_msgs/msg/detail/heater_status__type_support.hpp
[164.603s] -- Symlinking: /home/ansl/ca_ws/install/px4_msgs/include/px4_msgs/px4_msgs/msg/detail/home_position__builder.hpp
[164.608s] -- Symlinking: /home/ansl/ca_ws/install/px4_msgs/include/px4_msgs/px4_msgs/msg/detail/home_position__struct.hpp
[164.614s] -- Symlinking: /home/ansl/ca_ws/install/px4_msgs/include/px4_msgs/px4_msgs/msg/detail/home_position__traits.hpp
[164.619s] -- Symlinking: /home/ansl/ca_ws/install/px4_msgs/include/px4_msgs/px4_msgs/msg/detail/home_position__type_support.hpp
[164.623s] -- Symlinking: /home/ansl/ca_ws/install/px4_msgs/include/px4_msgs/px4_msgs/msg/detail/hover_thrust_estimate__builder.hpp
[164.628s] -- Symlinking: /home/ansl/ca_ws/install/px4_msgs/include/px4_msgs/px4_msgs/msg/detail/hover_thrust_estimate__struct.hpp
[164.633s] -- Symlinking: /home/ansl/ca_ws/install/px4_msgs/include/px4_msgs/px4_msgs/msg/detail/hover_thrust_estimate__traits.hpp
[164.638s] -- Symlinking: /home/ansl/ca_ws/install/px4_msgs/include/px4_msgs/px4_msgs/msg/detail/hover_thrust_estimate__type_support.hpp
[164.643s] -- Symlinking: /home/ansl/ca_ws/install/px4_msgs/include/px4_msgs/px4_msgs/msg/detail/input_rc__builder.hpp
[164.649s] -- Symlinking: /home/ansl/ca_ws/install/px4_msgs/include/px4_msgs/px4_msgs/msg/detail/input_rc__struct.hpp
[164.654s] -- Symlinking: /home/ansl/ca_ws/install/px4_msgs/include/px4_msgs/px4_msgs/msg/detail/input_rc__traits.hpp
[164.659s] -- Symlinking: /home/ansl/ca_ws/install/px4_msgs/include/px4_msgs/px4_msgs/msg/detail/input_rc__type_support.hpp
[164.664s] -- Symlinking: /home/ansl/ca_ws/install/px4_msgs/include/px4_msgs/px4_msgs/msg/detail/input_tau__builder.hpp
[164.669s] -- Symlinking: /home/ansl/ca_ws/install/px4_msgs/include/px4_msgs/px4_msgs/msg/detail/input_tau__struct.hpp
[164.674s] -- Symlinking: /home/ansl/ca_ws/install/px4_msgs/include/px4_msgs/px4_msgs/msg/detail/input_tau__traits.hpp
[164.679s] -- Symlinking: /home/ansl/ca_ws/install/px4_msgs/include/px4_msgs/px4_msgs/msg/detail/input_tau__type_support.hpp
[164.684s] -- Symlinking: /home/ansl/ca_ws/install/px4_msgs/include/px4_msgs/px4_msgs/msg/detail/internal_combustion_engine_status__builder.hpp
[164.689s] -- Symlinking: /home/ansl/ca_ws/install/px4_msgs/include/px4_msgs/px4_msgs/msg/detail/internal_combustion_engine_status__struct.hpp
[164.694s] -- Symlinking: /home/ansl/ca_ws/install/px4_msgs/include/px4_msgs/px4_msgs/msg/detail/internal_combustion_engine_status__traits.hpp
[164.700s] -- Symlinking: /home/ansl/ca_ws/install/px4_msgs/include/px4_msgs/px4_msgs/msg/detail/internal_combustion_engine_status__type_support.hpp
[164.705s] -- Symlinking: /home/ansl/ca_ws/install/px4_msgs/include/px4_msgs/px4_msgs/msg/detail/iridiumsbd_status__builder.hpp
[164.710s] -- Symlinking: /home/ansl/ca_ws/install/px4_msgs/include/px4_msgs/px4_msgs/msg/detail/iridiumsbd_status__struct.hpp
[164.715s] -- Symlinking: /home/ansl/ca_ws/install/px4_msgs/include/px4_msgs/px4_msgs/msg/detail/iridiumsbd_status__traits.hpp
[164.721s] -- Symlinking: /home/ansl/ca_ws/install/px4_msgs/include/px4_msgs/px4_msgs/msg/detail/iridiumsbd_status__type_support.hpp
[164.726s] -- Symlinking: /home/ansl/ca_ws/install/px4_msgs/include/px4_msgs/px4_msgs/msg/detail/irlock_report__builder.hpp
[164.731s] -- Symlinking: /home/ansl/ca_ws/install/px4_msgs/include/px4_msgs/px4_msgs/msg/detail/irlock_report__struct.hpp
[164.737s] -- Symlinking: /home/ansl/ca_ws/install/px4_msgs/include/px4_msgs/px4_msgs/msg/detail/irlock_report__traits.hpp
[164.742s] -- Symlinking: /home/ansl/ca_ws/install/px4_msgs/include/px4_msgs/px4_msgs/msg/detail/irlock_report__type_support.hpp
[164.747s] -- Symlinking: /home/ansl/ca_ws/install/px4_msgs/include/px4_msgs/px4_msgs/msg/detail/landing_gear__builder.hpp
[164.752s] -- Symlinking: /home/ansl/ca_ws/install/px4_msgs/include/px4_msgs/px4_msgs/msg/detail/landing_gear__struct.hpp
[164.757s] -- Symlinking: /home/ansl/ca_ws/install/px4_msgs/include/px4_msgs/px4_msgs/msg/detail/landing_gear__traits.hpp
[164.763s] -- Symlinking: /home/ansl/ca_ws/install/px4_msgs/include/px4_msgs/px4_msgs/msg/detail/landing_gear__type_support.hpp
[164.768s] -- Symlinking: /home/ansl/ca_ws/install/px4_msgs/include/px4_msgs/px4_msgs/msg/detail/landing_gear_wheel__builder.hpp
[164.773s] -- Symlinking: /home/ansl/ca_ws/install/px4_msgs/include/px4_msgs/px4_msgs/msg/detail/landing_gear_wheel__struct.hpp
[164.778s] -- Symlinking: /home/ansl/ca_ws/install/px4_msgs/include/px4_msgs/px4_msgs/msg/detail/landing_gear_wheel__traits.hpp
[164.784s] -- Symlinking: /home/ansl/ca_ws/install/px4_msgs/include/px4_msgs/px4_msgs/msg/detail/landing_gear_wheel__type_support.hpp
[164.789s] -- Symlinking: /home/ansl/ca_ws/install/px4_msgs/include/px4_msgs/px4_msgs/msg/detail/landing_target_innovations__builder.hpp
[164.794s] -- Symlinking: /home/ansl/ca_ws/install/px4_msgs/include/px4_msgs/px4_msgs/msg/detail/landing_target_innovations__struct.hpp
[164.799s] -- Symlinking: /home/ansl/ca_ws/install/px4_msgs/include/px4_msgs/px4_msgs/msg/detail/landing_target_innovations__traits.hpp
[164.805s] -- Symlinking: /home/ansl/ca_ws/install/px4_msgs/include/px4_msgs/px4_msgs/msg/detail/landing_target_innovations__type_support.hpp
[164.810s] -- Symlinking: /home/ansl/ca_ws/install/px4_msgs/include/px4_msgs/px4_msgs/msg/detail/landing_target_pose__builder.hpp
[164.815s] -- Symlinking: /home/ansl/ca_ws/install/px4_msgs/include/px4_msgs/px4_msgs/msg/detail/landing_target_pose__struct.hpp
[164.820s] -- Symlinking: /home/ansl/ca_ws/install/px4_msgs/include/px4_msgs/px4_msgs/msg/detail/landing_target_pose__traits.hpp
[164.826s] -- Symlinking: /home/ansl/ca_ws/install/px4_msgs/include/px4_msgs/px4_msgs/msg/detail/landing_target_pose__type_support.hpp
[164.831s] -- Symlinking: /home/ansl/ca_ws/install/px4_msgs/include/px4_msgs/px4_msgs/msg/detail/launch_detection_status__builder.hpp
[164.836s] -- Symlinking: /home/ansl/ca_ws/install/px4_msgs/include/px4_msgs/px4_msgs/msg/detail/launch_detection_status__struct.hpp
[164.842s] -- Symlinking: /home/ansl/ca_ws/install/px4_msgs/include/px4_msgs/px4_msgs/msg/detail/launch_detection_status__traits.hpp
[164.847s] -- Symlinking: /home/ansl/ca_ws/install/px4_msgs/include/px4_msgs/px4_msgs/msg/detail/launch_detection_status__type_support.hpp
[164.852s] -- Symlinking: /home/ansl/ca_ws/install/px4_msgs/include/px4_msgs/px4_msgs/msg/detail/led_control__builder.hpp
[164.858s] -- Symlinking: /home/ansl/ca_ws/install/px4_msgs/include/px4_msgs/px4_msgs/msg/detail/led_control__struct.hpp
[164.863s] -- Symlinking: /home/ansl/ca_ws/install/px4_msgs/include/px4_msgs/px4_msgs/msg/detail/led_control__traits.hpp
[164.868s] -- Symlinking: /home/ansl/ca_ws/install/px4_msgs/include/px4_msgs/px4_msgs/msg/detail/led_control__type_support.hpp
[164.873s] -- Symlinking: /home/ansl/ca_ws/install/px4_msgs/include/px4_msgs/px4_msgs/msg/detail/log_message__builder.hpp
[164.879s] -- Symlinking: /home/ansl/ca_ws/install/px4_msgs/include/px4_msgs/px4_msgs/msg/detail/log_message__struct.hpp
[164.884s] -- Symlinking: /home/ansl/ca_ws/install/px4_msgs/include/px4_msgs/px4_msgs/msg/detail/log_message__traits.hpp
[164.889s] -- Symlinking: /home/ansl/ca_ws/install/px4_msgs/include/px4_msgs/px4_msgs/msg/detail/log_message__type_support.hpp
[164.895s] -- Symlinking: /home/ansl/ca_ws/install/px4_msgs/include/px4_msgs/px4_msgs/msg/detail/logger_status__builder.hpp
[164.901s] -- Symlinking: /home/ansl/ca_ws/install/px4_msgs/include/px4_msgs/px4_msgs/msg/detail/logger_status__struct.hpp
[164.908s] -- Symlinking: /home/ansl/ca_ws/install/px4_msgs/include/px4_msgs/px4_msgs/msg/detail/logger_status__traits.hpp
[164.913s] -- Symlinking: /home/ansl/ca_ws/install/px4_msgs/include/px4_msgs/px4_msgs/msg/detail/logger_status__type_support.hpp
[164.920s] -- Symlinking: /home/ansl/ca_ws/install/px4_msgs/include/px4_msgs/px4_msgs/msg/detail/mag_worker_data__builder.hpp
[164.925s] -- Symlinking: /home/ansl/ca_ws/install/px4_msgs/include/px4_msgs/px4_msgs/msg/detail/mag_worker_data__struct.hpp
[164.930s] -- Symlinking: /home/ansl/ca_ws/install/px4_msgs/include/px4_msgs/px4_msgs/msg/detail/mag_worker_data__traits.hpp
[164.937s] -- Symlinking: /home/ansl/ca_ws/install/px4_msgs/include/px4_msgs/px4_msgs/msg/detail/mag_worker_data__type_support.hpp
[164.943s] -- Symlinking: /home/ansl/ca_ws/install/px4_msgs/include/px4_msgs/px4_msgs/msg/detail/magnetometer_bias_estimate__builder.hpp
[164.949s] -- Symlinking: /home/ansl/ca_ws/install/px4_msgs/include/px4_msgs/px4_msgs/msg/detail/magnetometer_bias_estimate__struct.hpp
[164.954s] -- Symlinking: /home/ansl/ca_ws/install/px4_msgs/include/px4_msgs/px4_msgs/msg/detail/magnetometer_bias_estimate__traits.hpp
[164.961s] -- Symlinking: /home/ansl/ca_ws/install/px4_msgs/include/px4_msgs/px4_msgs/msg/detail/magnetometer_bias_estimate__type_support.hpp
[164.967s] -- Symlinking: /home/ansl/ca_ws/install/px4_msgs/include/px4_msgs/px4_msgs/msg/detail/manual_control_setpoint__builder.hpp
[164.973s] -- Symlinking: /home/ansl/ca_ws/install/px4_msgs/include/px4_msgs/px4_msgs/msg/detail/manual_control_setpoint__struct.hpp
[164.978s] -- Symlinking: /home/ansl/ca_ws/install/px4_msgs/include/px4_msgs/px4_msgs/msg/detail/manual_control_setpoint__traits.hpp
[164.985s] -- Symlinking: /home/ansl/ca_ws/install/px4_msgs/include/px4_msgs/px4_msgs/msg/detail/manual_control_setpoint__type_support.hpp
[164.990s] -- Symlinking: /home/ansl/ca_ws/install/px4_msgs/include/px4_msgs/px4_msgs/msg/detail/manual_control_switches__builder.hpp
[164.996s] -- Symlinking: /home/ansl/ca_ws/install/px4_msgs/include/px4_msgs/px4_msgs/msg/detail/manual_control_switches__struct.hpp
[165.001s] -- Symlinking: /home/ansl/ca_ws/install/px4_msgs/include/px4_msgs/px4_msgs/msg/detail/manual_control_switches__traits.hpp
[165.007s] -- Symlinking: /home/ansl/ca_ws/install/px4_msgs/include/px4_msgs/px4_msgs/msg/detail/manual_control_switches__type_support.hpp
[165.013s] -- Symlinking: /home/ansl/ca_ws/install/px4_msgs/include/px4_msgs/px4_msgs/msg/detail/mavlink_log__builder.hpp
[165.018s] -- Symlinking: /home/ansl/ca_ws/install/px4_msgs/include/px4_msgs/px4_msgs/msg/detail/mavlink_log__struct.hpp
[165.024s] -- Symlinking: /home/ansl/ca_ws/install/px4_msgs/include/px4_msgs/px4_msgs/msg/detail/mavlink_log__traits.hpp
[165.029s] -- Symlinking: /home/ansl/ca_ws/install/px4_msgs/include/px4_msgs/px4_msgs/msg/detail/mavlink_log__type_support.hpp
[165.035s] -- Symlinking: /home/ansl/ca_ws/install/px4_msgs/include/px4_msgs/px4_msgs/msg/detail/mavlink_tunnel__builder.hpp
[165.041s] -- Symlinking: /home/ansl/ca_ws/install/px4_msgs/include/px4_msgs/px4_msgs/msg/detail/mavlink_tunnel__struct.hpp
[165.046s] -- Symlinking: /home/ansl/ca_ws/install/px4_msgs/include/px4_msgs/px4_msgs/msg/detail/mavlink_tunnel__traits.hpp
[165.053s] -- Symlinking: /home/ansl/ca_ws/install/px4_msgs/include/px4_msgs/px4_msgs/msg/detail/mavlink_tunnel__type_support.hpp
[165.058s] -- Symlinking: /home/ansl/ca_ws/install/px4_msgs/include/px4_msgs/px4_msgs/msg/detail/mission__builder.hpp
[165.064s] -- Symlinking: /home/ansl/ca_ws/install/px4_msgs/include/px4_msgs/px4_msgs/msg/detail/mission__struct.hpp
[165.069s] -- Symlinking: /home/ansl/ca_ws/install/px4_msgs/include/px4_msgs/px4_msgs/msg/detail/mission__traits.hpp
[165.074s] -- Symlinking: /home/ansl/ca_ws/install/px4_msgs/include/px4_msgs/px4_msgs/msg/detail/mission__type_support.hpp
[165.081s] -- Symlinking: /home/ansl/ca_ws/install/px4_msgs/include/px4_msgs/px4_msgs/msg/detail/mission_result__builder.hpp
[165.086s] -- Symlinking: /home/ansl/ca_ws/install/px4_msgs/include/px4_msgs/px4_msgs/msg/detail/mission_result__struct.hpp
[165.092s] -- Symlinking: /home/ansl/ca_ws/install/px4_msgs/include/px4_msgs/px4_msgs/msg/detail/mission_result__traits.hpp
[165.098s] -- Symlinking: /home/ansl/ca_ws/install/px4_msgs/include/px4_msgs/px4_msgs/msg/detail/mission_result__type_support.hpp
[165.104s] -- Symlinking: /home/ansl/ca_ws/install/px4_msgs/include/px4_msgs/px4_msgs/msg/detail/mode_completed__builder.hpp
[165.110s] -- Symlinking: /home/ansl/ca_ws/install/px4_msgs/include/px4_msgs/px4_msgs/msg/detail/mode_completed__struct.hpp
[165.115s] -- Symlinking: /home/ansl/ca_ws/install/px4_msgs/include/px4_msgs/px4_msgs/msg/detail/mode_completed__traits.hpp
[165.122s] -- Symlinking: /home/ansl/ca_ws/install/px4_msgs/include/px4_msgs/px4_msgs/msg/detail/mode_completed__type_support.hpp
[165.128s] -- Symlinking: /home/ansl/ca_ws/install/px4_msgs/include/px4_msgs/px4_msgs/msg/detail/mode_flag__builder.hpp
[165.134s] -- Symlinking: /home/ansl/ca_ws/install/px4_msgs/include/px4_msgs/px4_msgs/msg/detail/mode_flag__struct.hpp
[165.140s] -- Symlinking: /home/ansl/ca_ws/install/px4_msgs/include/px4_msgs/px4_msgs/msg/detail/mode_flag__traits.hpp
[165.146s] -- Symlinking: /home/ansl/ca_ws/install/px4_msgs/include/px4_msgs/px4_msgs/msg/detail/mode_flag__type_support.hpp
[165.152s] -- Symlinking: /home/ansl/ca_ws/install/px4_msgs/include/px4_msgs/px4_msgs/msg/detail/mount_orientation__builder.hpp
[165.158s] -- Symlinking: /home/ansl/ca_ws/install/px4_msgs/include/px4_msgs/px4_msgs/msg/detail/mount_orientation__struct.hpp
[165.164s] -- Symlinking: /home/ansl/ca_ws/install/px4_msgs/include/px4_msgs/px4_msgs/msg/detail/mount_orientation__traits.hpp
[165.169s] -- Symlinking: /home/ansl/ca_ws/install/px4_msgs/include/px4_msgs/px4_msgs/msg/detail/mount_orientation__type_support.hpp
[165.175s] -- Symlinking: /home/ansl/ca_ws/install/px4_msgs/include/px4_msgs/px4_msgs/msg/detail/navigator_mission_item__builder.hpp
[165.180s] -- Symlinking: /home/ansl/ca_ws/install/px4_msgs/include/px4_msgs/px4_msgs/msg/detail/navigator_mission_item__struct.hpp
[165.186s] -- Symlinking: /home/ansl/ca_ws/install/px4_msgs/include/px4_msgs/px4_msgs/msg/detail/navigator_mission_item__traits.hpp
[165.192s] -- Symlinking: /home/ansl/ca_ws/install/px4_msgs/include/px4_msgs/px4_msgs/msg/detail/navigator_mission_item__type_support.hpp
[165.198s] -- Symlinking: /home/ansl/ca_ws/install/px4_msgs/include/px4_msgs/px4_msgs/msg/detail/normalized_unsigned_setpoint__builder.hpp
[165.203s] -- Symlinking: /home/ansl/ca_ws/install/px4_msgs/include/px4_msgs/px4_msgs/msg/detail/normalized_unsigned_setpoint__struct.hpp
[165.209s] -- Symlinking: /home/ansl/ca_ws/install/px4_msgs/include/px4_msgs/px4_msgs/msg/detail/normalized_unsigned_setpoint__traits.hpp
[165.215s] -- Symlinking: /home/ansl/ca_ws/install/px4_msgs/include/px4_msgs/px4_msgs/msg/detail/normalized_unsigned_setpoint__type_support.hpp
[165.220s] -- Symlinking: /home/ansl/ca_ws/install/px4_msgs/include/px4_msgs/px4_msgs/msg/detail/npfg_status__builder.hpp
[165.227s] -- Symlinking: /home/ansl/ca_ws/install/px4_msgs/include/px4_msgs/px4_msgs/msg/detail/npfg_status__struct.hpp
[165.233s] -- Symlinking: /home/ansl/ca_ws/install/px4_msgs/include/px4_msgs/px4_msgs/msg/detail/npfg_status__traits.hpp
[165.238s] -- Symlinking: /home/ansl/ca_ws/install/px4_msgs/include/px4_msgs/px4_msgs/msg/detail/npfg_status__type_support.hpp
[165.243s] -- Symlinking: /home/ansl/ca_ws/install/px4_msgs/include/px4_msgs/px4_msgs/msg/detail/obstacle_distance__builder.hpp
[165.250s] -- Symlinking: /home/ansl/ca_ws/install/px4_msgs/include/px4_msgs/px4_msgs/msg/detail/obstacle_distance__struct.hpp
[165.255s] -- Symlinking: /home/ansl/ca_ws/install/px4_msgs/include/px4_msgs/px4_msgs/msg/detail/obstacle_distance__traits.hpp
[165.261s] -- Symlinking: /home/ansl/ca_ws/install/px4_msgs/include/px4_msgs/px4_msgs/msg/detail/obstacle_distance__type_support.hpp
[165.266s] -- Symlinking: /home/ansl/ca_ws/install/px4_msgs/include/px4_msgs/px4_msgs/msg/detail/offboard_control_mode__builder.hpp
[165.271s] -- Symlinking: /home/ansl/ca_ws/install/px4_msgs/include/px4_msgs/px4_msgs/msg/detail/offboard_control_mode__struct.hpp
[165.277s] -- Symlinking: /home/ansl/ca_ws/install/px4_msgs/include/px4_msgs/px4_msgs/msg/detail/offboard_control_mode__traits.hpp
[165.282s] -- Symlinking: /home/ansl/ca_ws/install/px4_msgs/include/px4_msgs/px4_msgs/msg/detail/offboard_control_mode__type_support.hpp
[165.288s] -- Symlinking: /home/ansl/ca_ws/install/px4_msgs/include/px4_msgs/px4_msgs/msg/detail/onboard_computer_status__builder.hpp
[165.294s] -- Symlinking: /home/ansl/ca_ws/install/px4_msgs/include/px4_msgs/px4_msgs/msg/detail/onboard_computer_status__struct.hpp
[165.299s] -- Symlinking: /home/ansl/ca_ws/install/px4_msgs/include/px4_msgs/px4_msgs/msg/detail/onboard_computer_status__traits.hpp
[165.305s] -- Symlinking: /home/ansl/ca_ws/install/px4_msgs/include/px4_msgs/px4_msgs/msg/detail/onboard_computer_status__type_support.hpp
[165.310s] -- Symlinking: /home/ansl/ca_ws/install/px4_msgs/include/px4_msgs/px4_msgs/msg/detail/orb_test__builder.hpp
[165.316s] -- Symlinking: /home/ansl/ca_ws/install/px4_msgs/include/px4_msgs/px4_msgs/msg/detail/orb_test__struct.hpp
[165.322s] -- Symlinking: /home/ansl/ca_ws/install/px4_msgs/include/px4_msgs/px4_msgs/msg/detail/orb_test__traits.hpp
[165.327s] -- Symlinking: /home/ansl/ca_ws/install/px4_msgs/include/px4_msgs/px4_msgs/msg/detail/orb_test__type_support.hpp
[165.333s] -- Symlinking: /home/ansl/ca_ws/install/px4_msgs/include/px4_msgs/px4_msgs/msg/detail/orb_test_large__builder.hpp
[165.339s] -- Symlinking: /home/ansl/ca_ws/install/px4_msgs/include/px4_msgs/px4_msgs/msg/detail/orb_test_large__struct.hpp
[165.345s] -- Symlinking: /home/ansl/ca_ws/install/px4_msgs/include/px4_msgs/px4_msgs/msg/detail/orb_test_large__traits.hpp
[165.353s] -- Symlinking: /home/ansl/ca_ws/install/px4_msgs/include/px4_msgs/px4_msgs/msg/detail/orb_test_large__type_support.hpp
[165.359s] -- Symlinking: /home/ansl/ca_ws/install/px4_msgs/include/px4_msgs/px4_msgs/msg/detail/orb_test_medium__builder.hpp
[165.365s] -- Symlinking: /home/ansl/ca_ws/install/px4_msgs/include/px4_msgs/px4_msgs/msg/detail/orb_test_medium__struct.hpp
[165.371s] -- Symlinking: /home/ansl/ca_ws/install/px4_msgs/include/px4_msgs/px4_msgs/msg/detail/orb_test_medium__traits.hpp
[165.377s] -- Symlinking: /home/ansl/ca_ws/install/px4_msgs/include/px4_msgs/px4_msgs/msg/detail/orb_test_medium__type_support.hpp
[165.383s] -- Symlinking: /home/ansl/ca_ws/install/px4_msgs/include/px4_msgs/px4_msgs/msg/detail/orbit_status__builder.hpp
[165.389s] -- Symlinking: /home/ansl/ca_ws/install/px4_msgs/include/px4_msgs/px4_msgs/msg/detail/orbit_status__struct.hpp
[165.395s] -- Symlinking: /home/ansl/ca_ws/install/px4_msgs/include/px4_msgs/px4_msgs/msg/detail/orbit_status__traits.hpp
[165.401s] -- Symlinking: /home/ansl/ca_ws/install/px4_msgs/include/px4_msgs/px4_msgs/msg/detail/orbit_status__type_support.hpp
[165.407s] -- Symlinking: /home/ansl/ca_ws/install/px4_msgs/include/px4_msgs/px4_msgs/msg/detail/output_test__builder.hpp
[165.413s] -- Symlinking: /home/ansl/ca_ws/install/px4_msgs/include/px4_msgs/px4_msgs/msg/detail/output_test__struct.hpp
[165.419s] -- Symlinking: /home/ansl/ca_ws/install/px4_msgs/include/px4_msgs/px4_msgs/msg/detail/output_test__traits.hpp
[165.425s] -- Symlinking: /home/ansl/ca_ws/install/px4_msgs/include/px4_msgs/px4_msgs/msg/detail/output_test__type_support.hpp
[165.431s] -- Symlinking: /home/ansl/ca_ws/install/px4_msgs/include/px4_msgs/px4_msgs/msg/detail/parameter_update__builder.hpp
[165.437s] -- Symlinking: /home/ansl/ca_ws/install/px4_msgs/include/px4_msgs/px4_msgs/msg/detail/parameter_update__struct.hpp
[165.443s] -- Symlinking: /home/ansl/ca_ws/install/px4_msgs/include/px4_msgs/px4_msgs/msg/detail/parameter_update__traits.hpp
[165.448s] -- Symlinking: /home/ansl/ca_ws/install/px4_msgs/include/px4_msgs/px4_msgs/msg/detail/parameter_update__type_support.hpp
[165.453s] -- Symlinking: /home/ansl/ca_ws/install/px4_msgs/include/px4_msgs/px4_msgs/msg/detail/ping__builder.hpp
[165.460s] -- Symlinking: /home/ansl/ca_ws/install/px4_msgs/include/px4_msgs/px4_msgs/msg/detail/ping__struct.hpp
[165.466s] -- Symlinking: /home/ansl/ca_ws/install/px4_msgs/include/px4_msgs/px4_msgs/msg/detail/ping__traits.hpp
[165.472s] -- Symlinking: /home/ansl/ca_ws/install/px4_msgs/include/px4_msgs/px4_msgs/msg/detail/ping__type_support.hpp
[165.478s] -- Symlinking: /home/ansl/ca_ws/install/px4_msgs/include/px4_msgs/px4_msgs/msg/detail/position_controller_landing_status__builder.hpp
[165.485s] -- Symlinking: /home/ansl/ca_ws/install/px4_msgs/include/px4_msgs/px4_msgs/msg/detail/position_controller_landing_status__struct.hpp
[165.490s] -- Symlinking: /home/ansl/ca_ws/install/px4_msgs/include/px4_msgs/px4_msgs/msg/detail/position_controller_landing_status__traits.hpp
[165.495s] -- Symlinking: /home/ansl/ca_ws/install/px4_msgs/include/px4_msgs/px4_msgs/msg/detail/position_controller_landing_status__type_support.hpp
[165.502s] -- Symlinking: /home/ansl/ca_ws/install/px4_msgs/include/px4_msgs/px4_msgs/msg/detail/position_controller_status__builder.hpp
[165.507s] -- Symlinking: /home/ansl/ca_ws/install/px4_msgs/include/px4_msgs/px4_msgs/msg/detail/position_controller_status__struct.hpp
[165.512s] -- Symlinking: /home/ansl/ca_ws/install/px4_msgs/include/px4_msgs/px4_msgs/msg/detail/position_controller_status__traits.hpp
[165.519s] -- Symlinking: /home/ansl/ca_ws/install/px4_msgs/include/px4_msgs/px4_msgs/msg/detail/position_controller_status__type_support.hpp
[165.524s] -- Symlinking: /home/ansl/ca_ws/install/px4_msgs/include/px4_msgs/px4_msgs/msg/detail/position_setpoint__builder.hpp
[165.531s] -- Symlinking: /home/ansl/ca_ws/install/px4_msgs/include/px4_msgs/px4_msgs/msg/detail/position_setpoint__struct.hpp
[165.536s] -- Symlinking: /home/ansl/ca_ws/install/px4_msgs/include/px4_msgs/px4_msgs/msg/detail/position_setpoint__traits.hpp
[165.541s] -- Symlinking: /home/ansl/ca_ws/install/px4_msgs/include/px4_msgs/px4_msgs/msg/detail/position_setpoint__type_support.hpp
[165.548s] -- Symlinking: /home/ansl/ca_ws/install/px4_msgs/include/px4_msgs/px4_msgs/msg/detail/position_setpoint_triplet__builder.hpp
[165.553s] -- Symlinking: /home/ansl/ca_ws/install/px4_msgs/include/px4_msgs/px4_msgs/msg/detail/position_setpoint_triplet__struct.hpp
[165.560s] -- Symlinking: /home/ansl/ca_ws/install/px4_msgs/include/px4_msgs/px4_msgs/msg/detail/position_setpoint_triplet__traits.hpp
[165.565s] -- Symlinking: /home/ansl/ca_ws/install/px4_msgs/include/px4_msgs/px4_msgs/msg/detail/position_setpoint_triplet__type_support.hpp
[165.572s] -- Symlinking: /home/ansl/ca_ws/install/px4_msgs/include/px4_msgs/px4_msgs/msg/detail/power_button_state__builder.hpp
[165.577s] -- Symlinking: /home/ansl/ca_ws/install/px4_msgs/include/px4_msgs/px4_msgs/msg/detail/power_button_state__struct.hpp
[165.583s] -- Symlinking: /home/ansl/ca_ws/install/px4_msgs/include/px4_msgs/px4_msgs/msg/detail/power_button_state__traits.hpp
[165.588s] -- Symlinking: /home/ansl/ca_ws/install/px4_msgs/include/px4_msgs/px4_msgs/msg/detail/power_button_state__type_support.hpp
[165.595s] -- Symlinking: /home/ansl/ca_ws/install/px4_msgs/include/px4_msgs/px4_msgs/msg/detail/power_monitor__builder.hpp
[165.601s] -- Symlinking: /home/ansl/ca_ws/install/px4_msgs/include/px4_msgs/px4_msgs/msg/detail/power_monitor__struct.hpp
[165.607s] -- Symlinking: /home/ansl/ca_ws/install/px4_msgs/include/px4_msgs/px4_msgs/msg/detail/power_monitor__traits.hpp
[165.612s] -- Symlinking: /home/ansl/ca_ws/install/px4_msgs/include/px4_msgs/px4_msgs/msg/detail/power_monitor__type_support.hpp
[165.618s] -- Symlinking: /home/ansl/ca_ws/install/px4_msgs/include/px4_msgs/px4_msgs/msg/detail/pps_capture__builder.hpp
[165.624s] -- Symlinking: /home/ansl/ca_ws/install/px4_msgs/include/px4_msgs/px4_msgs/msg/detail/pps_capture__struct.hpp
[165.630s] -- Symlinking: /home/ansl/ca_ws/install/px4_msgs/include/px4_msgs/px4_msgs/msg/detail/pps_capture__traits.hpp
[165.636s] -- Symlinking: /home/ansl/ca_ws/install/px4_msgs/include/px4_msgs/px4_msgs/msg/detail/pps_capture__type_support.hpp
[165.641s] -- Symlinking: /home/ansl/ca_ws/install/px4_msgs/include/px4_msgs/px4_msgs/msg/detail/pwm_input__builder.hpp
[165.647s] -- Symlinking: /home/ansl/ca_ws/install/px4_msgs/include/px4_msgs/px4_msgs/msg/detail/pwm_input__struct.hpp
[165.652s] -- Symlinking: /home/ansl/ca_ws/install/px4_msgs/include/px4_msgs/px4_msgs/msg/detail/pwm_input__traits.hpp
[165.657s] -- Symlinking: /home/ansl/ca_ws/install/px4_msgs/include/px4_msgs/px4_msgs/msg/detail/pwm_input__type_support.hpp
[165.663s] -- Symlinking: /home/ansl/ca_ws/install/px4_msgs/include/px4_msgs/px4_msgs/msg/detail/px4io_status__builder.hpp
[165.668s] -- Symlinking: /home/ansl/ca_ws/install/px4_msgs/include/px4_msgs/px4_msgs/msg/detail/px4io_status__struct.hpp
[165.674s] -- Symlinking: /home/ansl/ca_ws/install/px4_msgs/include/px4_msgs/px4_msgs/msg/detail/px4io_status__traits.hpp
[165.679s] -- Symlinking: /home/ansl/ca_ws/install/px4_msgs/include/px4_msgs/px4_msgs/msg/detail/px4io_status__type_support.hpp
[165.686s] -- Symlinking: /home/ansl/ca_ws/install/px4_msgs/include/px4_msgs/px4_msgs/msg/detail/qshell_req__builder.hpp
[165.691s] -- Symlinking: /home/ansl/ca_ws/install/px4_msgs/include/px4_msgs/px4_msgs/msg/detail/qshell_req__struct.hpp
[165.697s] -- Symlinking: /home/ansl/ca_ws/install/px4_msgs/include/px4_msgs/px4_msgs/msg/detail/qshell_req__traits.hpp
[165.702s] -- Symlinking: /home/ansl/ca_ws/install/px4_msgs/include/px4_msgs/px4_msgs/msg/detail/qshell_req__type_support.hpp
[165.707s] -- Symlinking: /home/ansl/ca_ws/install/px4_msgs/include/px4_msgs/px4_msgs/msg/detail/qshell_retval__builder.hpp
[165.712s] -- Symlinking: /home/ansl/ca_ws/install/px4_msgs/include/px4_msgs/px4_msgs/msg/detail/qshell_retval__struct.hpp
[165.718s] -- Symlinking: /home/ansl/ca_ws/install/px4_msgs/include/px4_msgs/px4_msgs/msg/detail/qshell_retval__traits.hpp
[165.724s] -- Symlinking: /home/ansl/ca_ws/install/px4_msgs/include/px4_msgs/px4_msgs/msg/detail/qshell_retval__type_support.hpp
[165.730s] -- Symlinking: /home/ansl/ca_ws/install/px4_msgs/include/px4_msgs/px4_msgs/msg/detail/radio_status__builder.hpp
[165.735s] -- Symlinking: /home/ansl/ca_ws/install/px4_msgs/include/px4_msgs/px4_msgs/msg/detail/radio_status__struct.hpp
[165.741s] -- Symlinking: /home/ansl/ca_ws/install/px4_msgs/include/px4_msgs/px4_msgs/msg/detail/radio_status__traits.hpp
[165.747s] -- Symlinking: /home/ansl/ca_ws/install/px4_msgs/include/px4_msgs/px4_msgs/msg/detail/radio_status__type_support.hpp
[165.753s] -- Symlinking: /home/ansl/ca_ws/install/px4_msgs/include/px4_msgs/px4_msgs/msg/detail/rate_ctrl_status__builder.hpp
[165.759s] -- Symlinking: /home/ansl/ca_ws/install/px4_msgs/include/px4_msgs/px4_msgs/msg/detail/rate_ctrl_status__struct.hpp
[165.765s] -- Symlinking: /home/ansl/ca_ws/install/px4_msgs/include/px4_msgs/px4_msgs/msg/detail/rate_ctrl_status__traits.hpp
[165.771s] -- Symlinking: /home/ansl/ca_ws/install/px4_msgs/include/px4_msgs/px4_msgs/msg/detail/rate_ctrl_status__type_support.hpp
[165.776s] -- Symlinking: /home/ansl/ca_ws/install/px4_msgs/include/px4_msgs/px4_msgs/msg/detail/rc_channels__builder.hpp
[165.782s] -- Symlinking: /home/ansl/ca_ws/install/px4_msgs/include/px4_msgs/px4_msgs/msg/detail/rc_channels__struct.hpp
[165.787s] -- Symlinking: /home/ansl/ca_ws/install/px4_msgs/include/px4_msgs/px4_msgs/msg/detail/rc_channels__traits.hpp
[165.793s] -- Symlinking: /home/ansl/ca_ws/install/px4_msgs/include/px4_msgs/px4_msgs/msg/detail/rc_channels__type_support.hpp
[165.798s] -- Symlinking: /home/ansl/ca_ws/install/px4_msgs/include/px4_msgs/px4_msgs/msg/detail/rc_parameter_map__builder.hpp
[165.803s] -- Symlinking: /home/ansl/ca_ws/install/px4_msgs/include/px4_msgs/px4_msgs/msg/detail/rc_parameter_map__struct.hpp
[165.809s] -- Symlinking: /home/ansl/ca_ws/install/px4_msgs/include/px4_msgs/px4_msgs/msg/detail/rc_parameter_map__traits.hpp
[165.814s] -- Symlinking: /home/ansl/ca_ws/install/px4_msgs/include/px4_msgs/px4_msgs/msg/detail/rc_parameter_map__type_support.hpp
[165.820s] -- Symlinking: /home/ansl/ca_ws/install/px4_msgs/include/px4_msgs/px4_msgs/msg/detail/rpm__builder.hpp
[165.826s] -- Symlinking: /home/ansl/ca_ws/install/px4_msgs/include/px4_msgs/px4_msgs/msg/detail/rpm__struct.hpp
[165.831s] -- Symlinking: /home/ansl/ca_ws/install/px4_msgs/include/px4_msgs/px4_msgs/msg/detail/rpm__traits.hpp
[165.837s] -- Symlinking: /home/ansl/ca_ws/install/px4_msgs/include/px4_msgs/px4_msgs/msg/detail/rpm__type_support.hpp
[165.842s] -- Symlinking: /home/ansl/ca_ws/install/px4_msgs/include/px4_msgs/px4_msgs/msg/detail/rtl_time_estimate__builder.hpp
[165.848s] -- Symlinking: /home/ansl/ca_ws/install/px4_msgs/include/px4_msgs/px4_msgs/msg/detail/rtl_time_estimate__struct.hpp
[165.853s] -- Symlinking: /home/ansl/ca_ws/install/px4_msgs/include/px4_msgs/px4_msgs/msg/detail/rtl_time_estimate__traits.hpp
[165.858s] -- Symlinking: /home/ansl/ca_ws/install/px4_msgs/include/px4_msgs/px4_msgs/msg/detail/rtl_time_estimate__type_support.hpp
[165.863s] -- Symlinking: /home/ansl/ca_ws/install/px4_msgs/include/px4_msgs/px4_msgs/msg/detail/satellite_info__builder.hpp
[165.870s] -- Symlinking: /home/ansl/ca_ws/install/px4_msgs/include/px4_msgs/px4_msgs/msg/detail/satellite_info__struct.hpp
[165.875s] -- Symlinking: /home/ansl/ca_ws/install/px4_msgs/include/px4_msgs/px4_msgs/msg/detail/satellite_info__traits.hpp
[165.881s] -- Symlinking: /home/ansl/ca_ws/install/px4_msgs/include/px4_msgs/px4_msgs/msg/detail/satellite_info__type_support.hpp
[165.886s] -- Symlinking: /home/ansl/ca_ws/install/px4_msgs/include/px4_msgs/px4_msgs/msg/detail/sensor_accel__builder.hpp
[165.892s] -- Symlinking: /home/ansl/ca_ws/install/px4_msgs/include/px4_msgs/px4_msgs/msg/detail/sensor_accel__struct.hpp
[165.897s] -- Symlinking: /home/ansl/ca_ws/install/px4_msgs/include/px4_msgs/px4_msgs/msg/detail/sensor_accel__traits.hpp
[165.902s] -- Symlinking: /home/ansl/ca_ws/install/px4_msgs/include/px4_msgs/px4_msgs/msg/detail/sensor_accel__type_support.hpp
[165.909s] -- Symlinking: /home/ansl/ca_ws/install/px4_msgs/include/px4_msgs/px4_msgs/msg/detail/sensor_accel_fifo__builder.hpp
[165.915s] -- Symlinking: /home/ansl/ca_ws/install/px4_msgs/include/px4_msgs/px4_msgs/msg/detail/sensor_accel_fifo__struct.hpp
[165.920s] -- Symlinking: /home/ansl/ca_ws/install/px4_msgs/include/px4_msgs/px4_msgs/msg/detail/sensor_accel_fifo__traits.hpp
[165.926s] -- Symlinking: /home/ansl/ca_ws/install/px4_msgs/include/px4_msgs/px4_msgs/msg/detail/sensor_accel_fifo__type_support.hpp
[165.931s] -- Symlinking: /home/ansl/ca_ws/install/px4_msgs/include/px4_msgs/px4_msgs/msg/detail/sensor_baro__builder.hpp
[165.936s] -- Symlinking: /home/ansl/ca_ws/install/px4_msgs/include/px4_msgs/px4_msgs/msg/detail/sensor_baro__struct.hpp
[165.942s] -- Symlinking: /home/ansl/ca_ws/install/px4_msgs/include/px4_msgs/px4_msgs/msg/detail/sensor_baro__traits.hpp
[165.948s] -- Symlinking: /home/ansl/ca_ws/install/px4_msgs/include/px4_msgs/px4_msgs/msg/detail/sensor_baro__type_support.hpp
[165.954s] -- Symlinking: /home/ansl/ca_ws/install/px4_msgs/include/px4_msgs/px4_msgs/msg/detail/sensor_combined__builder.hpp
[165.960s] -- Symlinking: /home/ansl/ca_ws/install/px4_msgs/include/px4_msgs/px4_msgs/msg/detail/sensor_combined__struct.hpp
[165.966s] -- Symlinking: /home/ansl/ca_ws/install/px4_msgs/include/px4_msgs/px4_msgs/msg/detail/sensor_combined__traits.hpp
[165.972s] -- Symlinking: /home/ansl/ca_ws/install/px4_msgs/include/px4_msgs/px4_msgs/msg/detail/sensor_combined__type_support.hpp
[165.979s] -- Symlinking: /home/ansl/ca_ws/install/px4_msgs/include/px4_msgs/px4_msgs/msg/detail/sensor_correction__builder.hpp
[165.984s] -- Symlinking: /home/ansl/ca_ws/install/px4_msgs/include/px4_msgs/px4_msgs/msg/detail/sensor_correction__struct.hpp
[165.990s] -- Symlinking: /home/ansl/ca_ws/install/px4_msgs/include/px4_msgs/px4_msgs/msg/detail/sensor_correction__traits.hpp
[165.997s] -- Symlinking: /home/ansl/ca_ws/install/px4_msgs/include/px4_msgs/px4_msgs/msg/detail/sensor_correction__type_support.hpp
[166.002s] -- Symlinking: /home/ansl/ca_ws/install/px4_msgs/include/px4_msgs/px4_msgs/msg/detail/sensor_gnss_relative__builder.hpp
[166.007s] -- Symlinking: /home/ansl/ca_ws/install/px4_msgs/include/px4_msgs/px4_msgs/msg/detail/sensor_gnss_relative__struct.hpp
[166.013s] -- Symlinking: /home/ansl/ca_ws/install/px4_msgs/include/px4_msgs/px4_msgs/msg/detail/sensor_gnss_relative__traits.hpp
[166.019s] -- Symlinking: /home/ansl/ca_ws/install/px4_msgs/include/px4_msgs/px4_msgs/msg/detail/sensor_gnss_relative__type_support.hpp
[166.024s] -- Symlinking: /home/ansl/ca_ws/install/px4_msgs/include/px4_msgs/px4_msgs/msg/detail/sensor_gps__builder.hpp
[166.029s] -- Symlinking: /home/ansl/ca_ws/install/px4_msgs/include/px4_msgs/px4_msgs/msg/detail/sensor_gps__struct.hpp
[166.035s] -- Symlinking: /home/ansl/ca_ws/install/px4_msgs/include/px4_msgs/px4_msgs/msg/detail/sensor_gps__traits.hpp
[166.041s] -- Symlinking: /home/ansl/ca_ws/install/px4_msgs/include/px4_msgs/px4_msgs/msg/detail/sensor_gps__type_support.hpp
[166.047s] -- Symlinking: /home/ansl/ca_ws/install/px4_msgs/include/px4_msgs/px4_msgs/msg/detail/sensor_gyro__builder.hpp
[166.052s] -- Symlinking: /home/ansl/ca_ws/install/px4_msgs/include/px4_msgs/px4_msgs/msg/detail/sensor_gyro__struct.hpp
[166.057s] -- Symlinking: /home/ansl/ca_ws/install/px4_msgs/include/px4_msgs/px4_msgs/msg/detail/sensor_gyro__traits.hpp
[166.064s] -- Symlinking: /home/ansl/ca_ws/install/px4_msgs/include/px4_msgs/px4_msgs/msg/detail/sensor_gyro__type_support.hpp
[166.070s] -- Symlinking: /home/ansl/ca_ws/install/px4_msgs/include/px4_msgs/px4_msgs/msg/detail/sensor_gyro_fft__builder.hpp
[166.075s] -- Symlinking: /home/ansl/ca_ws/install/px4_msgs/include/px4_msgs/px4_msgs/msg/detail/sensor_gyro_fft__struct.hpp
[166.081s] -- Symlinking: /home/ansl/ca_ws/install/px4_msgs/include/px4_msgs/px4_msgs/msg/detail/sensor_gyro_fft__traits.hpp
[166.086s] -- Symlinking: /home/ansl/ca_ws/install/px4_msgs/include/px4_msgs/px4_msgs/msg/detail/sensor_gyro_fft__type_support.hpp
[166.092s] -- Symlinking: /home/ansl/ca_ws/install/px4_msgs/include/px4_msgs/px4_msgs/msg/detail/sensor_gyro_fifo__builder.hpp
[166.097s] -- Symlinking: /home/ansl/ca_ws/install/px4_msgs/include/px4_msgs/px4_msgs/msg/detail/sensor_gyro_fifo__struct.hpp
[166.102s] -- Symlinking: /home/ansl/ca_ws/install/px4_msgs/include/px4_msgs/px4_msgs/msg/detail/sensor_gyro_fifo__traits.hpp
[166.108s] -- Symlinking: /home/ansl/ca_ws/install/px4_msgs/include/px4_msgs/px4_msgs/msg/detail/sensor_gyro_fifo__type_support.hpp
[166.114s] -- Symlinking: /home/ansl/ca_ws/install/px4_msgs/include/px4_msgs/px4_msgs/msg/detail/sensor_hygrometer__builder.hpp
[166.119s] -- Symlinking: /home/ansl/ca_ws/install/px4_msgs/include/px4_msgs/px4_msgs/msg/detail/sensor_hygrometer__struct.hpp
[166.126s] -- Symlinking: /home/ansl/ca_ws/install/px4_msgs/include/px4_msgs/px4_msgs/msg/detail/sensor_hygrometer__traits.hpp
[166.131s] -- Symlinking: /home/ansl/ca_ws/install/px4_msgs/include/px4_msgs/px4_msgs/msg/detail/sensor_hygrometer__type_support.hpp
[166.137s] -- Symlinking: /home/ansl/ca_ws/install/px4_msgs/include/px4_msgs/px4_msgs/msg/detail/sensor_mag__builder.hpp
[166.143s] -- Symlinking: /home/ansl/ca_ws/install/px4_msgs/include/px4_msgs/px4_msgs/msg/detail/sensor_mag__struct.hpp
[166.149s] -- Symlinking: /home/ansl/ca_ws/install/px4_msgs/include/px4_msgs/px4_msgs/msg/detail/sensor_mag__traits.hpp
[166.155s] -- Symlinking: /home/ansl/ca_ws/install/px4_msgs/include/px4_msgs/px4_msgs/msg/detail/sensor_mag__type_support.hpp
[166.161s] -- Symlinking: /home/ansl/ca_ws/install/px4_msgs/include/px4_msgs/px4_msgs/msg/detail/sensor_optical_flow__builder.hpp
[166.167s] -- Symlinking: /home/ansl/ca_ws/install/px4_msgs/include/px4_msgs/px4_msgs/msg/detail/sensor_optical_flow__struct.hpp
[166.173s] -- Symlinking: /home/ansl/ca_ws/install/px4_msgs/include/px4_msgs/px4_msgs/msg/detail/sensor_optical_flow__traits.hpp
[166.178s] -- Symlinking: /home/ansl/ca_ws/install/px4_msgs/include/px4_msgs/px4_msgs/msg/detail/sensor_optical_flow__type_support.hpp
[166.183s] -- Symlinking: /home/ansl/ca_ws/install/px4_msgs/include/px4_msgs/px4_msgs/msg/detail/sensor_preflight_mag__builder.hpp
[166.189s] -- Symlinking: /home/ansl/ca_ws/install/px4_msgs/include/px4_msgs/px4_msgs/msg/detail/sensor_preflight_mag__struct.hpp
[166.194s] -- Symlinking: /home/ansl/ca_ws/install/px4_msgs/include/px4_msgs/px4_msgs/msg/detail/sensor_preflight_mag__traits.hpp
[166.199s] -- Symlinking: /home/ansl/ca_ws/install/px4_msgs/include/px4_msgs/px4_msgs/msg/detail/sensor_preflight_mag__type_support.hpp
[166.205s] -- Symlinking: /home/ansl/ca_ws/install/px4_msgs/include/px4_msgs/px4_msgs/msg/detail/sensor_selection__builder.hpp
[166.210s] -- Symlinking: /home/ansl/ca_ws/install/px4_msgs/include/px4_msgs/px4_msgs/msg/detail/sensor_selection__struct.hpp
[166.217s] -- Symlinking: /home/ansl/ca_ws/install/px4_msgs/include/px4_msgs/px4_msgs/msg/detail/sensor_selection__traits.hpp
[166.222s] -- Symlinking: /home/ansl/ca_ws/install/px4_msgs/include/px4_msgs/px4_msgs/msg/detail/sensor_selection__type_support.hpp
[166.229s] -- Symlinking: /home/ansl/ca_ws/install/px4_msgs/include/px4_msgs/px4_msgs/msg/detail/sensor_uwb__builder.hpp
[166.235s] -- Symlinking: /home/ansl/ca_ws/install/px4_msgs/include/px4_msgs/px4_msgs/msg/detail/sensor_uwb__struct.hpp
[166.242s] -- Symlinking: /home/ansl/ca_ws/install/px4_msgs/include/px4_msgs/px4_msgs/msg/detail/sensor_uwb__traits.hpp
[166.247s] -- Symlinking: /home/ansl/ca_ws/install/px4_msgs/include/px4_msgs/px4_msgs/msg/detail/sensor_uwb__type_support.hpp
[166.252s] -- Symlinking: /home/ansl/ca_ws/install/px4_msgs/include/px4_msgs/px4_msgs/msg/detail/sensors_status__builder.hpp
[166.257s] -- Symlinking: /home/ansl/ca_ws/install/px4_msgs/include/px4_msgs/px4_msgs/msg/detail/sensors_status__struct.hpp
[166.264s] -- Symlinking: /home/ansl/ca_ws/install/px4_msgs/include/px4_msgs/px4_msgs/msg/detail/sensors_status__traits.hpp
[166.269s] -- Symlinking: /home/ansl/ca_ws/install/px4_msgs/include/px4_msgs/px4_msgs/msg/detail/sensors_status__type_support.hpp
[166.276s] -- Symlinking: /home/ansl/ca_ws/install/px4_msgs/include/px4_msgs/px4_msgs/msg/detail/sensors_status_imu__builder.hpp
[166.281s] -- Symlinking: /home/ansl/ca_ws/install/px4_msgs/include/px4_msgs/px4_msgs/msg/detail/sensors_status_imu__struct.hpp
[166.286s] -- Symlinking: /home/ansl/ca_ws/install/px4_msgs/include/px4_msgs/px4_msgs/msg/detail/sensors_status_imu__traits.hpp
[166.293s] -- Symlinking: /home/ansl/ca_ws/install/px4_msgs/include/px4_msgs/px4_msgs/msg/detail/sensors_status_imu__type_support.hpp
[166.298s] -- Symlinking: /home/ansl/ca_ws/install/px4_msgs/include/px4_msgs/px4_msgs/msg/detail/simulink_custom_message__builder.hpp
[166.304s] -- Symlinking: /home/ansl/ca_ws/install/px4_msgs/include/px4_msgs/px4_msgs/msg/detail/simulink_custom_message__struct.hpp
[166.309s] -- Symlinking: /home/ansl/ca_ws/install/px4_msgs/include/px4_msgs/px4_msgs/msg/detail/simulink_custom_message__traits.hpp
[166.316s] -- Symlinking: /home/ansl/ca_ws/install/px4_msgs/include/px4_msgs/px4_msgs/msg/detail/simulink_custom_message__type_support.hpp
[166.322s] -- Symlinking: /home/ansl/ca_ws/install/px4_msgs/include/px4_msgs/px4_msgs/msg/detail/states_and_actuators__builder.hpp
[166.328s] -- Symlinking: /home/ansl/ca_ws/install/px4_msgs/include/px4_msgs/px4_msgs/msg/detail/states_and_actuators__struct.hpp
[166.333s] -- Symlinking: /home/ansl/ca_ws/install/px4_msgs/include/px4_msgs/px4_msgs/msg/detail/states_and_actuators__traits.hpp
[166.338s] -- Symlinking: /home/ansl/ca_ws/install/px4_msgs/include/px4_msgs/px4_msgs/msg/detail/states_and_actuators__type_support.hpp
[166.345s] -- Symlinking: /home/ansl/ca_ws/install/px4_msgs/include/px4_msgs/px4_msgs/msg/detail/system_power__builder.hpp
[166.351s] -- Symlinking: /home/ansl/ca_ws/install/px4_msgs/include/px4_msgs/px4_msgs/msg/detail/system_power__struct.hpp
[166.357s] -- Symlinking: /home/ansl/ca_ws/install/px4_msgs/include/px4_msgs/px4_msgs/msg/detail/system_power__traits.hpp
[166.363s] -- Symlinking: /home/ansl/ca_ws/install/px4_msgs/include/px4_msgs/px4_msgs/msg/detail/system_power__type_support.hpp
[166.370s] -- Symlinking: /home/ansl/ca_ws/install/px4_msgs/include/px4_msgs/px4_msgs/msg/detail/takeoff_status__builder.hpp
[166.375s] -- Symlinking: /home/ansl/ca_ws/install/px4_msgs/include/px4_msgs/px4_msgs/msg/detail/takeoff_status__struct.hpp
[166.381s] -- Symlinking: /home/ansl/ca_ws/install/px4_msgs/include/px4_msgs/px4_msgs/msg/detail/takeoff_status__traits.hpp
[166.386s] -- Symlinking: /home/ansl/ca_ws/install/px4_msgs/include/px4_msgs/px4_msgs/msg/detail/takeoff_status__type_support.hpp
[166.393s] -- Symlinking: /home/ansl/ca_ws/install/px4_msgs/include/px4_msgs/px4_msgs/msg/detail/task_stack_info__builder.hpp
[166.398s] -- Symlinking: /home/ansl/ca_ws/install/px4_msgs/include/px4_msgs/px4_msgs/msg/detail/task_stack_info__struct.hpp
[166.404s] -- Symlinking: /home/ansl/ca_ws/install/px4_msgs/include/px4_msgs/px4_msgs/msg/detail/task_stack_info__traits.hpp
[166.409s] -- Symlinking: /home/ansl/ca_ws/install/px4_msgs/include/px4_msgs/px4_msgs/msg/detail/task_stack_info__type_support.hpp
[166.415s] -- Symlinking: /home/ansl/ca_ws/install/px4_msgs/include/px4_msgs/px4_msgs/msg/detail/tecs_status__builder.hpp
[166.420s] -- Symlinking: /home/ansl/ca_ws/install/px4_msgs/include/px4_msgs/px4_msgs/msg/detail/tecs_status__struct.hpp
[166.426s] -- Symlinking: /home/ansl/ca_ws/install/px4_msgs/include/px4_msgs/px4_msgs/msg/detail/tecs_status__traits.hpp
[166.431s] -- Symlinking: /home/ansl/ca_ws/install/px4_msgs/include/px4_msgs/px4_msgs/msg/detail/tecs_status__type_support.hpp
[166.436s] -- Symlinking: /home/ansl/ca_ws/install/px4_msgs/include/px4_msgs/px4_msgs/msg/detail/telemetry_status__builder.hpp
[166.443s] -- Symlinking: /home/ansl/ca_ws/install/px4_msgs/include/px4_msgs/px4_msgs/msg/detail/telemetry_status__struct.hpp
[166.448s] -- Symlinking: /home/ansl/ca_ws/install/px4_msgs/include/px4_msgs/px4_msgs/msg/detail/telemetry_status__traits.hpp
[166.454s] -- Symlinking: /home/ansl/ca_ws/install/px4_msgs/include/px4_msgs/px4_msgs/msg/detail/telemetry_status__type_support.hpp
[166.460s] -- Symlinking: /home/ansl/ca_ws/install/px4_msgs/include/px4_msgs/px4_msgs/msg/detail/tiltrotor_extra_controls__builder.hpp
[166.465s] -- Symlinking: /home/ansl/ca_ws/install/px4_msgs/include/px4_msgs/px4_msgs/msg/detail/tiltrotor_extra_controls__struct.hpp
[166.470s] -- Symlinking: /home/ansl/ca_ws/install/px4_msgs/include/px4_msgs/px4_msgs/msg/detail/tiltrotor_extra_controls__traits.hpp
[166.476s] -- Symlinking: /home/ansl/ca_ws/install/px4_msgs/include/px4_msgs/px4_msgs/msg/detail/tiltrotor_extra_controls__type_support.hpp
[166.481s] -- Symlinking: /home/ansl/ca_ws/install/px4_msgs/include/px4_msgs/px4_msgs/msg/detail/timesync_status__builder.hpp
[166.487s] -- Symlinking: /home/ansl/ca_ws/install/px4_msgs/include/px4_msgs/px4_msgs/msg/detail/timesync_status__struct.hpp
[166.492s] -- Symlinking: /home/ansl/ca_ws/install/px4_msgs/include/px4_msgs/px4_msgs/msg/detail/timesync_status__traits.hpp
[166.497s] -- Symlinking: /home/ansl/ca_ws/install/px4_msgs/include/px4_msgs/px4_msgs/msg/detail/timesync_status__type_support.hpp
[166.503s] -- Symlinking: /home/ansl/ca_ws/install/px4_msgs/include/px4_msgs/px4_msgs/msg/detail/trajectory_bezier__builder.hpp
[166.509s] -- Symlinking: /home/ansl/ca_ws/install/px4_msgs/include/px4_msgs/px4_msgs/msg/detail/trajectory_bezier__struct.hpp
[166.514s] -- Symlinking: /home/ansl/ca_ws/install/px4_msgs/include/px4_msgs/px4_msgs/msg/detail/trajectory_bezier__traits.hpp
[166.520s] -- Symlinking: /home/ansl/ca_ws/install/px4_msgs/include/px4_msgs/px4_msgs/msg/detail/trajectory_bezier__type_support.hpp
[166.525s] -- Symlinking: /home/ansl/ca_ws/install/px4_msgs/include/px4_msgs/px4_msgs/msg/detail/trajectory_setpoint__builder.hpp
[166.531s] -- Symlinking: /home/ansl/ca_ws/install/px4_msgs/include/px4_msgs/px4_msgs/msg/detail/trajectory_setpoint__struct.hpp
[166.536s] -- Symlinking: /home/ansl/ca_ws/install/px4_msgs/include/px4_msgs/px4_msgs/msg/detail/trajectory_setpoint__traits.hpp
[166.541s] -- Symlinking: /home/ansl/ca_ws/install/px4_msgs/include/px4_msgs/px4_msgs/msg/detail/trajectory_setpoint__type_support.hpp
[166.547s] -- Symlinking: /home/ansl/ca_ws/install/px4_msgs/include/px4_msgs/px4_msgs/msg/detail/trajectory_waypoint__builder.hpp
[166.552s] -- Symlinking: /home/ansl/ca_ws/install/px4_msgs/include/px4_msgs/px4_msgs/msg/detail/trajectory_waypoint__struct.hpp
[166.558s] -- Symlinking: /home/ansl/ca_ws/install/px4_msgs/include/px4_msgs/px4_msgs/msg/detail/trajectory_waypoint__traits.hpp
[166.563s] -- Symlinking: /home/ansl/ca_ws/install/px4_msgs/include/px4_msgs/px4_msgs/msg/detail/trajectory_waypoint__type_support.hpp
[166.568s] -- Symlinking: /home/ansl/ca_ws/install/px4_msgs/include/px4_msgs/px4_msgs/msg/detail/transponder_report__builder.hpp
[166.574s] -- Symlinking: /home/ansl/ca_ws/install/px4_msgs/include/px4_msgs/px4_msgs/msg/detail/transponder_report__struct.hpp
[166.579s] -- Symlinking: /home/ansl/ca_ws/install/px4_msgs/include/px4_msgs/px4_msgs/msg/detail/transponder_report__traits.hpp
[166.585s] -- Symlinking: /home/ansl/ca_ws/install/px4_msgs/include/px4_msgs/px4_msgs/msg/detail/transponder_report__type_support.hpp
[166.590s] -- Symlinking: /home/ansl/ca_ws/install/px4_msgs/include/px4_msgs/px4_msgs/msg/detail/tune_control__builder.hpp
[166.596s] -- Symlinking: /home/ansl/ca_ws/install/px4_msgs/include/px4_msgs/px4_msgs/msg/detail/tune_control__struct.hpp
[166.601s] -- Symlinking: /home/ansl/ca_ws/install/px4_msgs/include/px4_msgs/px4_msgs/msg/detail/tune_control__traits.hpp
[166.606s] -- Symlinking: /home/ansl/ca_ws/install/px4_msgs/include/px4_msgs/px4_msgs/msg/detail/tune_control__type_support.hpp
[166.612s] -- Symlinking: /home/ansl/ca_ws/install/px4_msgs/include/px4_msgs/px4_msgs/msg/detail/uavcan_parameter_request__builder.hpp
[166.618s] -- Symlinking: /home/ansl/ca_ws/install/px4_msgs/include/px4_msgs/px4_msgs/msg/detail/uavcan_parameter_request__struct.hpp
[166.623s] -- Symlinking: /home/ansl/ca_ws/install/px4_msgs/include/px4_msgs/px4_msgs/msg/detail/uavcan_parameter_request__traits.hpp
[166.629s] -- Symlinking: /home/ansl/ca_ws/install/px4_msgs/include/px4_msgs/px4_msgs/msg/detail/uavcan_parameter_request__type_support.hpp
[166.635s] -- Symlinking: /home/ansl/ca_ws/install/px4_msgs/include/px4_msgs/px4_msgs/msg/detail/uavcan_parameter_value__builder.hpp
[166.640s] -- Symlinking: /home/ansl/ca_ws/install/px4_msgs/include/px4_msgs/px4_msgs/msg/detail/uavcan_parameter_value__struct.hpp
[166.645s] -- Symlinking: /home/ansl/ca_ws/install/px4_msgs/include/px4_msgs/px4_msgs/msg/detail/uavcan_parameter_value__traits.hpp
[166.652s] -- Symlinking: /home/ansl/ca_ws/install/px4_msgs/include/px4_msgs/px4_msgs/msg/detail/uavcan_parameter_value__type_support.hpp
[166.657s] -- Symlinking: /home/ansl/ca_ws/install/px4_msgs/include/px4_msgs/px4_msgs/msg/detail/ulog_stream__builder.hpp
[166.663s] -- Symlinking: /home/ansl/ca_ws/install/px4_msgs/include/px4_msgs/px4_msgs/msg/detail/ulog_stream__struct.hpp
[166.669s] -- Symlinking: /home/ansl/ca_ws/install/px4_msgs/include/px4_msgs/px4_msgs/msg/detail/ulog_stream__traits.hpp
[166.674s] -- Symlinking: /home/ansl/ca_ws/install/px4_msgs/include/px4_msgs/px4_msgs/msg/detail/ulog_stream__type_support.hpp
[166.680s] -- Symlinking: /home/ansl/ca_ws/install/px4_msgs/include/px4_msgs/px4_msgs/msg/detail/ulog_stream_ack__builder.hpp
[166.685s] -- Symlinking: /home/ansl/ca_ws/install/px4_msgs/include/px4_msgs/px4_msgs/msg/detail/ulog_stream_ack__struct.hpp
[166.691s] -- Symlinking: /home/ansl/ca_ws/install/px4_msgs/include/px4_msgs/px4_msgs/msg/detail/ulog_stream_ack__traits.hpp
[166.696s] -- Symlinking: /home/ansl/ca_ws/install/px4_msgs/include/px4_msgs/px4_msgs/msg/detail/ulog_stream_ack__type_support.hpp
[166.703s] -- Symlinking: /home/ansl/ca_ws/install/px4_msgs/include/px4_msgs/px4_msgs/msg/detail/vehicle_acceleration__builder.hpp
[166.709s] -- Symlinking: /home/ansl/ca_ws/install/px4_msgs/include/px4_msgs/px4_msgs/msg/detail/vehicle_acceleration__struct.hpp
[166.716s] -- Symlinking: /home/ansl/ca_ws/install/px4_msgs/include/px4_msgs/px4_msgs/msg/detail/vehicle_acceleration__traits.hpp
[166.721s] -- Symlinking: /home/ansl/ca_ws/install/px4_msgs/include/px4_msgs/px4_msgs/msg/detail/vehicle_acceleration__type_support.hpp
[166.726s] -- Symlinking: /home/ansl/ca_ws/install/px4_msgs/include/px4_msgs/px4_msgs/msg/detail/vehicle_air_data__builder.hpp
[166.731s] -- Symlinking: /home/ansl/ca_ws/install/px4_msgs/include/px4_msgs/px4_msgs/msg/detail/vehicle_air_data__struct.hpp
[166.737s] -- Symlinking: /home/ansl/ca_ws/install/px4_msgs/include/px4_msgs/px4_msgs/msg/detail/vehicle_air_data__traits.hpp
[166.742s] -- Symlinking: /home/ansl/ca_ws/install/px4_msgs/include/px4_msgs/px4_msgs/msg/detail/vehicle_air_data__type_support.hpp
[166.749s] -- Symlinking: /home/ansl/ca_ws/install/px4_msgs/include/px4_msgs/px4_msgs/msg/detail/vehicle_angular_acceleration_setpoint__builder.hpp
[166.754s] -- Symlinking: /home/ansl/ca_ws/install/px4_msgs/include/px4_msgs/px4_msgs/msg/detail/vehicle_angular_acceleration_setpoint__struct.hpp
[166.761s] -- Symlinking: /home/ansl/ca_ws/install/px4_msgs/include/px4_msgs/px4_msgs/msg/detail/vehicle_angular_acceleration_setpoint__traits.hpp
[166.766s] -- Symlinking: /home/ansl/ca_ws/install/px4_msgs/include/px4_msgs/px4_msgs/msg/detail/vehicle_angular_acceleration_setpoint__type_support.hpp
[166.772s] -- Symlinking: /home/ansl/ca_ws/install/px4_msgs/include/px4_msgs/px4_msgs/msg/detail/vehicle_angular_velocity__builder.hpp
[166.778s] -- Symlinking: /home/ansl/ca_ws/install/px4_msgs/include/px4_msgs/px4_msgs/msg/detail/vehicle_angular_velocity__struct.hpp
[166.784s] -- Symlinking: /home/ansl/ca_ws/install/px4_msgs/include/px4_msgs/px4_msgs/msg/detail/vehicle_angular_velocity__traits.hpp
[166.790s] -- Symlinking: /home/ansl/ca_ws/install/px4_msgs/include/px4_msgs/px4_msgs/msg/detail/vehicle_angular_velocity__type_support.hpp
[166.796s] -- Symlinking: /home/ansl/ca_ws/install/px4_msgs/include/px4_msgs/px4_msgs/msg/detail/vehicle_attitude__builder.hpp
[166.801s] -- Symlinking: /home/ansl/ca_ws/install/px4_msgs/include/px4_msgs/px4_msgs/msg/detail/vehicle_attitude__struct.hpp
[166.807s] -- Symlinking: /home/ansl/ca_ws/install/px4_msgs/include/px4_msgs/px4_msgs/msg/detail/vehicle_attitude__traits.hpp
[166.812s] -- Symlinking: /home/ansl/ca_ws/install/px4_msgs/include/px4_msgs/px4_msgs/msg/detail/vehicle_attitude__type_support.hpp
[166.817s] -- Symlinking: /home/ansl/ca_ws/install/px4_msgs/include/px4_msgs/px4_msgs/msg/detail/vehicle_attitude_setpoint__builder.hpp
[166.823s] -- Symlinking: /home/ansl/ca_ws/install/px4_msgs/include/px4_msgs/px4_msgs/msg/detail/vehicle_attitude_setpoint__struct.hpp
[166.829s] -- Symlinking: /home/ansl/ca_ws/install/px4_msgs/include/px4_msgs/px4_msgs/msg/detail/vehicle_attitude_setpoint__traits.hpp
[166.835s] -- Symlinking: /home/ansl/ca_ws/install/px4_msgs/include/px4_msgs/px4_msgs/msg/detail/vehicle_attitude_setpoint__type_support.hpp
[166.841s] -- Symlinking: /home/ansl/ca_ws/install/px4_msgs/include/px4_msgs/px4_msgs/msg/detail/vehicle_command__builder.hpp
[166.847s] -- Symlinking: /home/ansl/ca_ws/install/px4_msgs/include/px4_msgs/px4_msgs/msg/detail/vehicle_command__struct.hpp
[166.852s] -- Symlinking: /home/ansl/ca_ws/install/px4_msgs/include/px4_msgs/px4_msgs/msg/detail/vehicle_command__traits.hpp
[166.858s] -- Symlinking: /home/ansl/ca_ws/install/px4_msgs/include/px4_msgs/px4_msgs/msg/detail/vehicle_command__type_support.hpp
[166.863s] -- Symlinking: /home/ansl/ca_ws/install/px4_msgs/include/px4_msgs/px4_msgs/msg/detail/vehicle_command_ack__builder.hpp
[166.869s] -- Symlinking: /home/ansl/ca_ws/install/px4_msgs/include/px4_msgs/px4_msgs/msg/detail/vehicle_command_ack__struct.hpp
[166.875s] -- Symlinking: /home/ansl/ca_ws/install/px4_msgs/include/px4_msgs/px4_msgs/msg/detail/vehicle_command_ack__traits.hpp
[166.881s] -- Symlinking: /home/ansl/ca_ws/install/px4_msgs/include/px4_msgs/px4_msgs/msg/detail/vehicle_command_ack__type_support.hpp
[166.886s] -- Symlinking: /home/ansl/ca_ws/install/px4_msgs/include/px4_msgs/px4_msgs/msg/detail/vehicle_constraints__builder.hpp
[166.891s] -- Symlinking: /home/ansl/ca_ws/install/px4_msgs/include/px4_msgs/px4_msgs/msg/detail/vehicle_constraints__struct.hpp
[166.896s] -- Symlinking: /home/ansl/ca_ws/install/px4_msgs/include/px4_msgs/px4_msgs/msg/detail/vehicle_constraints__traits.hpp
[166.902s] -- Symlinking: /home/ansl/ca_ws/install/px4_msgs/include/px4_msgs/px4_msgs/msg/detail/vehicle_constraints__type_support.hpp
[166.908s] -- Symlinking: /home/ansl/ca_ws/install/px4_msgs/include/px4_msgs/px4_msgs/msg/detail/vehicle_control_mode__builder.hpp
[166.913s] -- Symlinking: /home/ansl/ca_ws/install/px4_msgs/include/px4_msgs/px4_msgs/msg/detail/vehicle_control_mode__struct.hpp
[166.918s] -- Symlinking: /home/ansl/ca_ws/install/px4_msgs/include/px4_msgs/px4_msgs/msg/detail/vehicle_control_mode__traits.hpp
[166.924s] -- Symlinking: /home/ansl/ca_ws/install/px4_msgs/include/px4_msgs/px4_msgs/msg/detail/vehicle_control_mode__type_support.hpp
[166.931s] -- Symlinking: /home/ansl/ca_ws/install/px4_msgs/include/px4_msgs/px4_msgs/msg/detail/vehicle_global_position__builder.hpp
[166.937s] -- Symlinking: /home/ansl/ca_ws/install/px4_msgs/include/px4_msgs/px4_msgs/msg/detail/vehicle_global_position__struct.hpp
[166.942s] -- Symlinking: /home/ansl/ca_ws/install/px4_msgs/include/px4_msgs/px4_msgs/msg/detail/vehicle_global_position__traits.hpp
[166.948s] -- Symlinking: /home/ansl/ca_ws/install/px4_msgs/include/px4_msgs/px4_msgs/msg/detail/vehicle_global_position__type_support.hpp
[166.953s] -- Symlinking: /home/ansl/ca_ws/install/px4_msgs/include/px4_msgs/px4_msgs/msg/detail/vehicle_imu__builder.hpp
[166.960s] -- Symlinking: /home/ansl/ca_ws/install/px4_msgs/include/px4_msgs/px4_msgs/msg/detail/vehicle_imu__struct.hpp
[166.965s] -- Symlinking: /home/ansl/ca_ws/install/px4_msgs/include/px4_msgs/px4_msgs/msg/detail/vehicle_imu__traits.hpp
[166.972s] -- Symlinking: /home/ansl/ca_ws/install/px4_msgs/include/px4_msgs/px4_msgs/msg/detail/vehicle_imu__type_support.hpp
[166.978s] -- Symlinking: /home/ansl/ca_ws/install/px4_msgs/include/px4_msgs/px4_msgs/msg/detail/vehicle_imu_status__builder.hpp
[166.984s] -- Symlinking: /home/ansl/ca_ws/install/px4_msgs/include/px4_msgs/px4_msgs/msg/detail/vehicle_imu_status__struct.hpp
[166.989s] -- Symlinking: /home/ansl/ca_ws/install/px4_msgs/include/px4_msgs/px4_msgs/msg/detail/vehicle_imu_status__traits.hpp
[166.995s] -- Symlinking: /home/ansl/ca_ws/install/px4_msgs/include/px4_msgs/px4_msgs/msg/detail/vehicle_imu_status__type_support.hpp
[167.001s] -- Symlinking: /home/ansl/ca_ws/install/px4_msgs/include/px4_msgs/px4_msgs/msg/detail/vehicle_land_detected__builder.hpp
[167.006s] -- Symlinking: /home/ansl/ca_ws/install/px4_msgs/include/px4_msgs/px4_msgs/msg/detail/vehicle_land_detected__struct.hpp
[167.012s] -- Symlinking: /home/ansl/ca_ws/install/px4_msgs/include/px4_msgs/px4_msgs/msg/detail/vehicle_land_detected__traits.hpp
[167.018s] -- Symlinking: /home/ansl/ca_ws/install/px4_msgs/include/px4_msgs/px4_msgs/msg/detail/vehicle_land_detected__type_support.hpp
[167.023s] -- Symlinking: /home/ansl/ca_ws/install/px4_msgs/include/px4_msgs/px4_msgs/msg/detail/vehicle_local_position__builder.hpp
[167.029s] -- Symlinking: /home/ansl/ca_ws/install/px4_msgs/include/px4_msgs/px4_msgs/msg/detail/vehicle_local_position__struct.hpp
[167.034s] -- Symlinking: /home/ansl/ca_ws/install/px4_msgs/include/px4_msgs/px4_msgs/msg/detail/vehicle_local_position__traits.hpp
[167.039s] -- Symlinking: /home/ansl/ca_ws/install/px4_msgs/include/px4_msgs/px4_msgs/msg/detail/vehicle_local_position__type_support.hpp
[167.046s] -- Symlinking: /home/ansl/ca_ws/install/px4_msgs/include/px4_msgs/px4_msgs/msg/detail/vehicle_local_position_setpoint__builder.hpp
[167.051s] -- Symlinking: /home/ansl/ca_ws/install/px4_msgs/include/px4_msgs/px4_msgs/msg/detail/vehicle_local_position_setpoint__struct.hpp
[167.056s] -- Symlinking: /home/ansl/ca_ws/install/px4_msgs/include/px4_msgs/px4_msgs/msg/detail/vehicle_local_position_setpoint__traits.hpp
[167.063s] -- Symlinking: /home/ansl/ca_ws/install/px4_msgs/include/px4_msgs/px4_msgs/msg/detail/vehicle_local_position_setpoint__type_support.hpp
[167.069s] -- Symlinking: /home/ansl/ca_ws/install/px4_msgs/include/px4_msgs/px4_msgs/msg/detail/vehicle_magnetometer__builder.hpp
[167.076s] -- Symlinking: /home/ansl/ca_ws/install/px4_msgs/include/px4_msgs/px4_msgs/msg/detail/vehicle_magnetometer__struct.hpp
[167.081s] -- Symlinking: /home/ansl/ca_ws/install/px4_msgs/include/px4_msgs/px4_msgs/msg/detail/vehicle_magnetometer__traits.hpp
[167.087s] -- Symlinking: /home/ansl/ca_ws/install/px4_msgs/include/px4_msgs/px4_msgs/msg/detail/vehicle_magnetometer__type_support.hpp
[167.092s] -- Symlinking: /home/ansl/ca_ws/install/px4_msgs/include/px4_msgs/px4_msgs/msg/detail/vehicle_odometry__builder.hpp
[167.097s] -- Symlinking: /home/ansl/ca_ws/install/px4_msgs/include/px4_msgs/px4_msgs/msg/detail/vehicle_odometry__struct.hpp
[167.102s] -- Symlinking: /home/ansl/ca_ws/install/px4_msgs/include/px4_msgs/px4_msgs/msg/detail/vehicle_odometry__traits.hpp
[167.107s] -- Symlinking: /home/ansl/ca_ws/install/px4_msgs/include/px4_msgs/px4_msgs/msg/detail/vehicle_odometry__type_support.hpp
[167.112s] -- Symlinking: /home/ansl/ca_ws/install/px4_msgs/include/px4_msgs/px4_msgs/msg/detail/vehicle_optical_flow__builder.hpp
[167.118s] -- Symlinking: /home/ansl/ca_ws/install/px4_msgs/include/px4_msgs/px4_msgs/msg/detail/vehicle_optical_flow__struct.hpp
[167.123s] -- Symlinking: /home/ansl/ca_ws/install/px4_msgs/include/px4_msgs/px4_msgs/msg/detail/vehicle_optical_flow__traits.hpp
[167.128s] -- Symlinking: /home/ansl/ca_ws/install/px4_msgs/include/px4_msgs/px4_msgs/msg/detail/vehicle_optical_flow__type_support.hpp
[167.133s] -- Symlinking: /home/ansl/ca_ws/install/px4_msgs/include/px4_msgs/px4_msgs/msg/detail/vehicle_optical_flow_vel__builder.hpp
[167.138s] -- Symlinking: /home/ansl/ca_ws/install/px4_msgs/include/px4_msgs/px4_msgs/msg/detail/vehicle_optical_flow_vel__struct.hpp
[167.144s] -- Symlinking: /home/ansl/ca_ws/install/px4_msgs/include/px4_msgs/px4_msgs/msg/detail/vehicle_optical_flow_vel__traits.hpp
[167.149s] -- Symlinking: /home/ansl/ca_ws/install/px4_msgs/include/px4_msgs/px4_msgs/msg/detail/vehicle_optical_flow_vel__type_support.hpp
[167.154s] -- Symlinking: /home/ansl/ca_ws/install/px4_msgs/include/px4_msgs/px4_msgs/msg/detail/vehicle_rates_setpoint__builder.hpp
[167.159s] -- Symlinking: /home/ansl/ca_ws/install/px4_msgs/include/px4_msgs/px4_msgs/msg/detail/vehicle_rates_setpoint__struct.hpp
[167.165s] -- Symlinking: /home/ansl/ca_ws/install/px4_msgs/include/px4_msgs/px4_msgs/msg/detail/vehicle_rates_setpoint__traits.hpp
[167.170s] -- Symlinking: /home/ansl/ca_ws/install/px4_msgs/include/px4_msgs/px4_msgs/msg/detail/vehicle_rates_setpoint__type_support.hpp
[167.175s] -- Symlinking: /home/ansl/ca_ws/install/px4_msgs/include/px4_msgs/px4_msgs/msg/detail/vehicle_roi__builder.hpp
[167.180s] -- Symlinking: /home/ansl/ca_ws/install/px4_msgs/include/px4_msgs/px4_msgs/msg/detail/vehicle_roi__struct.hpp
[167.186s] -- Symlinking: /home/ansl/ca_ws/install/px4_msgs/include/px4_msgs/px4_msgs/msg/detail/vehicle_roi__traits.hpp
[167.191s] -- Symlinking: /home/ansl/ca_ws/install/px4_msgs/include/px4_msgs/px4_msgs/msg/detail/vehicle_roi__type_support.hpp
[167.196s] -- Symlinking: /home/ansl/ca_ws/install/px4_msgs/include/px4_msgs/px4_msgs/msg/detail/vehicle_status__builder.hpp
[167.201s] -- Symlinking: /home/ansl/ca_ws/install/px4_msgs/include/px4_msgs/px4_msgs/msg/detail/vehicle_status__struct.hpp
[167.207s] -- Symlinking: /home/ansl/ca_ws/install/px4_msgs/include/px4_msgs/px4_msgs/msg/detail/vehicle_status__traits.hpp
[167.212s] -- Symlinking: /home/ansl/ca_ws/install/px4_msgs/include/px4_msgs/px4_msgs/msg/detail/vehicle_status__type_support.hpp
[167.217s] -- Symlinking: /home/ansl/ca_ws/install/px4_msgs/include/px4_msgs/px4_msgs/msg/detail/vehicle_thrust_setpoint__builder.hpp
[167.222s] -- Symlinking: /home/ansl/ca_ws/install/px4_msgs/include/px4_msgs/px4_msgs/msg/detail/vehicle_thrust_setpoint__struct.hpp
[167.227s] -- Symlinking: /home/ansl/ca_ws/install/px4_msgs/include/px4_msgs/px4_msgs/msg/detail/vehicle_thrust_setpoint__traits.hpp
[167.233s] -- Symlinking: /home/ansl/ca_ws/install/px4_msgs/include/px4_msgs/px4_msgs/msg/detail/vehicle_thrust_setpoint__type_support.hpp
[167.238s] -- Symlinking: /home/ansl/ca_ws/install/px4_msgs/include/px4_msgs/px4_msgs/msg/detail/vehicle_torque_setpoint__builder.hpp
[167.243s] -- Symlinking: /home/ansl/ca_ws/install/px4_msgs/include/px4_msgs/px4_msgs/msg/detail/vehicle_torque_setpoint__struct.hpp
[167.248s] -- Symlinking: /home/ansl/ca_ws/install/px4_msgs/include/px4_msgs/px4_msgs/msg/detail/vehicle_torque_setpoint__traits.hpp
[167.253s] -- Symlinking: /home/ansl/ca_ws/install/px4_msgs/include/px4_msgs/px4_msgs/msg/detail/vehicle_torque_setpoint__type_support.hpp
[167.258s] -- Symlinking: /home/ansl/ca_ws/install/px4_msgs/include/px4_msgs/px4_msgs/msg/detail/vehicle_trajectory_bezier__builder.hpp
[167.263s] -- Symlinking: /home/ansl/ca_ws/install/px4_msgs/include/px4_msgs/px4_msgs/msg/detail/vehicle_trajectory_bezier__struct.hpp
[167.268s] -- Symlinking: /home/ansl/ca_ws/install/px4_msgs/include/px4_msgs/px4_msgs/msg/detail/vehicle_trajectory_bezier__traits.hpp
[167.273s] -- Symlinking: /home/ansl/ca_ws/install/px4_msgs/include/px4_msgs/px4_msgs/msg/detail/vehicle_trajectory_bezier__type_support.hpp
[167.278s] -- Symlinking: /home/ansl/ca_ws/install/px4_msgs/include/px4_msgs/px4_msgs/msg/detail/vehicle_trajectory_waypoint__builder.hpp
[167.283s] -- Symlinking: /home/ansl/ca_ws/install/px4_msgs/include/px4_msgs/px4_msgs/msg/detail/vehicle_trajectory_waypoint__struct.hpp
[167.288s] -- Symlinking: /home/ansl/ca_ws/install/px4_msgs/include/px4_msgs/px4_msgs/msg/detail/vehicle_trajectory_waypoint__traits.hpp
[167.293s] -- Symlinking: /home/ansl/ca_ws/install/px4_msgs/include/px4_msgs/px4_msgs/msg/detail/vehicle_trajectory_waypoint__type_support.hpp
[167.298s] -- Symlinking: /home/ansl/ca_ws/install/px4_msgs/include/px4_msgs/px4_msgs/msg/detail/vtol_vehicle_status__builder.hpp
[167.303s] -- Symlinking: /home/ansl/ca_ws/install/px4_msgs/include/px4_msgs/px4_msgs/msg/detail/vtol_vehicle_status__struct.hpp
[167.308s] -- Symlinking: /home/ansl/ca_ws/install/px4_msgs/include/px4_msgs/px4_msgs/msg/detail/vtol_vehicle_status__traits.hpp
[167.313s] -- Symlinking: /home/ansl/ca_ws/install/px4_msgs/include/px4_msgs/px4_msgs/msg/detail/vtol_vehicle_status__type_support.hpp
[167.319s] -- Symlinking: /home/ansl/ca_ws/install/px4_msgs/include/px4_msgs/px4_msgs/msg/detail/wind__builder.hpp
[167.324s] -- Symlinking: /home/ansl/ca_ws/install/px4_msgs/include/px4_msgs/px4_msgs/msg/detail/wind__struct.hpp
[167.328s] -- Symlinking: /home/ansl/ca_ws/install/px4_msgs/include/px4_msgs/px4_msgs/msg/detail/wind__traits.hpp
[167.334s] -- Symlinking: /home/ansl/ca_ws/install/px4_msgs/include/px4_msgs/px4_msgs/msg/detail/wind__type_support.hpp
[167.339s] -- Symlinking: /home/ansl/ca_ws/install/px4_msgs/include/px4_msgs/px4_msgs/msg/detail/yaw_estimator_status__builder.hpp
[167.345s] -- Symlinking: /home/ansl/ca_ws/install/px4_msgs/include/px4_msgs/px4_msgs/msg/detail/yaw_estimator_status__struct.hpp
[167.350s] -- Symlinking: /home/ansl/ca_ws/install/px4_msgs/include/px4_msgs/px4_msgs/msg/detail/yaw_estimator_status__traits.hpp
[167.355s] -- Symlinking: /home/ansl/ca_ws/install/px4_msgs/include/px4_msgs/px4_msgs/msg/detail/yaw_estimator_status__type_support.hpp
[167.360s] -- Symlinking: /home/ansl/ca_ws/install/px4_msgs/include/px4_msgs/px4_msgs/msg/differential_pressure.hpp
[167.365s] -- Symlinking: /home/ansl/ca_ws/install/px4_msgs/include/px4_msgs/px4_msgs/msg/distance_sensor.hpp
[167.370s] -- Symlinking: /home/ansl/ca_ws/install/px4_msgs/include/px4_msgs/px4_msgs/msg/ekf2_timestamps.hpp
[167.375s] -- Symlinking: /home/ansl/ca_ws/install/px4_msgs/include/px4_msgs/px4_msgs/msg/esc_report.hpp
[167.380s] -- Symlinking: /home/ansl/ca_ws/install/px4_msgs/include/px4_msgs/px4_msgs/msg/esc_status.hpp
[167.385s] -- Symlinking: /home/ansl/ca_ws/install/px4_msgs/include/px4_msgs/px4_msgs/msg/estimator_aid_source1d.hpp
[167.390s] -- Symlinking: /home/ansl/ca_ws/install/px4_msgs/include/px4_msgs/px4_msgs/msg/estimator_aid_source2d.hpp
[167.395s] -- Symlinking: /home/ansl/ca_ws/install/px4_msgs/include/px4_msgs/px4_msgs/msg/estimator_aid_source3d.hpp
[167.400s] -- Symlinking: /home/ansl/ca_ws/install/px4_msgs/include/px4_msgs/px4_msgs/msg/estimator_bias.hpp
[167.406s] -- Symlinking: /home/ansl/ca_ws/install/px4_msgs/include/px4_msgs/px4_msgs/msg/estimator_bias3d.hpp
[167.411s] -- Symlinking: /home/ansl/ca_ws/install/px4_msgs/include/px4_msgs/px4_msgs/msg/estimator_event_flags.hpp
[167.416s] -- Symlinking: /home/ansl/ca_ws/install/px4_msgs/include/px4_msgs/px4_msgs/msg/estimator_gps_status.hpp
[167.421s] -- Symlinking: /home/ansl/ca_ws/install/px4_msgs/include/px4_msgs/px4_msgs/msg/estimator_innovations.hpp
[167.426s] -- Symlinking: /home/ansl/ca_ws/install/px4_msgs/include/px4_msgs/px4_msgs/msg/estimator_selector_status.hpp
[167.431s] -- Symlinking: /home/ansl/ca_ws/install/px4_msgs/include/px4_msgs/px4_msgs/msg/estimator_sensor_bias.hpp
[167.436s] -- Symlinking: /home/ansl/ca_ws/install/px4_msgs/include/px4_msgs/px4_msgs/msg/estimator_states.hpp
[167.442s] -- Symlinking: /home/ansl/ca_ws/install/px4_msgs/include/px4_msgs/px4_msgs/msg/estimator_status.hpp
[167.447s] -- Symlinking: /home/ansl/ca_ws/install/px4_msgs/include/px4_msgs/px4_msgs/msg/estimator_status_flags.hpp
[167.452s] -- Symlinking: /home/ansl/ca_ws/install/px4_msgs/include/px4_msgs/px4_msgs/msg/event.hpp
[167.457s] -- Symlinking: /home/ansl/ca_ws/install/px4_msgs/include/px4_msgs/px4_msgs/msg/failsafe_flags.hpp
[167.462s] -- Symlinking: /home/ansl/ca_ws/install/px4_msgs/include/px4_msgs/px4_msgs/msg/failure_detector_status.hpp
[167.467s] -- Symlinking: /home/ansl/ca_ws/install/px4_msgs/include/px4_msgs/px4_msgs/msg/follow_target.hpp
[167.472s] -- Symlinking: /home/ansl/ca_ws/install/px4_msgs/include/px4_msgs/px4_msgs/msg/follow_target_estimator.hpp
[167.477s] -- Symlinking: /home/ansl/ca_ws/install/px4_msgs/include/px4_msgs/px4_msgs/msg/follow_target_status.hpp
[167.482s] -- Symlinking: /home/ansl/ca_ws/install/px4_msgs/include/px4_msgs/px4_msgs/msg/generator_status.hpp
[167.488s] -- Symlinking: /home/ansl/ca_ws/install/px4_msgs/include/px4_msgs/px4_msgs/msg/geofence_result.hpp
[167.493s] -- Symlinking: /home/ansl/ca_ws/install/px4_msgs/include/px4_msgs/px4_msgs/msg/gimbal_controls.hpp
[167.498s] -- Symlinking: /home/ansl/ca_ws/install/px4_msgs/include/px4_msgs/px4_msgs/msg/gimbal_device_attitude_status.hpp
[167.503s] -- Symlinking: /home/ansl/ca_ws/install/px4_msgs/include/px4_msgs/px4_msgs/msg/gimbal_device_information.hpp
[167.508s] -- Symlinking: /home/ansl/ca_ws/install/px4_msgs/include/px4_msgs/px4_msgs/msg/gimbal_device_set_attitude.hpp
[167.513s] -- Symlinking: /home/ansl/ca_ws/install/px4_msgs/include/px4_msgs/px4_msgs/msg/gimbal_manager_information.hpp
[167.519s] -- Symlinking: /home/ansl/ca_ws/install/px4_msgs/include/px4_msgs/px4_msgs/msg/gimbal_manager_set_attitude.hpp
[167.524s] -- Symlinking: /home/ansl/ca_ws/install/px4_msgs/include/px4_msgs/px4_msgs/msg/gimbal_manager_set_manual_control.hpp
[167.529s] -- Symlinking: /home/ansl/ca_ws/install/px4_msgs/include/px4_msgs/px4_msgs/msg/gimbal_manager_status.hpp
[167.534s] -- Symlinking: /home/ansl/ca_ws/install/px4_msgs/include/px4_msgs/px4_msgs/msg/gps_dump.hpp
[167.538s] -- Symlinking: /home/ansl/ca_ws/install/px4_msgs/include/px4_msgs/px4_msgs/msg/gps_inject_data.hpp
[167.544s] -- Symlinking: /home/ansl/ca_ws/install/px4_msgs/include/px4_msgs/px4_msgs/msg/gripper.hpp
[167.549s] -- Symlinking: /home/ansl/ca_ws/install/px4_msgs/include/px4_msgs/px4_msgs/msg/health_report.hpp
[167.554s] -- Symlinking: /home/ansl/ca_ws/install/px4_msgs/include/px4_msgs/px4_msgs/msg/heater_status.hpp
[167.559s] -- Symlinking: /home/ansl/ca_ws/install/px4_msgs/include/px4_msgs/px4_msgs/msg/home_position.hpp
[167.565s] -- Symlinking: /home/ansl/ca_ws/install/px4_msgs/include/px4_msgs/px4_msgs/msg/hover_thrust_estimate.hpp
[167.570s] -- Symlinking: /home/ansl/ca_ws/install/px4_msgs/include/px4_msgs/px4_msgs/msg/input_rc.hpp
[167.575s] -- Symlinking: /home/ansl/ca_ws/install/px4_msgs/include/px4_msgs/px4_msgs/msg/input_tau.hpp
[167.580s] -- Symlinking: /home/ansl/ca_ws/install/px4_msgs/include/px4_msgs/px4_msgs/msg/internal_combustion_engine_status.hpp
[167.585s] -- Symlinking: /home/ansl/ca_ws/install/px4_msgs/include/px4_msgs/px4_msgs/msg/iridiumsbd_status.hpp
[167.591s] -- Symlinking: /home/ansl/ca_ws/install/px4_msgs/include/px4_msgs/px4_msgs/msg/irlock_report.hpp
[167.596s] -- Symlinking: /home/ansl/ca_ws/install/px4_msgs/include/px4_msgs/px4_msgs/msg/landing_gear.hpp
[167.601s] -- Symlinking: /home/ansl/ca_ws/install/px4_msgs/include/px4_msgs/px4_msgs/msg/landing_gear_wheel.hpp
[167.606s] -- Symlinking: /home/ansl/ca_ws/install/px4_msgs/include/px4_msgs/px4_msgs/msg/landing_target_innovations.hpp
[167.611s] -- Symlinking: /home/ansl/ca_ws/install/px4_msgs/include/px4_msgs/px4_msgs/msg/landing_target_pose.hpp
[167.616s] -- Symlinking: /home/ansl/ca_ws/install/px4_msgs/include/px4_msgs/px4_msgs/msg/launch_detection_status.hpp
[167.621s] -- Symlinking: /home/ansl/ca_ws/install/px4_msgs/include/px4_msgs/px4_msgs/msg/led_control.hpp
[167.627s] -- Symlinking: /home/ansl/ca_ws/install/px4_msgs/include/px4_msgs/px4_msgs/msg/log_message.hpp
[167.632s] -- Symlinking: /home/ansl/ca_ws/install/px4_msgs/include/px4_msgs/px4_msgs/msg/logger_status.hpp
[167.637s] -- Symlinking: /home/ansl/ca_ws/install/px4_msgs/include/px4_msgs/px4_msgs/msg/mag_worker_data.hpp
[167.642s] -- Symlinking: /home/ansl/ca_ws/install/px4_msgs/include/px4_msgs/px4_msgs/msg/magnetometer_bias_estimate.hpp
[167.647s] -- Symlinking: /home/ansl/ca_ws/install/px4_msgs/include/px4_msgs/px4_msgs/msg/manual_control_setpoint.hpp
[167.652s] -- Symlinking: /home/ansl/ca_ws/install/px4_msgs/include/px4_msgs/px4_msgs/msg/manual_control_switches.hpp
[167.657s] -- Symlinking: /home/ansl/ca_ws/install/px4_msgs/include/px4_msgs/px4_msgs/msg/mavlink_log.hpp
[167.662s] -- Symlinking: /home/ansl/ca_ws/install/px4_msgs/include/px4_msgs/px4_msgs/msg/mavlink_tunnel.hpp
[167.667s] -- Symlinking: /home/ansl/ca_ws/install/px4_msgs/include/px4_msgs/px4_msgs/msg/mission.hpp
[167.673s] -- Symlinking: /home/ansl/ca_ws/install/px4_msgs/include/px4_msgs/px4_msgs/msg/mission_result.hpp
[167.678s] -- Symlinking: /home/ansl/ca_ws/install/px4_msgs/include/px4_msgs/px4_msgs/msg/mode_completed.hpp
[167.684s] -- Symlinking: /home/ansl/ca_ws/install/px4_msgs/include/px4_msgs/px4_msgs/msg/mode_flag.hpp
[167.689s] -- Symlinking: /home/ansl/ca_ws/install/px4_msgs/include/px4_msgs/px4_msgs/msg/mount_orientation.hpp
[167.694s] -- Symlinking: /home/ansl/ca_ws/install/px4_msgs/include/px4_msgs/px4_msgs/msg/navigator_mission_item.hpp
[167.699s] -- Symlinking: /home/ansl/ca_ws/install/px4_msgs/include/px4_msgs/px4_msgs/msg/normalized_unsigned_setpoint.hpp
[167.704s] -- Symlinking: /home/ansl/ca_ws/install/px4_msgs/include/px4_msgs/px4_msgs/msg/npfg_status.hpp
[167.709s] -- Symlinking: /home/ansl/ca_ws/install/px4_msgs/include/px4_msgs/px4_msgs/msg/obstacle_distance.hpp
[167.714s] -- Symlinking: /home/ansl/ca_ws/install/px4_msgs/include/px4_msgs/px4_msgs/msg/offboard_control_mode.hpp
[167.719s] -- Symlinking: /home/ansl/ca_ws/install/px4_msgs/include/px4_msgs/px4_msgs/msg/onboard_computer_status.hpp
[167.724s] -- Symlinking: /home/ansl/ca_ws/install/px4_msgs/include/px4_msgs/px4_msgs/msg/orb_test.hpp
[167.730s] -- Symlinking: /home/ansl/ca_ws/install/px4_msgs/include/px4_msgs/px4_msgs/msg/orb_test_large.hpp
[167.735s] -- Symlinking: /home/ansl/ca_ws/install/px4_msgs/include/px4_msgs/px4_msgs/msg/orb_test_medium.hpp
[167.740s] -- Symlinking: /home/ansl/ca_ws/install/px4_msgs/include/px4_msgs/px4_msgs/msg/orbit_status.hpp
[167.745s] -- Symlinking: /home/ansl/ca_ws/install/px4_msgs/include/px4_msgs/px4_msgs/msg/output_test.hpp
[167.750s] -- Symlinking: /home/ansl/ca_ws/install/px4_msgs/include/px4_msgs/px4_msgs/msg/parameter_update.hpp
[167.755s] -- Symlinking: /home/ansl/ca_ws/install/px4_msgs/include/px4_msgs/px4_msgs/msg/ping.hpp
[167.761s] -- Symlinking: /home/ansl/ca_ws/install/px4_msgs/include/px4_msgs/px4_msgs/msg/position_controller_landing_status.hpp
[167.768s] -- Symlinking: /home/ansl/ca_ws/install/px4_msgs/include/px4_msgs/px4_msgs/msg/position_controller_status.hpp
[167.773s] -- Symlinking: /home/ansl/ca_ws/install/px4_msgs/include/px4_msgs/px4_msgs/msg/position_setpoint.hpp
[167.779s] -- Symlinking: /home/ansl/ca_ws/install/px4_msgs/include/px4_msgs/px4_msgs/msg/position_setpoint_triplet.hpp
[167.785s] -- Symlinking: /home/ansl/ca_ws/install/px4_msgs/include/px4_msgs/px4_msgs/msg/power_button_state.hpp
[167.790s] -- Symlinking: /home/ansl/ca_ws/install/px4_msgs/include/px4_msgs/px4_msgs/msg/power_monitor.hpp
[167.795s] -- Symlinking: /home/ansl/ca_ws/install/px4_msgs/include/px4_msgs/px4_msgs/msg/pps_capture.hpp
[167.801s] -- Symlinking: /home/ansl/ca_ws/install/px4_msgs/include/px4_msgs/px4_msgs/msg/pwm_input.hpp
[167.806s] -- Symlinking: /home/ansl/ca_ws/install/px4_msgs/include/px4_msgs/px4_msgs/msg/px4io_status.hpp
[167.812s] -- Symlinking: /home/ansl/ca_ws/install/px4_msgs/include/px4_msgs/px4_msgs/msg/qshell_req.hpp
[167.818s] -- Symlinking: /home/ansl/ca_ws/install/px4_msgs/include/px4_msgs/px4_msgs/msg/qshell_retval.hpp
[167.823s] -- Symlinking: /home/ansl/ca_ws/install/px4_msgs/include/px4_msgs/px4_msgs/msg/radio_status.hpp
[167.829s] -- Symlinking: /home/ansl/ca_ws/install/px4_msgs/include/px4_msgs/px4_msgs/msg/rate_ctrl_status.hpp
[167.835s] -- Symlinking: /home/ansl/ca_ws/install/px4_msgs/include/px4_msgs/px4_msgs/msg/rc_channels.hpp
[167.842s] -- Symlinking: /home/ansl/ca_ws/install/px4_msgs/include/px4_msgs/px4_msgs/msg/rc_parameter_map.hpp
[167.847s] -- Symlinking: /home/ansl/ca_ws/install/px4_msgs/include/px4_msgs/px4_msgs/msg/rosidl_generator_cpp__visibility_control.hpp
[167.853s] -- Symlinking: /home/ansl/ca_ws/install/px4_msgs/include/px4_msgs/px4_msgs/msg/rpm.hpp
[167.860s] -- Symlinking: /home/ansl/ca_ws/install/px4_msgs/include/px4_msgs/px4_msgs/msg/rtl_time_estimate.hpp
[167.865s] -- Symlinking: /home/ansl/ca_ws/install/px4_msgs/include/px4_msgs/px4_msgs/msg/satellite_info.hpp
[167.872s] -- Symlinking: /home/ansl/ca_ws/install/px4_msgs/include/px4_msgs/px4_msgs/msg/sensor_accel.hpp
[167.877s] -- Symlinking: /home/ansl/ca_ws/install/px4_msgs/include/px4_msgs/px4_msgs/msg/sensor_accel_fifo.hpp
[167.883s] -- Symlinking: /home/ansl/ca_ws/install/px4_msgs/include/px4_msgs/px4_msgs/msg/sensor_baro.hpp
[167.889s] -- Symlinking: /home/ansl/ca_ws/install/px4_msgs/include/px4_msgs/px4_msgs/msg/sensor_combined.hpp
[167.895s] -- Symlinking: /home/ansl/ca_ws/install/px4_msgs/include/px4_msgs/px4_msgs/msg/sensor_correction.hpp
[167.900s] -- Symlinking: /home/ansl/ca_ws/install/px4_msgs/include/px4_msgs/px4_msgs/msg/sensor_gnss_relative.hpp
[167.905s] -- Symlinking: /home/ansl/ca_ws/install/px4_msgs/include/px4_msgs/px4_msgs/msg/sensor_gps.hpp
[167.912s] -- Symlinking: /home/ansl/ca_ws/install/px4_msgs/include/px4_msgs/px4_msgs/msg/sensor_gyro.hpp
[167.917s] -- Symlinking: /home/ansl/ca_ws/install/px4_msgs/include/px4_msgs/px4_msgs/msg/sensor_gyro_fft.hpp
[167.924s] -- Symlinking: /home/ansl/ca_ws/install/px4_msgs/include/px4_msgs/px4_msgs/msg/sensor_gyro_fifo.hpp
[167.930s] -- Symlinking: /home/ansl/ca_ws/install/px4_msgs/include/px4_msgs/px4_msgs/msg/sensor_hygrometer.hpp
[167.935s] -- Symlinking: /home/ansl/ca_ws/install/px4_msgs/include/px4_msgs/px4_msgs/msg/sensor_mag.hpp
[167.942s] -- Symlinking: /home/ansl/ca_ws/install/px4_msgs/include/px4_msgs/px4_msgs/msg/sensor_optical_flow.hpp
[167.947s] -- Symlinking: /home/ansl/ca_ws/install/px4_msgs/include/px4_msgs/px4_msgs/msg/sensor_preflight_mag.hpp
[167.953s] -- Symlinking: /home/ansl/ca_ws/install/px4_msgs/include/px4_msgs/px4_msgs/msg/sensor_selection.hpp
[167.958s] -- Symlinking: /home/ansl/ca_ws/install/px4_msgs/include/px4_msgs/px4_msgs/msg/sensor_uwb.hpp
[167.964s] -- Symlinking: /home/ansl/ca_ws/install/px4_msgs/include/px4_msgs/px4_msgs/msg/sensors_status.hpp
[167.969s] -- Symlinking: /home/ansl/ca_ws/install/px4_msgs/include/px4_msgs/px4_msgs/msg/sensors_status_imu.hpp
[167.976s] -- Symlinking: /home/ansl/ca_ws/install/px4_msgs/include/px4_msgs/px4_msgs/msg/simulink_custom_message.hpp
[167.982s] -- Symlinking: /home/ansl/ca_ws/install/px4_msgs/include/px4_msgs/px4_msgs/msg/states_and_actuators.hpp
[167.988s] -- Symlinking: /home/ansl/ca_ws/install/px4_msgs/include/px4_msgs/px4_msgs/msg/system_power.hpp
[167.993s] -- Symlinking: /home/ansl/ca_ws/install/px4_msgs/include/px4_msgs/px4_msgs/msg/takeoff_status.hpp
[167.998s] -- Symlinking: /home/ansl/ca_ws/install/px4_msgs/include/px4_msgs/px4_msgs/msg/task_stack_info.hpp
[168.004s] -- Symlinking: /home/ansl/ca_ws/install/px4_msgs/include/px4_msgs/px4_msgs/msg/tecs_status.hpp
[168.010s] -- Symlinking: /home/ansl/ca_ws/install/px4_msgs/include/px4_msgs/px4_msgs/msg/telemetry_status.hpp
[168.017s] -- Symlinking: /home/ansl/ca_ws/install/px4_msgs/include/px4_msgs/px4_msgs/msg/tiltrotor_extra_controls.hpp
[168.022s] -- Symlinking: /home/ansl/ca_ws/install/px4_msgs/include/px4_msgs/px4_msgs/msg/timesync_status.hpp
[168.029s] -- Symlinking: /home/ansl/ca_ws/install/px4_msgs/include/px4_msgs/px4_msgs/msg/trajectory_bezier.hpp
[168.035s] -- Symlinking: /home/ansl/ca_ws/install/px4_msgs/include/px4_msgs/px4_msgs/msg/trajectory_setpoint.hpp
[168.042s] -- Symlinking: /home/ansl/ca_ws/install/px4_msgs/include/px4_msgs/px4_msgs/msg/trajectory_waypoint.hpp
[168.047s] -- Symlinking: /home/ansl/ca_ws/install/px4_msgs/include/px4_msgs/px4_msgs/msg/transponder_report.hpp
[168.052s] -- Symlinking: /home/ansl/ca_ws/install/px4_msgs/include/px4_msgs/px4_msgs/msg/tune_control.hpp
[168.057s] -- Symlinking: /home/ansl/ca_ws/install/px4_msgs/include/px4_msgs/px4_msgs/msg/uavcan_parameter_request.hpp
[168.062s] -- Symlinking: /home/ansl/ca_ws/install/px4_msgs/include/px4_msgs/px4_msgs/msg/uavcan_parameter_value.hpp
[168.067s] -- Symlinking: /home/ansl/ca_ws/install/px4_msgs/include/px4_msgs/px4_msgs/msg/ulog_stream.hpp
[168.073s] -- Symlinking: /home/ansl/ca_ws/install/px4_msgs/include/px4_msgs/px4_msgs/msg/ulog_stream_ack.hpp
[168.078s] -- Symlinking: /home/ansl/ca_ws/install/px4_msgs/include/px4_msgs/px4_msgs/msg/vehicle_acceleration.hpp
[168.083s] -- Symlinking: /home/ansl/ca_ws/install/px4_msgs/include/px4_msgs/px4_msgs/msg/vehicle_air_data.hpp
[168.089s] -- Symlinking: /home/ansl/ca_ws/install/px4_msgs/include/px4_msgs/px4_msgs/msg/vehicle_angular_acceleration_setpoint.hpp
[168.094s] -- Symlinking: /home/ansl/ca_ws/install/px4_msgs/include/px4_msgs/px4_msgs/msg/vehicle_angular_velocity.hpp
[168.099s] -- Symlinking: /home/ansl/ca_ws/install/px4_msgs/include/px4_msgs/px4_msgs/msg/vehicle_attitude.hpp
[168.105s] -- Symlinking: /home/ansl/ca_ws/install/px4_msgs/include/px4_msgs/px4_msgs/msg/vehicle_attitude_setpoint.hpp
[168.110s] -- Symlinking: /home/ansl/ca_ws/install/px4_msgs/include/px4_msgs/px4_msgs/msg/vehicle_command.hpp
[168.116s] -- Symlinking: /home/ansl/ca_ws/install/px4_msgs/include/px4_msgs/px4_msgs/msg/vehicle_command_ack.hpp
[168.121s] -- Symlinking: /home/ansl/ca_ws/install/px4_msgs/include/px4_msgs/px4_msgs/msg/vehicle_constraints.hpp
[168.126s] -- Symlinking: /home/ansl/ca_ws/install/px4_msgs/include/px4_msgs/px4_msgs/msg/vehicle_control_mode.hpp
[168.132s] -- Symlinking: /home/ansl/ca_ws/install/px4_msgs/include/px4_msgs/px4_msgs/msg/vehicle_global_position.hpp
[168.137s] -- Symlinking: /home/ansl/ca_ws/install/px4_msgs/include/px4_msgs/px4_msgs/msg/vehicle_imu.hpp
[168.142s] -- Symlinking: /home/ansl/ca_ws/install/px4_msgs/include/px4_msgs/px4_msgs/msg/vehicle_imu_status.hpp
[168.148s] -- Symlinking: /home/ansl/ca_ws/install/px4_msgs/include/px4_msgs/px4_msgs/msg/vehicle_land_detected.hpp
[168.153s] -- Symlinking: /home/ansl/ca_ws/install/px4_msgs/include/px4_msgs/px4_msgs/msg/vehicle_local_position.hpp
[168.158s] -- Symlinking: /home/ansl/ca_ws/install/px4_msgs/include/px4_msgs/px4_msgs/msg/vehicle_local_position_setpoint.hpp
[168.163s] -- Symlinking: /home/ansl/ca_ws/install/px4_msgs/include/px4_msgs/px4_msgs/msg/vehicle_magnetometer.hpp
[168.168s] -- Symlinking: /home/ansl/ca_ws/install/px4_msgs/include/px4_msgs/px4_msgs/msg/vehicle_odometry.hpp
[168.173s] -- Symlinking: /home/ansl/ca_ws/install/px4_msgs/include/px4_msgs/px4_msgs/msg/vehicle_optical_flow.hpp
[168.178s] -- Symlinking: /home/ansl/ca_ws/install/px4_msgs/include/px4_msgs/px4_msgs/msg/vehicle_optical_flow_vel.hpp
[168.183s] -- Symlinking: /home/ansl/ca_ws/install/px4_msgs/include/px4_msgs/px4_msgs/msg/vehicle_rates_setpoint.hpp
[168.189s] -- Symlinking: /home/ansl/ca_ws/install/px4_msgs/include/px4_msgs/px4_msgs/msg/vehicle_roi.hpp
[168.194s] -- Symlinking: /home/ansl/ca_ws/install/px4_msgs/include/px4_msgs/px4_msgs/msg/vehicle_status.hpp
[168.199s] -- Symlinking: /home/ansl/ca_ws/install/px4_msgs/include/px4_msgs/px4_msgs/msg/vehicle_thrust_setpoint.hpp
[168.204s] -- Symlinking: /home/ansl/ca_ws/install/px4_msgs/include/px4_msgs/px4_msgs/msg/vehicle_torque_setpoint.hpp
[168.209s] -- Symlinking: /home/ansl/ca_ws/install/px4_msgs/include/px4_msgs/px4_msgs/msg/vehicle_trajectory_bezier.hpp
[168.214s] -- Symlinking: /home/ansl/ca_ws/install/px4_msgs/include/px4_msgs/px4_msgs/msg/vehicle_trajectory_waypoint.hpp
[168.220s] -- Symlinking: /home/ansl/ca_ws/install/px4_msgs/include/px4_msgs/px4_msgs/msg/vtol_vehicle_status.hpp
[168.225s] -- Symlinking: /home/ansl/ca_ws/install/px4_msgs/include/px4_msgs/px4_msgs/msg/wind.hpp
[168.230s] -- Symlinking: /home/ansl/ca_ws/install/px4_msgs/include/px4_msgs/px4_msgs/msg/yaw_estimator_status.hpp
[168.235s] -- Symlinking: /home/ansl/ca_ws/install/px4_msgs/include/px4_msgs/px4_msgs/srv/detail/vehicle_command__builder.hpp
[168.241s] -- Symlinking: /home/ansl/ca_ws/install/px4_msgs/include/px4_msgs/px4_msgs/srv/detail/vehicle_command__struct.hpp
[168.246s] -- Symlinking: /home/ansl/ca_ws/install/px4_msgs/include/px4_msgs/px4_msgs/srv/detail/vehicle_command__traits.hpp
[168.251s] -- Symlinking: /home/ansl/ca_ws/install/px4_msgs/include/px4_msgs/px4_msgs/srv/detail/vehicle_command__type_support.hpp
[168.256s] -- Symlinking: /home/ansl/ca_ws/install/px4_msgs/include/px4_msgs/px4_msgs/srv/vehicle_command.hpp
[168.265s] -- Symlinking: /home/ansl/ca_ws/install/px4_msgs/include/px4_msgs/px4_msgs/msg/detail/action_request__rosidl_typesupport_fastrtps_cpp.hpp
[168.270s] -- Symlinking: /home/ansl/ca_ws/install/px4_msgs/include/px4_msgs/px4_msgs/msg/detail/actuator_armed__rosidl_typesupport_fastrtps_cpp.hpp
[168.275s] -- Symlinking: /home/ansl/ca_ws/install/px4_msgs/include/px4_msgs/px4_msgs/msg/detail/actuator_command__rosidl_typesupport_fastrtps_cpp.hpp
[168.280s] -- Symlinking: /home/ansl/ca_ws/install/px4_msgs/include/px4_msgs/px4_msgs/msg/detail/actuator_controls_status__rosidl_typesupport_fastrtps_cpp.hpp
[168.285s] -- Symlinking: /home/ansl/ca_ws/install/px4_msgs/include/px4_msgs/px4_msgs/msg/detail/actuator_motors__rosidl_typesupport_fastrtps_cpp.hpp
[168.290s] -- Symlinking: /home/ansl/ca_ws/install/px4_msgs/include/px4_msgs/px4_msgs/msg/detail/actuator_outputs__rosidl_typesupport_fastrtps_cpp.hpp
[168.295s] -- Symlinking: /home/ansl/ca_ws/install/px4_msgs/include/px4_msgs/px4_msgs/msg/detail/actuator_servos__rosidl_typesupport_fastrtps_cpp.hpp
[168.301s] -- Symlinking: /home/ansl/ca_ws/install/px4_msgs/include/px4_msgs/px4_msgs/msg/detail/actuator_servos_trim__rosidl_typesupport_fastrtps_cpp.hpp
[168.306s] -- Symlinking: /home/ansl/ca_ws/install/px4_msgs/include/px4_msgs/px4_msgs/msg/detail/actuator_test__rosidl_typesupport_fastrtps_cpp.hpp
[168.311s] -- Symlinking: /home/ansl/ca_ws/install/px4_msgs/include/px4_msgs/px4_msgs/msg/detail/adc_report__rosidl_typesupport_fastrtps_cpp.hpp
[168.316s] -- Symlinking: /home/ansl/ca_ws/install/px4_msgs/include/px4_msgs/px4_msgs/msg/detail/airspeed__rosidl_typesupport_fastrtps_cpp.hpp
[168.321s] -- Symlinking: /home/ansl/ca_ws/install/px4_msgs/include/px4_msgs/px4_msgs/msg/detail/airspeed_validated__rosidl_typesupport_fastrtps_cpp.hpp
[168.326s] -- Symlinking: /home/ansl/ca_ws/install/px4_msgs/include/px4_msgs/px4_msgs/msg/detail/airspeed_wind__rosidl_typesupport_fastrtps_cpp.hpp
[168.331s] -- Symlinking: /home/ansl/ca_ws/install/px4_msgs/include/px4_msgs/px4_msgs/msg/detail/autotune_attitude_control_status__rosidl_typesupport_fastrtps_cpp.hpp
[168.336s] -- Symlinking: /home/ansl/ca_ws/install/px4_msgs/include/px4_msgs/px4_msgs/msg/detail/battery_status__rosidl_typesupport_fastrtps_cpp.hpp
[168.342s] -- Symlinking: /home/ansl/ca_ws/install/px4_msgs/include/px4_msgs/px4_msgs/msg/detail/button_event__rosidl_typesupport_fastrtps_cpp.hpp
[168.347s] -- Symlinking: /home/ansl/ca_ws/install/px4_msgs/include/px4_msgs/px4_msgs/msg/detail/camera_capture__rosidl_typesupport_fastrtps_cpp.hpp
[168.352s] -- Symlinking: /home/ansl/ca_ws/install/px4_msgs/include/px4_msgs/px4_msgs/msg/detail/camera_status__rosidl_typesupport_fastrtps_cpp.hpp
[168.357s] -- Symlinking: /home/ansl/ca_ws/install/px4_msgs/include/px4_msgs/px4_msgs/msg/detail/camera_trigger__rosidl_typesupport_fastrtps_cpp.hpp
[168.362s] -- Symlinking: /home/ansl/ca_ws/install/px4_msgs/include/px4_msgs/px4_msgs/msg/detail/cellular_status__rosidl_typesupport_fastrtps_cpp.hpp
[168.367s] -- Symlinking: /home/ansl/ca_ws/install/px4_msgs/include/px4_msgs/px4_msgs/msg/detail/collision_constraints__rosidl_typesupport_fastrtps_cpp.hpp
[168.372s] -- Symlinking: /home/ansl/ca_ws/install/px4_msgs/include/px4_msgs/px4_msgs/msg/detail/collision_report__rosidl_typesupport_fastrtps_cpp.hpp
[168.377s] -- Symlinking: /home/ansl/ca_ws/install/px4_msgs/include/px4_msgs/px4_msgs/msg/detail/command_values__rosidl_typesupport_fastrtps_cpp.hpp
[168.383s] -- Symlinking: /home/ansl/ca_ws/install/px4_msgs/include/px4_msgs/px4_msgs/msg/detail/control_allocator_status__rosidl_typesupport_fastrtps_cpp.hpp
[168.388s] -- Symlinking: /home/ansl/ca_ws/install/px4_msgs/include/px4_msgs/px4_msgs/msg/detail/cpuload__rosidl_typesupport_fastrtps_cpp.hpp
[168.393s] -- Symlinking: /home/ansl/ca_ws/install/px4_msgs/include/px4_msgs/px4_msgs/msg/detail/debug_array__rosidl_typesupport_fastrtps_cpp.hpp
[168.399s] -- Symlinking: /home/ansl/ca_ws/install/px4_msgs/include/px4_msgs/px4_msgs/msg/detail/debug_key_value__rosidl_typesupport_fastrtps_cpp.hpp
[168.404s] -- Symlinking: /home/ansl/ca_ws/install/px4_msgs/include/px4_msgs/px4_msgs/msg/detail/debug_value__rosidl_typesupport_fastrtps_cpp.hpp
[168.410s] -- Symlinking: /home/ansl/ca_ws/install/px4_msgs/include/px4_msgs/px4_msgs/msg/detail/debug_vect__rosidl_typesupport_fastrtps_cpp.hpp
[168.415s] -- Symlinking: /home/ansl/ca_ws/install/px4_msgs/include/px4_msgs/px4_msgs/msg/detail/differential_pressure__rosidl_typesupport_fastrtps_cpp.hpp
[168.420s] -- Symlinking: /home/ansl/ca_ws/install/px4_msgs/include/px4_msgs/px4_msgs/msg/detail/distance_sensor__rosidl_typesupport_fastrtps_cpp.hpp
[168.426s] -- Symlinking: /home/ansl/ca_ws/install/px4_msgs/include/px4_msgs/px4_msgs/msg/detail/ekf2_timestamps__rosidl_typesupport_fastrtps_cpp.hpp
[168.431s] -- Symlinking: /home/ansl/ca_ws/install/px4_msgs/include/px4_msgs/px4_msgs/msg/detail/esc_report__rosidl_typesupport_fastrtps_cpp.hpp
[168.436s] -- Symlinking: /home/ansl/ca_ws/install/px4_msgs/include/px4_msgs/px4_msgs/msg/detail/esc_status__rosidl_typesupport_fastrtps_cpp.hpp
[168.441s] -- Symlinking: /home/ansl/ca_ws/install/px4_msgs/include/px4_msgs/px4_msgs/msg/detail/estimator_aid_source1d__rosidl_typesupport_fastrtps_cpp.hpp
[168.446s] -- Symlinking: /home/ansl/ca_ws/install/px4_msgs/include/px4_msgs/px4_msgs/msg/detail/estimator_aid_source2d__rosidl_typesupport_fastrtps_cpp.hpp
[168.452s] -- Symlinking: /home/ansl/ca_ws/install/px4_msgs/include/px4_msgs/px4_msgs/msg/detail/estimator_aid_source3d__rosidl_typesupport_fastrtps_cpp.hpp
[168.457s] -- Symlinking: /home/ansl/ca_ws/install/px4_msgs/include/px4_msgs/px4_msgs/msg/detail/estimator_bias3d__rosidl_typesupport_fastrtps_cpp.hpp
[168.462s] -- Symlinking: /home/ansl/ca_ws/install/px4_msgs/include/px4_msgs/px4_msgs/msg/detail/estimator_bias__rosidl_typesupport_fastrtps_cpp.hpp
[168.468s] -- Symlinking: /home/ansl/ca_ws/install/px4_msgs/include/px4_msgs/px4_msgs/msg/detail/estimator_event_flags__rosidl_typesupport_fastrtps_cpp.hpp
[168.473s] -- Symlinking: /home/ansl/ca_ws/install/px4_msgs/include/px4_msgs/px4_msgs/msg/detail/estimator_gps_status__rosidl_typesupport_fastrtps_cpp.hpp
[168.478s] -- Symlinking: /home/ansl/ca_ws/install/px4_msgs/include/px4_msgs/px4_msgs/msg/detail/estimator_innovations__rosidl_typesupport_fastrtps_cpp.hpp
[168.483s] -- Symlinking: /home/ansl/ca_ws/install/px4_msgs/include/px4_msgs/px4_msgs/msg/detail/estimator_selector_status__rosidl_typesupport_fastrtps_cpp.hpp
[168.488s] -- Symlinking: /home/ansl/ca_ws/install/px4_msgs/include/px4_msgs/px4_msgs/msg/detail/estimator_sensor_bias__rosidl_typesupport_fastrtps_cpp.hpp
[168.493s] -- Symlinking: /home/ansl/ca_ws/install/px4_msgs/include/px4_msgs/px4_msgs/msg/detail/estimator_states__rosidl_typesupport_fastrtps_cpp.hpp
[168.498s] -- Symlinking: /home/ansl/ca_ws/install/px4_msgs/include/px4_msgs/px4_msgs/msg/detail/estimator_status__rosidl_typesupport_fastrtps_cpp.hpp
[168.503s] -- Symlinking: /home/ansl/ca_ws/install/px4_msgs/include/px4_msgs/px4_msgs/msg/detail/estimator_status_flags__rosidl_typesupport_fastrtps_cpp.hpp
[168.509s] -- Symlinking: /home/ansl/ca_ws/install/px4_msgs/include/px4_msgs/px4_msgs/msg/detail/event__rosidl_typesupport_fastrtps_cpp.hpp
[168.514s] -- Symlinking: /home/ansl/ca_ws/install/px4_msgs/include/px4_msgs/px4_msgs/msg/detail/failsafe_flags__rosidl_typesupport_fastrtps_cpp.hpp
[168.519s] -- Symlinking: /home/ansl/ca_ws/install/px4_msgs/include/px4_msgs/px4_msgs/msg/detail/failure_detector_status__rosidl_typesupport_fastrtps_cpp.hpp
[168.525s] -- Symlinking: /home/ansl/ca_ws/install/px4_msgs/include/px4_msgs/px4_msgs/msg/detail/follow_target__rosidl_typesupport_fastrtps_cpp.hpp
[168.530s] -- Symlinking: /home/ansl/ca_ws/install/px4_msgs/include/px4_msgs/px4_msgs/msg/detail/follow_target_estimator__rosidl_typesupport_fastrtps_cpp.hpp
[168.535s] -- Symlinking: /home/ansl/ca_ws/install/px4_msgs/include/px4_msgs/px4_msgs/msg/detail/follow_target_status__rosidl_typesupport_fastrtps_cpp.hpp
[168.540s] -- Symlinking: /home/ansl/ca_ws/install/px4_msgs/include/px4_msgs/px4_msgs/msg/detail/generator_status__rosidl_typesupport_fastrtps_cpp.hpp
[168.545s] -- Symlinking: /home/ansl/ca_ws/install/px4_msgs/include/px4_msgs/px4_msgs/msg/detail/geofence_result__rosidl_typesupport_fastrtps_cpp.hpp
[168.551s] -- Symlinking: /home/ansl/ca_ws/install/px4_msgs/include/px4_msgs/px4_msgs/msg/detail/gimbal_controls__rosidl_typesupport_fastrtps_cpp.hpp
[168.556s] -- Symlinking: /home/ansl/ca_ws/install/px4_msgs/include/px4_msgs/px4_msgs/msg/detail/gimbal_device_attitude_status__rosidl_typesupport_fastrtps_cpp.hpp
[168.561s] -- Symlinking: /home/ansl/ca_ws/install/px4_msgs/include/px4_msgs/px4_msgs/msg/detail/gimbal_device_information__rosidl_typesupport_fastrtps_cpp.hpp
[168.567s] -- Symlinking: /home/ansl/ca_ws/install/px4_msgs/include/px4_msgs/px4_msgs/msg/detail/gimbal_device_set_attitude__rosidl_typesupport_fastrtps_cpp.hpp
[168.572s] -- Symlinking: /home/ansl/ca_ws/install/px4_msgs/include/px4_msgs/px4_msgs/msg/detail/gimbal_manager_information__rosidl_typesupport_fastrtps_cpp.hpp
[168.577s] -- Symlinking: /home/ansl/ca_ws/install/px4_msgs/include/px4_msgs/px4_msgs/msg/detail/gimbal_manager_set_attitude__rosidl_typesupport_fastrtps_cpp.hpp
[168.583s] -- Symlinking: /home/ansl/ca_ws/install/px4_msgs/include/px4_msgs/px4_msgs/msg/detail/gimbal_manager_set_manual_control__rosidl_typesupport_fastrtps_cpp.hpp
[168.588s] -- Symlinking: /home/ansl/ca_ws/install/px4_msgs/include/px4_msgs/px4_msgs/msg/detail/gimbal_manager_status__rosidl_typesupport_fastrtps_cpp.hpp
[168.593s] -- Symlinking: /home/ansl/ca_ws/install/px4_msgs/include/px4_msgs/px4_msgs/msg/detail/gps_dump__rosidl_typesupport_fastrtps_cpp.hpp
[168.599s] -- Symlinking: /home/ansl/ca_ws/install/px4_msgs/include/px4_msgs/px4_msgs/msg/detail/gps_inject_data__rosidl_typesupport_fastrtps_cpp.hpp
[168.604s] -- Symlinking: /home/ansl/ca_ws/install/px4_msgs/include/px4_msgs/px4_msgs/msg/detail/gripper__rosidl_typesupport_fastrtps_cpp.hpp
[168.609s] -- Symlinking: /home/ansl/ca_ws/install/px4_msgs/include/px4_msgs/px4_msgs/msg/detail/health_report__rosidl_typesupport_fastrtps_cpp.hpp
[168.614s] -- Symlinking: /home/ansl/ca_ws/install/px4_msgs/include/px4_msgs/px4_msgs/msg/detail/heater_status__rosidl_typesupport_fastrtps_cpp.hpp
[168.620s] -- Symlinking: /home/ansl/ca_ws/install/px4_msgs/include/px4_msgs/px4_msgs/msg/detail/home_position__rosidl_typesupport_fastrtps_cpp.hpp
[168.625s] -- Symlinking: /home/ansl/ca_ws/install/px4_msgs/include/px4_msgs/px4_msgs/msg/detail/hover_thrust_estimate__rosidl_typesupport_fastrtps_cpp.hpp
[168.630s] -- Symlinking: /home/ansl/ca_ws/install/px4_msgs/include/px4_msgs/px4_msgs/msg/detail/input_rc__rosidl_typesupport_fastrtps_cpp.hpp
[168.635s] -- Symlinking: /home/ansl/ca_ws/install/px4_msgs/include/px4_msgs/px4_msgs/msg/detail/input_tau__rosidl_typesupport_fastrtps_cpp.hpp
[168.640s] -- Symlinking: /home/ansl/ca_ws/install/px4_msgs/include/px4_msgs/px4_msgs/msg/detail/internal_combustion_engine_status__rosidl_typesupport_fastrtps_cpp.hpp
[168.645s] -- Symlinking: /home/ansl/ca_ws/install/px4_msgs/include/px4_msgs/px4_msgs/msg/detail/iridiumsbd_status__rosidl_typesupport_fastrtps_cpp.hpp
[168.651s] -- Symlinking: /home/ansl/ca_ws/install/px4_msgs/include/px4_msgs/px4_msgs/msg/detail/irlock_report__rosidl_typesupport_fastrtps_cpp.hpp
[168.656s] -- Symlinking: /home/ansl/ca_ws/install/px4_msgs/include/px4_msgs/px4_msgs/msg/detail/landing_gear__rosidl_typesupport_fastrtps_cpp.hpp
[168.661s] -- Symlinking: /home/ansl/ca_ws/install/px4_msgs/include/px4_msgs/px4_msgs/msg/detail/landing_gear_wheel__rosidl_typesupport_fastrtps_cpp.hpp
[168.666s] -- Symlinking: /home/ansl/ca_ws/install/px4_msgs/include/px4_msgs/px4_msgs/msg/detail/landing_target_innovations__rosidl_typesupport_fastrtps_cpp.hpp
[168.671s] -- Symlinking: /home/ansl/ca_ws/install/px4_msgs/include/px4_msgs/px4_msgs/msg/detail/landing_target_pose__rosidl_typesupport_fastrtps_cpp.hpp
[168.677s] -- Symlinking: /home/ansl/ca_ws/install/px4_msgs/include/px4_msgs/px4_msgs/msg/detail/launch_detection_status__rosidl_typesupport_fastrtps_cpp.hpp
[168.682s] -- Symlinking: /home/ansl/ca_ws/install/px4_msgs/include/px4_msgs/px4_msgs/msg/detail/led_control__rosidl_typesupport_fastrtps_cpp.hpp
[168.687s] -- Symlinking: /home/ansl/ca_ws/install/px4_msgs/include/px4_msgs/px4_msgs/msg/detail/log_message__rosidl_typesupport_fastrtps_cpp.hpp
[168.692s] -- Symlinking: /home/ansl/ca_ws/install/px4_msgs/include/px4_msgs/px4_msgs/msg/detail/logger_status__rosidl_typesupport_fastrtps_cpp.hpp
[168.698s] -- Symlinking: /home/ansl/ca_ws/install/px4_msgs/include/px4_msgs/px4_msgs/msg/detail/mag_worker_data__rosidl_typesupport_fastrtps_cpp.hpp
[168.703s] -- Symlinking: /home/ansl/ca_ws/install/px4_msgs/include/px4_msgs/px4_msgs/msg/detail/magnetometer_bias_estimate__rosidl_typesupport_fastrtps_cpp.hpp
[168.708s] -- Symlinking: /home/ansl/ca_ws/install/px4_msgs/include/px4_msgs/px4_msgs/msg/detail/manual_control_setpoint__rosidl_typesupport_fastrtps_cpp.hpp
[168.713s] -- Symlinking: /home/ansl/ca_ws/install/px4_msgs/include/px4_msgs/px4_msgs/msg/detail/manual_control_switches__rosidl_typesupport_fastrtps_cpp.hpp
[168.718s] -- Symlinking: /home/ansl/ca_ws/install/px4_msgs/include/px4_msgs/px4_msgs/msg/detail/mavlink_log__rosidl_typesupport_fastrtps_cpp.hpp
[168.723s] -- Symlinking: /home/ansl/ca_ws/install/px4_msgs/include/px4_msgs/px4_msgs/msg/detail/mavlink_tunnel__rosidl_typesupport_fastrtps_cpp.hpp
[168.728s] -- Symlinking: /home/ansl/ca_ws/install/px4_msgs/include/px4_msgs/px4_msgs/msg/detail/mission__rosidl_typesupport_fastrtps_cpp.hpp
[168.733s] -- Symlinking: /home/ansl/ca_ws/install/px4_msgs/include/px4_msgs/px4_msgs/msg/detail/mission_result__rosidl_typesupport_fastrtps_cpp.hpp
[168.738s] -- Symlinking: /home/ansl/ca_ws/install/px4_msgs/include/px4_msgs/px4_msgs/msg/detail/mode_completed__rosidl_typesupport_fastrtps_cpp.hpp
[168.744s] -- Symlinking: /home/ansl/ca_ws/install/px4_msgs/include/px4_msgs/px4_msgs/msg/detail/mode_flag__rosidl_typesupport_fastrtps_cpp.hpp
[168.749s] -- Symlinking: /home/ansl/ca_ws/install/px4_msgs/include/px4_msgs/px4_msgs/msg/detail/mount_orientation__rosidl_typesupport_fastrtps_cpp.hpp
[168.754s] -- Symlinking: /home/ansl/ca_ws/install/px4_msgs/include/px4_msgs/px4_msgs/msg/detail/navigator_mission_item__rosidl_typesupport_fastrtps_cpp.hpp
[168.759s] -- Symlinking: /home/ansl/ca_ws/install/px4_msgs/include/px4_msgs/px4_msgs/msg/detail/normalized_unsigned_setpoint__rosidl_typesupport_fastrtps_cpp.hpp
[168.765s] -- Symlinking: /home/ansl/ca_ws/install/px4_msgs/include/px4_msgs/px4_msgs/msg/detail/npfg_status__rosidl_typesupport_fastrtps_cpp.hpp
[168.770s] -- Symlinking: /home/ansl/ca_ws/install/px4_msgs/include/px4_msgs/px4_msgs/msg/detail/obstacle_distance__rosidl_typesupport_fastrtps_cpp.hpp
[168.775s] -- Symlinking: /home/ansl/ca_ws/install/px4_msgs/include/px4_msgs/px4_msgs/msg/detail/offboard_control_mode__rosidl_typesupport_fastrtps_cpp.hpp
[168.780s] -- Symlinking: /home/ansl/ca_ws/install/px4_msgs/include/px4_msgs/px4_msgs/msg/detail/onboard_computer_status__rosidl_typesupport_fastrtps_cpp.hpp
[168.785s] -- Symlinking: /home/ansl/ca_ws/install/px4_msgs/include/px4_msgs/px4_msgs/msg/detail/orb_test__rosidl_typesupport_fastrtps_cpp.hpp
[168.790s] -- Symlinking: /home/ansl/ca_ws/install/px4_msgs/include/px4_msgs/px4_msgs/msg/detail/orb_test_large__rosidl_typesupport_fastrtps_cpp.hpp
[168.796s] -- Symlinking: /home/ansl/ca_ws/install/px4_msgs/include/px4_msgs/px4_msgs/msg/detail/orb_test_medium__rosidl_typesupport_fastrtps_cpp.hpp
[168.801s] -- Symlinking: /home/ansl/ca_ws/install/px4_msgs/include/px4_msgs/px4_msgs/msg/detail/orbit_status__rosidl_typesupport_fastrtps_cpp.hpp
[168.806s] -- Symlinking: /home/ansl/ca_ws/install/px4_msgs/include/px4_msgs/px4_msgs/msg/detail/output_test__rosidl_typesupport_fastrtps_cpp.hpp
[168.811s] -- Symlinking: /home/ansl/ca_ws/install/px4_msgs/include/px4_msgs/px4_msgs/msg/detail/parameter_update__rosidl_typesupport_fastrtps_cpp.hpp
[168.815s] -- Symlinking: /home/ansl/ca_ws/install/px4_msgs/include/px4_msgs/px4_msgs/msg/detail/ping__rosidl_typesupport_fastrtps_cpp.hpp
[168.821s] -- Symlinking: /home/ansl/ca_ws/install/px4_msgs/include/px4_msgs/px4_msgs/msg/detail/position_controller_landing_status__rosidl_typesupport_fastrtps_cpp.hpp
[168.826s] -- Symlinking: /home/ansl/ca_ws/install/px4_msgs/include/px4_msgs/px4_msgs/msg/detail/position_controller_status__rosidl_typesupport_fastrtps_cpp.hpp
[168.832s] -- Symlinking: /home/ansl/ca_ws/install/px4_msgs/include/px4_msgs/px4_msgs/msg/detail/position_setpoint__rosidl_typesupport_fastrtps_cpp.hpp
[168.837s] -- Symlinking: /home/ansl/ca_ws/install/px4_msgs/include/px4_msgs/px4_msgs/msg/detail/position_setpoint_triplet__rosidl_typesupport_fastrtps_cpp.hpp
[168.842s] -- Symlinking: /home/ansl/ca_ws/install/px4_msgs/include/px4_msgs/px4_msgs/msg/detail/power_button_state__rosidl_typesupport_fastrtps_cpp.hpp
[168.848s] -- Symlinking: /home/ansl/ca_ws/install/px4_msgs/include/px4_msgs/px4_msgs/msg/detail/power_monitor__rosidl_typesupport_fastrtps_cpp.hpp
[168.853s] -- Symlinking: /home/ansl/ca_ws/install/px4_msgs/include/px4_msgs/px4_msgs/msg/detail/pps_capture__rosidl_typesupport_fastrtps_cpp.hpp
[168.858s] -- Symlinking: /home/ansl/ca_ws/install/px4_msgs/include/px4_msgs/px4_msgs/msg/detail/pwm_input__rosidl_typesupport_fastrtps_cpp.hpp
[168.864s] -- Symlinking: /home/ansl/ca_ws/install/px4_msgs/include/px4_msgs/px4_msgs/msg/detail/px4io_status__rosidl_typesupport_fastrtps_cpp.hpp
[168.869s] -- Symlinking: /home/ansl/ca_ws/install/px4_msgs/include/px4_msgs/px4_msgs/msg/detail/qshell_req__rosidl_typesupport_fastrtps_cpp.hpp
[168.874s] -- Symlinking: /home/ansl/ca_ws/install/px4_msgs/include/px4_msgs/px4_msgs/msg/detail/qshell_retval__rosidl_typesupport_fastrtps_cpp.hpp
[168.879s] -- Symlinking: /home/ansl/ca_ws/install/px4_msgs/include/px4_msgs/px4_msgs/msg/detail/radio_status__rosidl_typesupport_fastrtps_cpp.hpp
[168.884s] -- Symlinking: /home/ansl/ca_ws/install/px4_msgs/include/px4_msgs/px4_msgs/msg/detail/rate_ctrl_status__rosidl_typesupport_fastrtps_cpp.hpp
[168.889s] -- Symlinking: /home/ansl/ca_ws/install/px4_msgs/include/px4_msgs/px4_msgs/msg/detail/rc_channels__rosidl_typesupport_fastrtps_cpp.hpp
[168.894s] -- Symlinking: /home/ansl/ca_ws/install/px4_msgs/include/px4_msgs/px4_msgs/msg/detail/rc_parameter_map__rosidl_typesupport_fastrtps_cpp.hpp
[168.899s] -- Symlinking: /home/ansl/ca_ws/install/px4_msgs/include/px4_msgs/px4_msgs/msg/detail/rpm__rosidl_typesupport_fastrtps_cpp.hpp
[168.909s] -- Symlinking: /home/ansl/ca_ws/install/px4_msgs/include/px4_msgs/px4_msgs/msg/detail/rtl_time_estimate__rosidl_typesupport_fastrtps_cpp.hpp
[168.915s] -- Symlinking: /home/ansl/ca_ws/install/px4_msgs/include/px4_msgs/px4_msgs/msg/detail/satellite_info__rosidl_typesupport_fastrtps_cpp.hpp
[168.920s] -- Symlinking: /home/ansl/ca_ws/install/px4_msgs/include/px4_msgs/px4_msgs/msg/detail/sensor_accel__rosidl_typesupport_fastrtps_cpp.hpp
[168.926s] -- Symlinking: /home/ansl/ca_ws/install/px4_msgs/include/px4_msgs/px4_msgs/msg/detail/sensor_accel_fifo__rosidl_typesupport_fastrtps_cpp.hpp
[168.931s] -- Symlinking: /home/ansl/ca_ws/install/px4_msgs/include/px4_msgs/px4_msgs/msg/detail/sensor_baro__rosidl_typesupport_fastrtps_cpp.hpp
[168.936s] -- Symlinking: /home/ansl/ca_ws/install/px4_msgs/include/px4_msgs/px4_msgs/msg/detail/sensor_combined__rosidl_typesupport_fastrtps_cpp.hpp
[168.942s] -- Symlinking: /home/ansl/ca_ws/install/px4_msgs/include/px4_msgs/px4_msgs/msg/detail/sensor_correction__rosidl_typesupport_fastrtps_cpp.hpp
[168.947s] -- Symlinking: /home/ansl/ca_ws/install/px4_msgs/include/px4_msgs/px4_msgs/msg/detail/sensor_gnss_relative__rosidl_typesupport_fastrtps_cpp.hpp
[168.952s] -- Symlinking: /home/ansl/ca_ws/install/px4_msgs/include/px4_msgs/px4_msgs/msg/detail/sensor_gps__rosidl_typesupport_fastrtps_cpp.hpp
[168.957s] -- Symlinking: /home/ansl/ca_ws/install/px4_msgs/include/px4_msgs/px4_msgs/msg/detail/sensor_gyro__rosidl_typesupport_fastrtps_cpp.hpp
[168.962s] -- Symlinking: /home/ansl/ca_ws/install/px4_msgs/include/px4_msgs/px4_msgs/msg/detail/sensor_gyro_fft__rosidl_typesupport_fastrtps_cpp.hpp
[168.967s] -- Symlinking: /home/ansl/ca_ws/install/px4_msgs/include/px4_msgs/px4_msgs/msg/detail/sensor_gyro_fifo__rosidl_typesupport_fastrtps_cpp.hpp
[168.973s] -- Symlinking: /home/ansl/ca_ws/install/px4_msgs/include/px4_msgs/px4_msgs/msg/detail/sensor_hygrometer__rosidl_typesupport_fastrtps_cpp.hpp
[168.978s] -- Symlinking: /home/ansl/ca_ws/install/px4_msgs/include/px4_msgs/px4_msgs/msg/detail/sensor_mag__rosidl_typesupport_fastrtps_cpp.hpp
[168.983s] -- Symlinking: /home/ansl/ca_ws/install/px4_msgs/include/px4_msgs/px4_msgs/msg/detail/sensor_optical_flow__rosidl_typesupport_fastrtps_cpp.hpp
[168.988s] -- Symlinking: /home/ansl/ca_ws/install/px4_msgs/include/px4_msgs/px4_msgs/msg/detail/sensor_preflight_mag__rosidl_typesupport_fastrtps_cpp.hpp
[168.993s] -- Symlinking: /home/ansl/ca_ws/install/px4_msgs/include/px4_msgs/px4_msgs/msg/detail/sensor_selection__rosidl_typesupport_fastrtps_cpp.hpp
[168.999s] -- Symlinking: /home/ansl/ca_ws/install/px4_msgs/include/px4_msgs/px4_msgs/msg/detail/sensor_uwb__rosidl_typesupport_fastrtps_cpp.hpp
[169.004s] -- Symlinking: /home/ansl/ca_ws/install/px4_msgs/include/px4_msgs/px4_msgs/msg/detail/sensors_status__rosidl_typesupport_fastrtps_cpp.hpp
[169.009s] -- Symlinking: /home/ansl/ca_ws/install/px4_msgs/include/px4_msgs/px4_msgs/msg/detail/sensors_status_imu__rosidl_typesupport_fastrtps_cpp.hpp
[169.015s] -- Symlinking: /home/ansl/ca_ws/install/px4_msgs/include/px4_msgs/px4_msgs/msg/detail/simulink_custom_message__rosidl_typesupport_fastrtps_cpp.hpp
[169.020s] -- Symlinking: /home/ansl/ca_ws/install/px4_msgs/include/px4_msgs/px4_msgs/msg/detail/states_and_actuators__rosidl_typesupport_fastrtps_cpp.hpp
[169.025s] -- Symlinking: /home/ansl/ca_ws/install/px4_msgs/include/px4_msgs/px4_msgs/msg/detail/system_power__rosidl_typesupport_fastrtps_cpp.hpp
[169.031s] -- Symlinking: /home/ansl/ca_ws/install/px4_msgs/include/px4_msgs/px4_msgs/msg/detail/takeoff_status__rosidl_typesupport_fastrtps_cpp.hpp
[169.036s] -- Symlinking: /home/ansl/ca_ws/install/px4_msgs/include/px4_msgs/px4_msgs/msg/detail/task_stack_info__rosidl_typesupport_fastrtps_cpp.hpp
[169.042s] -- Symlinking: /home/ansl/ca_ws/install/px4_msgs/include/px4_msgs/px4_msgs/msg/detail/tecs_status__rosidl_typesupport_fastrtps_cpp.hpp
[169.047s] -- Symlinking: /home/ansl/ca_ws/install/px4_msgs/include/px4_msgs/px4_msgs/msg/detail/telemetry_status__rosidl_typesupport_fastrtps_cpp.hpp
[169.052s] -- Symlinking: /home/ansl/ca_ws/install/px4_msgs/include/px4_msgs/px4_msgs/msg/detail/tiltrotor_extra_controls__rosidl_typesupport_fastrtps_cpp.hpp
[169.058s] -- Symlinking: /home/ansl/ca_ws/install/px4_msgs/include/px4_msgs/px4_msgs/msg/detail/timesync_status__rosidl_typesupport_fastrtps_cpp.hpp
[169.063s] -- Symlinking: /home/ansl/ca_ws/install/px4_msgs/include/px4_msgs/px4_msgs/msg/detail/trajectory_bezier__rosidl_typesupport_fastrtps_cpp.hpp
[169.068s] -- Symlinking: /home/ansl/ca_ws/install/px4_msgs/include/px4_msgs/px4_msgs/msg/detail/trajectory_setpoint__rosidl_typesupport_fastrtps_cpp.hpp
[169.073s] -- Symlinking: /home/ansl/ca_ws/install/px4_msgs/include/px4_msgs/px4_msgs/msg/detail/trajectory_waypoint__rosidl_typesupport_fastrtps_cpp.hpp
[169.079s] -- Symlinking: /home/ansl/ca_ws/install/px4_msgs/include/px4_msgs/px4_msgs/msg/detail/transponder_report__rosidl_typesupport_fastrtps_cpp.hpp
[169.084s] -- Symlinking: /home/ansl/ca_ws/install/px4_msgs/include/px4_msgs/px4_msgs/msg/detail/tune_control__rosidl_typesupport_fastrtps_cpp.hpp
[169.089s] -- Symlinking: /home/ansl/ca_ws/install/px4_msgs/include/px4_msgs/px4_msgs/msg/detail/uavcan_parameter_request__rosidl_typesupport_fastrtps_cpp.hpp
[169.094s] -- Symlinking: /home/ansl/ca_ws/install/px4_msgs/include/px4_msgs/px4_msgs/msg/detail/uavcan_parameter_value__rosidl_typesupport_fastrtps_cpp.hpp
[169.099s] -- Symlinking: /home/ansl/ca_ws/install/px4_msgs/include/px4_msgs/px4_msgs/msg/detail/ulog_stream__rosidl_typesupport_fastrtps_cpp.hpp
[169.104s] -- Symlinking: /home/ansl/ca_ws/install/px4_msgs/include/px4_msgs/px4_msgs/msg/detail/ulog_stream_ack__rosidl_typesupport_fastrtps_cpp.hpp
[169.109s] -- Symlinking: /home/ansl/ca_ws/install/px4_msgs/include/px4_msgs/px4_msgs/msg/detail/vehicle_acceleration__rosidl_typesupport_fastrtps_cpp.hpp
[169.114s] -- Symlinking: /home/ansl/ca_ws/install/px4_msgs/include/px4_msgs/px4_msgs/msg/detail/vehicle_air_data__rosidl_typesupport_fastrtps_cpp.hpp
[169.120s] -- Symlinking: /home/ansl/ca_ws/install/px4_msgs/include/px4_msgs/px4_msgs/msg/detail/vehicle_angular_acceleration_setpoint__rosidl_typesupport_fastrtps_cpp.hpp
[169.125s] -- Symlinking: /home/ansl/ca_ws/install/px4_msgs/include/px4_msgs/px4_msgs/msg/detail/vehicle_angular_velocity__rosidl_typesupport_fastrtps_cpp.hpp
[169.131s] -- Symlinking: /home/ansl/ca_ws/install/px4_msgs/include/px4_msgs/px4_msgs/msg/detail/vehicle_attitude__rosidl_typesupport_fastrtps_cpp.hpp
[169.136s] -- Symlinking: /home/ansl/ca_ws/install/px4_msgs/include/px4_msgs/px4_msgs/msg/detail/vehicle_attitude_setpoint__rosidl_typesupport_fastrtps_cpp.hpp
[169.143s] -- Symlinking: /home/ansl/ca_ws/install/px4_msgs/include/px4_msgs/px4_msgs/msg/detail/vehicle_command__rosidl_typesupport_fastrtps_cpp.hpp
[169.148s] -- Symlinking: /home/ansl/ca_ws/install/px4_msgs/include/px4_msgs/px4_msgs/msg/detail/vehicle_command_ack__rosidl_typesupport_fastrtps_cpp.hpp
[169.155s] -- Symlinking: /home/ansl/ca_ws/install/px4_msgs/include/px4_msgs/px4_msgs/msg/detail/vehicle_constraints__rosidl_typesupport_fastrtps_cpp.hpp
[169.160s] -- Symlinking: /home/ansl/ca_ws/install/px4_msgs/include/px4_msgs/px4_msgs/msg/detail/vehicle_control_mode__rosidl_typesupport_fastrtps_cpp.hpp
[169.167s] -- Symlinking: /home/ansl/ca_ws/install/px4_msgs/include/px4_msgs/px4_msgs/msg/detail/vehicle_global_position__rosidl_typesupport_fastrtps_cpp.hpp
[169.172s] -- Symlinking: /home/ansl/ca_ws/install/px4_msgs/include/px4_msgs/px4_msgs/msg/detail/vehicle_imu__rosidl_typesupport_fastrtps_cpp.hpp
[169.179s] -- Symlinking: /home/ansl/ca_ws/install/px4_msgs/include/px4_msgs/px4_msgs/msg/detail/vehicle_imu_status__rosidl_typesupport_fastrtps_cpp.hpp
[169.184s] -- Symlinking: /home/ansl/ca_ws/install/px4_msgs/include/px4_msgs/px4_msgs/msg/detail/vehicle_land_detected__rosidl_typesupport_fastrtps_cpp.hpp
[169.190s] -- Symlinking: /home/ansl/ca_ws/install/px4_msgs/include/px4_msgs/px4_msgs/msg/detail/vehicle_local_position__rosidl_typesupport_fastrtps_cpp.hpp
[169.197s] -- Symlinking: /home/ansl/ca_ws/install/px4_msgs/include/px4_msgs/px4_msgs/msg/detail/vehicle_local_position_setpoint__rosidl_typesupport_fastrtps_cpp.hpp
[169.203s] -- Symlinking: /home/ansl/ca_ws/install/px4_msgs/include/px4_msgs/px4_msgs/msg/detail/vehicle_magnetometer__rosidl_typesupport_fastrtps_cpp.hpp
[169.209s] -- Symlinking: /home/ansl/ca_ws/install/px4_msgs/include/px4_msgs/px4_msgs/msg/detail/vehicle_odometry__rosidl_typesupport_fastrtps_cpp.hpp
[169.215s] -- Symlinking: /home/ansl/ca_ws/install/px4_msgs/include/px4_msgs/px4_msgs/msg/detail/vehicle_optical_flow__rosidl_typesupport_fastrtps_cpp.hpp
[169.220s] -- Symlinking: /home/ansl/ca_ws/install/px4_msgs/include/px4_msgs/px4_msgs/msg/detail/vehicle_optical_flow_vel__rosidl_typesupport_fastrtps_cpp.hpp
[169.227s] -- Symlinking: /home/ansl/ca_ws/install/px4_msgs/include/px4_msgs/px4_msgs/msg/detail/vehicle_rates_setpoint__rosidl_typesupport_fastrtps_cpp.hpp
[169.233s] -- Symlinking: /home/ansl/ca_ws/install/px4_msgs/include/px4_msgs/px4_msgs/msg/detail/vehicle_roi__rosidl_typesupport_fastrtps_cpp.hpp
[169.239s] -- Symlinking: /home/ansl/ca_ws/install/px4_msgs/include/px4_msgs/px4_msgs/msg/detail/vehicle_status__rosidl_typesupport_fastrtps_cpp.hpp
[169.245s] -- Symlinking: /home/ansl/ca_ws/install/px4_msgs/include/px4_msgs/px4_msgs/msg/detail/vehicle_thrust_setpoint__rosidl_typesupport_fastrtps_cpp.hpp
[169.250s] -- Symlinking: /home/ansl/ca_ws/install/px4_msgs/include/px4_msgs/px4_msgs/msg/detail/vehicle_torque_setpoint__rosidl_typesupport_fastrtps_cpp.hpp
[169.255s] -- Symlinking: /home/ansl/ca_ws/install/px4_msgs/include/px4_msgs/px4_msgs/msg/detail/vehicle_trajectory_bezier__rosidl_typesupport_fastrtps_cpp.hpp
[169.260s] -- Symlinking: /home/ansl/ca_ws/install/px4_msgs/include/px4_msgs/px4_msgs/msg/detail/vehicle_trajectory_waypoint__rosidl_typesupport_fastrtps_cpp.hpp
[169.267s] -- Symlinking: /home/ansl/ca_ws/install/px4_msgs/include/px4_msgs/px4_msgs/msg/detail/vtol_vehicle_status__rosidl_typesupport_fastrtps_cpp.hpp
[169.272s] -- Symlinking: /home/ansl/ca_ws/install/px4_msgs/include/px4_msgs/px4_msgs/msg/detail/wind__rosidl_typesupport_fastrtps_cpp.hpp
[169.278s] -- Symlinking: /home/ansl/ca_ws/install/px4_msgs/include/px4_msgs/px4_msgs/msg/detail/yaw_estimator_status__rosidl_typesupport_fastrtps_cpp.hpp
[169.285s] -- Symlinking: /home/ansl/ca_ws/install/px4_msgs/include/px4_msgs/px4_msgs/msg/rosidl_typesupport_fastrtps_cpp__visibility_control.h
[169.290s] -- Symlinking: /home/ansl/ca_ws/install/px4_msgs/include/px4_msgs/px4_msgs/srv/detail/vehicle_command__rosidl_typesupport_fastrtps_cpp.hpp
[169.298s] -- Symlinking: /home/ansl/ca_ws/install/px4_msgs/include/px4_msgs/px4_msgs/msg/detail/action_request__rosidl_typesupport_introspection_c.h
[169.304s] -- Symlinking: /home/ansl/ca_ws/install/px4_msgs/include/px4_msgs/px4_msgs/msg/detail/actuator_armed__rosidl_typesupport_introspection_c.h
[169.310s] -- Symlinking: /home/ansl/ca_ws/install/px4_msgs/include/px4_msgs/px4_msgs/msg/detail/actuator_command__rosidl_typesupport_introspection_c.h
[169.316s] -- Symlinking: /home/ansl/ca_ws/install/px4_msgs/include/px4_msgs/px4_msgs/msg/detail/actuator_controls_status__rosidl_typesupport_introspection_c.h
[169.322s] -- Symlinking: /home/ansl/ca_ws/install/px4_msgs/include/px4_msgs/px4_msgs/msg/detail/actuator_motors__rosidl_typesupport_introspection_c.h
[169.327s] -- Symlinking: /home/ansl/ca_ws/install/px4_msgs/include/px4_msgs/px4_msgs/msg/detail/actuator_outputs__rosidl_typesupport_introspection_c.h
[169.332s] -- Symlinking: /home/ansl/ca_ws/install/px4_msgs/include/px4_msgs/px4_msgs/msg/detail/actuator_servos__rosidl_typesupport_introspection_c.h
[169.338s] -- Symlinking: /home/ansl/ca_ws/install/px4_msgs/include/px4_msgs/px4_msgs/msg/detail/actuator_servos_trim__rosidl_typesupport_introspection_c.h
[169.343s] -- Symlinking: /home/ansl/ca_ws/install/px4_msgs/include/px4_msgs/px4_msgs/msg/detail/actuator_test__rosidl_typesupport_introspection_c.h
[169.349s] -- Symlinking: /home/ansl/ca_ws/install/px4_msgs/include/px4_msgs/px4_msgs/msg/detail/adc_report__rosidl_typesupport_introspection_c.h
[169.354s] -- Symlinking: /home/ansl/ca_ws/install/px4_msgs/include/px4_msgs/px4_msgs/msg/detail/airspeed__rosidl_typesupport_introspection_c.h
[169.359s] -- Symlinking: /home/ansl/ca_ws/install/px4_msgs/include/px4_msgs/px4_msgs/msg/detail/airspeed_validated__rosidl_typesupport_introspection_c.h
[169.365s] -- Symlinking: /home/ansl/ca_ws/install/px4_msgs/include/px4_msgs/px4_msgs/msg/detail/airspeed_wind__rosidl_typesupport_introspection_c.h
[169.370s] -- Symlinking: /home/ansl/ca_ws/install/px4_msgs/include/px4_msgs/px4_msgs/msg/detail/autotune_attitude_control_status__rosidl_typesupport_introspection_c.h
[169.375s] -- Symlinking: /home/ansl/ca_ws/install/px4_msgs/include/px4_msgs/px4_msgs/msg/detail/battery_status__rosidl_typesupport_introspection_c.h
[169.380s] -- Symlinking: /home/ansl/ca_ws/install/px4_msgs/include/px4_msgs/px4_msgs/msg/detail/button_event__rosidl_typesupport_introspection_c.h
[169.385s] -- Symlinking: /home/ansl/ca_ws/install/px4_msgs/include/px4_msgs/px4_msgs/msg/detail/camera_capture__rosidl_typesupport_introspection_c.h
[169.391s] -- Symlinking: /home/ansl/ca_ws/install/px4_msgs/include/px4_msgs/px4_msgs/msg/detail/camera_status__rosidl_typesupport_introspection_c.h
[169.396s] -- Symlinking: /home/ansl/ca_ws/install/px4_msgs/include/px4_msgs/px4_msgs/msg/detail/camera_trigger__rosidl_typesupport_introspection_c.h
[169.401s] -- Symlinking: /home/ansl/ca_ws/install/px4_msgs/include/px4_msgs/px4_msgs/msg/detail/cellular_status__rosidl_typesupport_introspection_c.h
[169.406s] -- Symlinking: /home/ansl/ca_ws/install/px4_msgs/include/px4_msgs/px4_msgs/msg/detail/collision_constraints__rosidl_typesupport_introspection_c.h
[169.412s] -- Symlinking: /home/ansl/ca_ws/install/px4_msgs/include/px4_msgs/px4_msgs/msg/detail/collision_report__rosidl_typesupport_introspection_c.h
[169.417s] -- Symlinking: /home/ansl/ca_ws/install/px4_msgs/include/px4_msgs/px4_msgs/msg/detail/command_values__rosidl_typesupport_introspection_c.h
[169.422s] -- Symlinking: /home/ansl/ca_ws/install/px4_msgs/include/px4_msgs/px4_msgs/msg/detail/control_allocator_status__rosidl_typesupport_introspection_c.h
[169.428s] -- Symlinking: /home/ansl/ca_ws/install/px4_msgs/include/px4_msgs/px4_msgs/msg/detail/cpuload__rosidl_typesupport_introspection_c.h
[169.433s] -- Symlinking: /home/ansl/ca_ws/install/px4_msgs/include/px4_msgs/px4_msgs/msg/detail/debug_array__rosidl_typesupport_introspection_c.h
[169.438s] -- Symlinking: /home/ansl/ca_ws/install/px4_msgs/include/px4_msgs/px4_msgs/msg/detail/debug_key_value__rosidl_typesupport_introspection_c.h
[169.444s] -- Symlinking: /home/ansl/ca_ws/install/px4_msgs/include/px4_msgs/px4_msgs/msg/detail/debug_value__rosidl_typesupport_introspection_c.h
[169.449s] -- Symlinking: /home/ansl/ca_ws/install/px4_msgs/include/px4_msgs/px4_msgs/msg/detail/debug_vect__rosidl_typesupport_introspection_c.h
[169.454s] -- Symlinking: /home/ansl/ca_ws/install/px4_msgs/include/px4_msgs/px4_msgs/msg/detail/differential_pressure__rosidl_typesupport_introspection_c.h
[169.459s] -- Symlinking: /home/ansl/ca_ws/install/px4_msgs/include/px4_msgs/px4_msgs/msg/detail/distance_sensor__rosidl_typesupport_introspection_c.h
[169.464s] -- Symlinking: /home/ansl/ca_ws/install/px4_msgs/include/px4_msgs/px4_msgs/msg/detail/ekf2_timestamps__rosidl_typesupport_introspection_c.h
[169.470s] -- Symlinking: /home/ansl/ca_ws/install/px4_msgs/include/px4_msgs/px4_msgs/msg/detail/esc_report__rosidl_typesupport_introspection_c.h
[169.476s] -- Symlinking: /home/ansl/ca_ws/install/px4_msgs/include/px4_msgs/px4_msgs/msg/detail/esc_status__rosidl_typesupport_introspection_c.h
[169.481s] -- Symlinking: /home/ansl/ca_ws/install/px4_msgs/include/px4_msgs/px4_msgs/msg/detail/estimator_aid_source1d__rosidl_typesupport_introspection_c.h
[169.486s] -- Symlinking: /home/ansl/ca_ws/install/px4_msgs/include/px4_msgs/px4_msgs/msg/detail/estimator_aid_source2d__rosidl_typesupport_introspection_c.h
[169.491s] -- Symlinking: /home/ansl/ca_ws/install/px4_msgs/include/px4_msgs/px4_msgs/msg/detail/estimator_aid_source3d__rosidl_typesupport_introspection_c.h
[169.496s] -- Symlinking: /home/ansl/ca_ws/install/px4_msgs/include/px4_msgs/px4_msgs/msg/detail/estimator_bias3d__rosidl_typesupport_introspection_c.h
[169.501s] -- Symlinking: /home/ansl/ca_ws/install/px4_msgs/include/px4_msgs/px4_msgs/msg/detail/estimator_bias__rosidl_typesupport_introspection_c.h
[169.506s] -- Symlinking: /home/ansl/ca_ws/install/px4_msgs/include/px4_msgs/px4_msgs/msg/detail/estimator_event_flags__rosidl_typesupport_introspection_c.h
[169.511s] -- Symlinking: /home/ansl/ca_ws/install/px4_msgs/include/px4_msgs/px4_msgs/msg/detail/estimator_gps_status__rosidl_typesupport_introspection_c.h
[169.517s] -- Symlinking: /home/ansl/ca_ws/install/px4_msgs/include/px4_msgs/px4_msgs/msg/detail/estimator_innovations__rosidl_typesupport_introspection_c.h
[169.522s] -- Symlinking: /home/ansl/ca_ws/install/px4_msgs/include/px4_msgs/px4_msgs/msg/detail/estimator_selector_status__rosidl_typesupport_introspection_c.h
[169.527s] -- Symlinking: /home/ansl/ca_ws/install/px4_msgs/include/px4_msgs/px4_msgs/msg/detail/estimator_sensor_bias__rosidl_typesupport_introspection_c.h
[169.532s] -- Symlinking: /home/ansl/ca_ws/install/px4_msgs/include/px4_msgs/px4_msgs/msg/detail/estimator_states__rosidl_typesupport_introspection_c.h
[169.537s] -- Symlinking: /home/ansl/ca_ws/install/px4_msgs/include/px4_msgs/px4_msgs/msg/detail/estimator_status__rosidl_typesupport_introspection_c.h
[169.543s] -- Symlinking: /home/ansl/ca_ws/install/px4_msgs/include/px4_msgs/px4_msgs/msg/detail/estimator_status_flags__rosidl_typesupport_introspection_c.h
[169.548s] -- Symlinking: /home/ansl/ca_ws/install/px4_msgs/include/px4_msgs/px4_msgs/msg/detail/event__rosidl_typesupport_introspection_c.h
[169.553s] -- Symlinking: /home/ansl/ca_ws/install/px4_msgs/include/px4_msgs/px4_msgs/msg/detail/failsafe_flags__rosidl_typesupport_introspection_c.h
[169.558s] -- Symlinking: /home/ansl/ca_ws/install/px4_msgs/include/px4_msgs/px4_msgs/msg/detail/failure_detector_status__rosidl_typesupport_introspection_c.h
[169.563s] -- Symlinking: /home/ansl/ca_ws/install/px4_msgs/include/px4_msgs/px4_msgs/msg/detail/follow_target__rosidl_typesupport_introspection_c.h
[169.568s] -- Symlinking: /home/ansl/ca_ws/install/px4_msgs/include/px4_msgs/px4_msgs/msg/detail/follow_target_estimator__rosidl_typesupport_introspection_c.h
[169.574s] -- Symlinking: /home/ansl/ca_ws/install/px4_msgs/include/px4_msgs/px4_msgs/msg/detail/follow_target_status__rosidl_typesupport_introspection_c.h
[169.579s] -- Symlinking: /home/ansl/ca_ws/install/px4_msgs/include/px4_msgs/px4_msgs/msg/detail/generator_status__rosidl_typesupport_introspection_c.h
[169.584s] -- Symlinking: /home/ansl/ca_ws/install/px4_msgs/include/px4_msgs/px4_msgs/msg/detail/geofence_result__rosidl_typesupport_introspection_c.h
[169.589s] -- Symlinking: /home/ansl/ca_ws/install/px4_msgs/include/px4_msgs/px4_msgs/msg/detail/gimbal_controls__rosidl_typesupport_introspection_c.h
[169.595s] -- Symlinking: /home/ansl/ca_ws/install/px4_msgs/include/px4_msgs/px4_msgs/msg/detail/gimbal_device_attitude_status__rosidl_typesupport_introspection_c.h
[169.600s] -- Symlinking: /home/ansl/ca_ws/install/px4_msgs/include/px4_msgs/px4_msgs/msg/detail/gimbal_device_information__rosidl_typesupport_introspection_c.h
[169.605s] -- Symlinking: /home/ansl/ca_ws/install/px4_msgs/include/px4_msgs/px4_msgs/msg/detail/gimbal_device_set_attitude__rosidl_typesupport_introspection_c.h
[169.611s] -- Symlinking: /home/ansl/ca_ws/install/px4_msgs/include/px4_msgs/px4_msgs/msg/detail/gimbal_manager_information__rosidl_typesupport_introspection_c.h
[169.616s] -- Symlinking: /home/ansl/ca_ws/install/px4_msgs/include/px4_msgs/px4_msgs/msg/detail/gimbal_manager_set_attitude__rosidl_typesupport_introspection_c.h
[169.621s] -- Symlinking: /home/ansl/ca_ws/install/px4_msgs/include/px4_msgs/px4_msgs/msg/detail/gimbal_manager_set_manual_control__rosidl_typesupport_introspection_c.h
[169.626s] -- Symlinking: /home/ansl/ca_ws/install/px4_msgs/include/px4_msgs/px4_msgs/msg/detail/gimbal_manager_status__rosidl_typesupport_introspection_c.h
[169.631s] -- Symlinking: /home/ansl/ca_ws/install/px4_msgs/include/px4_msgs/px4_msgs/msg/detail/gps_dump__rosidl_typesupport_introspection_c.h
[169.636s] -- Symlinking: /home/ansl/ca_ws/install/px4_msgs/include/px4_msgs/px4_msgs/msg/detail/gps_inject_data__rosidl_typesupport_introspection_c.h
[169.642s] -- Symlinking: /home/ansl/ca_ws/install/px4_msgs/include/px4_msgs/px4_msgs/msg/detail/gripper__rosidl_typesupport_introspection_c.h
[169.647s] -- Symlinking: /home/ansl/ca_ws/install/px4_msgs/include/px4_msgs/px4_msgs/msg/detail/health_report__rosidl_typesupport_introspection_c.h
[169.652s] -- Symlinking: /home/ansl/ca_ws/install/px4_msgs/include/px4_msgs/px4_msgs/msg/detail/heater_status__rosidl_typesupport_introspection_c.h
[169.657s] -- Symlinking: /home/ansl/ca_ws/install/px4_msgs/include/px4_msgs/px4_msgs/msg/detail/home_position__rosidl_typesupport_introspection_c.h
[169.662s] -- Symlinking: /home/ansl/ca_ws/install/px4_msgs/include/px4_msgs/px4_msgs/msg/detail/hover_thrust_estimate__rosidl_typesupport_introspection_c.h
[169.668s] -- Symlinking: /home/ansl/ca_ws/install/px4_msgs/include/px4_msgs/px4_msgs/msg/detail/input_rc__rosidl_typesupport_introspection_c.h
[169.673s] -- Symlinking: /home/ansl/ca_ws/install/px4_msgs/include/px4_msgs/px4_msgs/msg/detail/input_tau__rosidl_typesupport_introspection_c.h
[169.678s] -- Symlinking: /home/ansl/ca_ws/install/px4_msgs/include/px4_msgs/px4_msgs/msg/detail/internal_combustion_engine_status__rosidl_typesupport_introspection_c.h
[169.683s] -- Symlinking: /home/ansl/ca_ws/install/px4_msgs/include/px4_msgs/px4_msgs/msg/detail/iridiumsbd_status__rosidl_typesupport_introspection_c.h
[169.688s] -- Symlinking: /home/ansl/ca_ws/install/px4_msgs/include/px4_msgs/px4_msgs/msg/detail/irlock_report__rosidl_typesupport_introspection_c.h
[169.693s] -- Symlinking: /home/ansl/ca_ws/install/px4_msgs/include/px4_msgs/px4_msgs/msg/detail/landing_gear__rosidl_typesupport_introspection_c.h
[169.698s] -- Symlinking: /home/ansl/ca_ws/install/px4_msgs/include/px4_msgs/px4_msgs/msg/detail/landing_gear_wheel__rosidl_typesupport_introspection_c.h
[169.703s] -- Symlinking: /home/ansl/ca_ws/install/px4_msgs/include/px4_msgs/px4_msgs/msg/detail/landing_target_innovations__rosidl_typesupport_introspection_c.h
[169.709s] -- Symlinking: /home/ansl/ca_ws/install/px4_msgs/include/px4_msgs/px4_msgs/msg/detail/landing_target_pose__rosidl_typesupport_introspection_c.h
[169.714s] -- Symlinking: /home/ansl/ca_ws/install/px4_msgs/include/px4_msgs/px4_msgs/msg/detail/launch_detection_status__rosidl_typesupport_introspection_c.h
[169.719s] -- Symlinking: /home/ansl/ca_ws/install/px4_msgs/include/px4_msgs/px4_msgs/msg/detail/led_control__rosidl_typesupport_introspection_c.h
[169.724s] -- Symlinking: /home/ansl/ca_ws/install/px4_msgs/include/px4_msgs/px4_msgs/msg/detail/log_message__rosidl_typesupport_introspection_c.h
[169.729s] -- Symlinking: /home/ansl/ca_ws/install/px4_msgs/include/px4_msgs/px4_msgs/msg/detail/logger_status__rosidl_typesupport_introspection_c.h
[169.735s] -- Symlinking: /home/ansl/ca_ws/install/px4_msgs/include/px4_msgs/px4_msgs/msg/detail/mag_worker_data__rosidl_typesupport_introspection_c.h
[169.740s] -- Symlinking: /home/ansl/ca_ws/install/px4_msgs/include/px4_msgs/px4_msgs/msg/detail/magnetometer_bias_estimate__rosidl_typesupport_introspection_c.h
[169.745s] -- Symlinking: /home/ansl/ca_ws/install/px4_msgs/include/px4_msgs/px4_msgs/msg/detail/manual_control_setpoint__rosidl_typesupport_introspection_c.h
[169.750s] -- Symlinking: /home/ansl/ca_ws/install/px4_msgs/include/px4_msgs/px4_msgs/msg/detail/manual_control_switches__rosidl_typesupport_introspection_c.h
[169.755s] -- Symlinking: /home/ansl/ca_ws/install/px4_msgs/include/px4_msgs/px4_msgs/msg/detail/mavlink_log__rosidl_typesupport_introspection_c.h
[169.760s] -- Symlinking: /home/ansl/ca_ws/install/px4_msgs/include/px4_msgs/px4_msgs/msg/detail/mavlink_tunnel__rosidl_typesupport_introspection_c.h
[169.765s] -- Symlinking: /home/ansl/ca_ws/install/px4_msgs/include/px4_msgs/px4_msgs/msg/detail/mission__rosidl_typesupport_introspection_c.h
[169.771s] -- Symlinking: /home/ansl/ca_ws/install/px4_msgs/include/px4_msgs/px4_msgs/msg/detail/mission_result__rosidl_typesupport_introspection_c.h
[169.776s] -- Symlinking: /home/ansl/ca_ws/install/px4_msgs/include/px4_msgs/px4_msgs/msg/detail/mode_completed__rosidl_typesupport_introspection_c.h
[169.781s] -- Symlinking: /home/ansl/ca_ws/install/px4_msgs/include/px4_msgs/px4_msgs/msg/detail/mode_flag__rosidl_typesupport_introspection_c.h
[169.786s] -- Symlinking: /home/ansl/ca_ws/install/px4_msgs/include/px4_msgs/px4_msgs/msg/detail/mount_orientation__rosidl_typesupport_introspection_c.h
[169.791s] -- Symlinking: /home/ansl/ca_ws/install/px4_msgs/include/px4_msgs/px4_msgs/msg/detail/navigator_mission_item__rosidl_typesupport_introspection_c.h
[169.797s] -- Symlinking: /home/ansl/ca_ws/install/px4_msgs/include/px4_msgs/px4_msgs/msg/detail/normalized_unsigned_setpoint__rosidl_typesupport_introspection_c.h
[169.802s] -- Symlinking: /home/ansl/ca_ws/install/px4_msgs/include/px4_msgs/px4_msgs/msg/detail/npfg_status__rosidl_typesupport_introspection_c.h
[169.807s] -- Symlinking: /home/ansl/ca_ws/install/px4_msgs/include/px4_msgs/px4_msgs/msg/detail/obstacle_distance__rosidl_typesupport_introspection_c.h
[169.812s] -- Symlinking: /home/ansl/ca_ws/install/px4_msgs/include/px4_msgs/px4_msgs/msg/detail/offboard_control_mode__rosidl_typesupport_introspection_c.h
[169.817s] -- Symlinking: /home/ansl/ca_ws/install/px4_msgs/include/px4_msgs/px4_msgs/msg/detail/onboard_computer_status__rosidl_typesupport_introspection_c.h
[169.822s] -- Symlinking: /home/ansl/ca_ws/install/px4_msgs/include/px4_msgs/px4_msgs/msg/detail/orb_test__rosidl_typesupport_introspection_c.h
[169.827s] -- Symlinking: /home/ansl/ca_ws/install/px4_msgs/include/px4_msgs/px4_msgs/msg/detail/orb_test_large__rosidl_typesupport_introspection_c.h
[169.833s] -- Symlinking: /home/ansl/ca_ws/install/px4_msgs/include/px4_msgs/px4_msgs/msg/detail/orb_test_medium__rosidl_typesupport_introspection_c.h
[169.838s] -- Symlinking: /home/ansl/ca_ws/install/px4_msgs/include/px4_msgs/px4_msgs/msg/detail/orbit_status__rosidl_typesupport_introspection_c.h
[169.843s] -- Symlinking: /home/ansl/ca_ws/install/px4_msgs/include/px4_msgs/px4_msgs/msg/detail/output_test__rosidl_typesupport_introspection_c.h
[169.849s] -- Symlinking: /home/ansl/ca_ws/install/px4_msgs/include/px4_msgs/px4_msgs/msg/detail/parameter_update__rosidl_typesupport_introspection_c.h
[169.854s] -- Symlinking: /home/ansl/ca_ws/install/px4_msgs/include/px4_msgs/px4_msgs/msg/detail/ping__rosidl_typesupport_introspection_c.h
[169.859s] -- Symlinking: /home/ansl/ca_ws/install/px4_msgs/include/px4_msgs/px4_msgs/msg/detail/position_controller_landing_status__rosidl_typesupport_introspection_c.h
[169.865s] -- Symlinking: /home/ansl/ca_ws/install/px4_msgs/include/px4_msgs/px4_msgs/msg/detail/position_controller_status__rosidl_typesupport_introspection_c.h
[169.870s] -- Symlinking: /home/ansl/ca_ws/install/px4_msgs/include/px4_msgs/px4_msgs/msg/detail/position_setpoint__rosidl_typesupport_introspection_c.h
[169.875s] -- Symlinking: /home/ansl/ca_ws/install/px4_msgs/include/px4_msgs/px4_msgs/msg/detail/position_setpoint_triplet__rosidl_typesupport_introspection_c.h
[169.881s] -- Symlinking: /home/ansl/ca_ws/install/px4_msgs/include/px4_msgs/px4_msgs/msg/detail/power_button_state__rosidl_typesupport_introspection_c.h
[169.886s] -- Symlinking: /home/ansl/ca_ws/install/px4_msgs/include/px4_msgs/px4_msgs/msg/detail/power_monitor__rosidl_typesupport_introspection_c.h
[169.891s] -- Symlinking: /home/ansl/ca_ws/install/px4_msgs/include/px4_msgs/px4_msgs/msg/detail/pps_capture__rosidl_typesupport_introspection_c.h
[169.896s] -- Symlinking: /home/ansl/ca_ws/install/px4_msgs/include/px4_msgs/px4_msgs/msg/detail/pwm_input__rosidl_typesupport_introspection_c.h
[169.901s] -- Symlinking: /home/ansl/ca_ws/install/px4_msgs/include/px4_msgs/px4_msgs/msg/detail/px4io_status__rosidl_typesupport_introspection_c.h
[169.907s] -- Symlinking: /home/ansl/ca_ws/install/px4_msgs/include/px4_msgs/px4_msgs/msg/detail/qshell_req__rosidl_typesupport_introspection_c.h
[169.912s] -- Symlinking: /home/ansl/ca_ws/install/px4_msgs/include/px4_msgs/px4_msgs/msg/detail/qshell_retval__rosidl_typesupport_introspection_c.h
[169.917s] -- Symlinking: /home/ansl/ca_ws/install/px4_msgs/include/px4_msgs/px4_msgs/msg/detail/radio_status__rosidl_typesupport_introspection_c.h
[169.922s] -- Symlinking: /home/ansl/ca_ws/install/px4_msgs/include/px4_msgs/px4_msgs/msg/detail/rate_ctrl_status__rosidl_typesupport_introspection_c.h
[169.928s] -- Symlinking: /home/ansl/ca_ws/install/px4_msgs/include/px4_msgs/px4_msgs/msg/detail/rc_channels__rosidl_typesupport_introspection_c.h
[169.933s] -- Symlinking: /home/ansl/ca_ws/install/px4_msgs/include/px4_msgs/px4_msgs/msg/detail/rc_parameter_map__rosidl_typesupport_introspection_c.h
[169.938s] -- Symlinking: /home/ansl/ca_ws/install/px4_msgs/include/px4_msgs/px4_msgs/msg/detail/rpm__rosidl_typesupport_introspection_c.h
[169.943s] -- Symlinking: /home/ansl/ca_ws/install/px4_msgs/include/px4_msgs/px4_msgs/msg/detail/rtl_time_estimate__rosidl_typesupport_introspection_c.h
[169.949s] -- Symlinking: /home/ansl/ca_ws/install/px4_msgs/include/px4_msgs/px4_msgs/msg/detail/satellite_info__rosidl_typesupport_introspection_c.h
[169.954s] -- Symlinking: /home/ansl/ca_ws/install/px4_msgs/include/px4_msgs/px4_msgs/msg/detail/sensor_accel__rosidl_typesupport_introspection_c.h
[169.959s] -- Symlinking: /home/ansl/ca_ws/install/px4_msgs/include/px4_msgs/px4_msgs/msg/detail/sensor_accel_fifo__rosidl_typesupport_introspection_c.h
[169.964s] -- Symlinking: /home/ansl/ca_ws/install/px4_msgs/include/px4_msgs/px4_msgs/msg/detail/sensor_baro__rosidl_typesupport_introspection_c.h
[169.970s] -- Symlinking: /home/ansl/ca_ws/install/px4_msgs/include/px4_msgs/px4_msgs/msg/detail/sensor_combined__rosidl_typesupport_introspection_c.h
[169.975s] -- Symlinking: /home/ansl/ca_ws/install/px4_msgs/include/px4_msgs/px4_msgs/msg/detail/sensor_correction__rosidl_typesupport_introspection_c.h
[169.980s] -- Symlinking: /home/ansl/ca_ws/install/px4_msgs/include/px4_msgs/px4_msgs/msg/detail/sensor_gnss_relative__rosidl_typesupport_introspection_c.h
[169.985s] -- Symlinking: /home/ansl/ca_ws/install/px4_msgs/include/px4_msgs/px4_msgs/msg/detail/sensor_gps__rosidl_typesupport_introspection_c.h
[169.990s] -- Symlinking: /home/ansl/ca_ws/install/px4_msgs/include/px4_msgs/px4_msgs/msg/detail/sensor_gyro__rosidl_typesupport_introspection_c.h
[169.995s] -- Symlinking: /home/ansl/ca_ws/install/px4_msgs/include/px4_msgs/px4_msgs/msg/detail/sensor_gyro_fft__rosidl_typesupport_introspection_c.h
[170.000s] -- Symlinking: /home/ansl/ca_ws/install/px4_msgs/include/px4_msgs/px4_msgs/msg/detail/sensor_gyro_fifo__rosidl_typesupport_introspection_c.h
[170.005s] -- Symlinking: /home/ansl/ca_ws/install/px4_msgs/include/px4_msgs/px4_msgs/msg/detail/sensor_hygrometer__rosidl_typesupport_introspection_c.h
[170.010s] -- Symlinking: /home/ansl/ca_ws/install/px4_msgs/include/px4_msgs/px4_msgs/msg/detail/sensor_mag__rosidl_typesupport_introspection_c.h
[170.015s] -- Symlinking: /home/ansl/ca_ws/install/px4_msgs/include/px4_msgs/px4_msgs/msg/detail/sensor_optical_flow__rosidl_typesupport_introspection_c.h
[170.021s] -- Symlinking: /home/ansl/ca_ws/install/px4_msgs/include/px4_msgs/px4_msgs/msg/detail/sensor_preflight_mag__rosidl_typesupport_introspection_c.h
[170.026s] -- Symlinking: /home/ansl/ca_ws/install/px4_msgs/include/px4_msgs/px4_msgs/msg/detail/sensor_selection__rosidl_typesupport_introspection_c.h
[170.032s] -- Symlinking: /home/ansl/ca_ws/install/px4_msgs/include/px4_msgs/px4_msgs/msg/detail/sensor_uwb__rosidl_typesupport_introspection_c.h
[170.037s] -- Symlinking: /home/ansl/ca_ws/install/px4_msgs/include/px4_msgs/px4_msgs/msg/detail/sensors_status__rosidl_typesupport_introspection_c.h
[170.042s] -- Symlinking: /home/ansl/ca_ws/install/px4_msgs/include/px4_msgs/px4_msgs/msg/detail/sensors_status_imu__rosidl_typesupport_introspection_c.h
[170.048s] -- Symlinking: /home/ansl/ca_ws/install/px4_msgs/include/px4_msgs/px4_msgs/msg/detail/simulink_custom_message__rosidl_typesupport_introspection_c.h
[170.053s] -- Symlinking: /home/ansl/ca_ws/install/px4_msgs/include/px4_msgs/px4_msgs/msg/detail/states_and_actuators__rosidl_typesupport_introspection_c.h
[170.058s] -- Symlinking: /home/ansl/ca_ws/install/px4_msgs/include/px4_msgs/px4_msgs/msg/detail/system_power__rosidl_typesupport_introspection_c.h
[170.063s] -- Symlinking: /home/ansl/ca_ws/install/px4_msgs/include/px4_msgs/px4_msgs/msg/detail/takeoff_status__rosidl_typesupport_introspection_c.h
[170.069s] -- Symlinking: /home/ansl/ca_ws/install/px4_msgs/include/px4_msgs/px4_msgs/msg/detail/task_stack_info__rosidl_typesupport_introspection_c.h
[170.074s] -- Symlinking: /home/ansl/ca_ws/install/px4_msgs/include/px4_msgs/px4_msgs/msg/detail/tecs_status__rosidl_typesupport_introspection_c.h
[170.079s] -- Symlinking: /home/ansl/ca_ws/install/px4_msgs/include/px4_msgs/px4_msgs/msg/detail/telemetry_status__rosidl_typesupport_introspection_c.h
[170.084s] -- Symlinking: /home/ansl/ca_ws/install/px4_msgs/include/px4_msgs/px4_msgs/msg/detail/tiltrotor_extra_controls__rosidl_typesupport_introspection_c.h
[170.090s] -- Symlinking: /home/ansl/ca_ws/install/px4_msgs/include/px4_msgs/px4_msgs/msg/detail/timesync_status__rosidl_typesupport_introspection_c.h
[170.094s] -- Symlinking: /home/ansl/ca_ws/install/px4_msgs/include/px4_msgs/px4_msgs/msg/detail/trajectory_bezier__rosidl_typesupport_introspection_c.h
[170.100s] -- Symlinking: /home/ansl/ca_ws/install/px4_msgs/include/px4_msgs/px4_msgs/msg/detail/trajectory_setpoint__rosidl_typesupport_introspection_c.h
[170.105s] -- Symlinking: /home/ansl/ca_ws/install/px4_msgs/include/px4_msgs/px4_msgs/msg/detail/trajectory_waypoint__rosidl_typesupport_introspection_c.h
[170.110s] -- Symlinking: /home/ansl/ca_ws/install/px4_msgs/include/px4_msgs/px4_msgs/msg/detail/transponder_report__rosidl_typesupport_introspection_c.h
[170.115s] -- Symlinking: /home/ansl/ca_ws/install/px4_msgs/include/px4_msgs/px4_msgs/msg/detail/tune_control__rosidl_typesupport_introspection_c.h
[170.120s] -- Symlinking: /home/ansl/ca_ws/install/px4_msgs/include/px4_msgs/px4_msgs/msg/detail/uavcan_parameter_request__rosidl_typesupport_introspection_c.h
[170.125s] -- Symlinking: /home/ansl/ca_ws/install/px4_msgs/include/px4_msgs/px4_msgs/msg/detail/uavcan_parameter_value__rosidl_typesupport_introspection_c.h
[170.130s] -- Symlinking: /home/ansl/ca_ws/install/px4_msgs/include/px4_msgs/px4_msgs/msg/detail/ulog_stream__rosidl_typesupport_introspection_c.h
[170.136s] -- Symlinking: /home/ansl/ca_ws/install/px4_msgs/include/px4_msgs/px4_msgs/msg/detail/ulog_stream_ack__rosidl_typesupport_introspection_c.h
[170.141s] -- Symlinking: /home/ansl/ca_ws/install/px4_msgs/include/px4_msgs/px4_msgs/msg/detail/vehicle_acceleration__rosidl_typesupport_introspection_c.h
[170.146s] -- Symlinking: /home/ansl/ca_ws/install/px4_msgs/include/px4_msgs/px4_msgs/msg/detail/vehicle_air_data__rosidl_typesupport_introspection_c.h
[170.151s] -- Symlinking: /home/ansl/ca_ws/install/px4_msgs/include/px4_msgs/px4_msgs/msg/detail/vehicle_angular_acceleration_setpoint__rosidl_typesupport_introspection_c.h
[170.157s] -- Symlinking: /home/ansl/ca_ws/install/px4_msgs/include/px4_msgs/px4_msgs/msg/detail/vehicle_angular_velocity__rosidl_typesupport_introspection_c.h
[170.162s] -- Symlinking: /home/ansl/ca_ws/install/px4_msgs/include/px4_msgs/px4_msgs/msg/detail/vehicle_attitude__rosidl_typesupport_introspection_c.h
[170.167s] -- Symlinking: /home/ansl/ca_ws/install/px4_msgs/include/px4_msgs/px4_msgs/msg/detail/vehicle_attitude_setpoint__rosidl_typesupport_introspection_c.h
[170.173s] -- Symlinking: /home/ansl/ca_ws/install/px4_msgs/include/px4_msgs/px4_msgs/msg/detail/vehicle_command__rosidl_typesupport_introspection_c.h
[170.178s] -- Symlinking: /home/ansl/ca_ws/install/px4_msgs/include/px4_msgs/px4_msgs/msg/detail/vehicle_command_ack__rosidl_typesupport_introspection_c.h
[170.183s] -- Symlinking: /home/ansl/ca_ws/install/px4_msgs/include/px4_msgs/px4_msgs/msg/detail/vehicle_constraints__rosidl_typesupport_introspection_c.h
[170.188s] -- Symlinking: /home/ansl/ca_ws/install/px4_msgs/include/px4_msgs/px4_msgs/msg/detail/vehicle_control_mode__rosidl_typesupport_introspection_c.h
[170.193s] -- Symlinking: /home/ansl/ca_ws/install/px4_msgs/include/px4_msgs/px4_msgs/msg/detail/vehicle_global_position__rosidl_typesupport_introspection_c.h
[170.199s] -- Symlinking: /home/ansl/ca_ws/install/px4_msgs/include/px4_msgs/px4_msgs/msg/detail/vehicle_imu__rosidl_typesupport_introspection_c.h
[170.204s] -- Symlinking: /home/ansl/ca_ws/install/px4_msgs/include/px4_msgs/px4_msgs/msg/detail/vehicle_imu_status__rosidl_typesupport_introspection_c.h
[170.209s] -- Symlinking: /home/ansl/ca_ws/install/px4_msgs/include/px4_msgs/px4_msgs/msg/detail/vehicle_land_detected__rosidl_typesupport_introspection_c.h
[170.214s] -- Symlinking: /home/ansl/ca_ws/install/px4_msgs/include/px4_msgs/px4_msgs/msg/detail/vehicle_local_position__rosidl_typesupport_introspection_c.h
[170.220s] -- Symlinking: /home/ansl/ca_ws/install/px4_msgs/include/px4_msgs/px4_msgs/msg/detail/vehicle_local_position_setpoint__rosidl_typesupport_introspection_c.h
[170.225s] -- Symlinking: /home/ansl/ca_ws/install/px4_msgs/include/px4_msgs/px4_msgs/msg/detail/vehicle_magnetometer__rosidl_typesupport_introspection_c.h
[170.230s] -- Symlinking: /home/ansl/ca_ws/install/px4_msgs/include/px4_msgs/px4_msgs/msg/detail/vehicle_odometry__rosidl_typesupport_introspection_c.h
[170.236s] -- Symlinking: /home/ansl/ca_ws/install/px4_msgs/include/px4_msgs/px4_msgs/msg/detail/vehicle_optical_flow__rosidl_typesupport_introspection_c.h
[170.241s] -- Symlinking: /home/ansl/ca_ws/install/px4_msgs/include/px4_msgs/px4_msgs/msg/detail/vehicle_optical_flow_vel__rosidl_typesupport_introspection_c.h
[170.247s] -- Symlinking: /home/ansl/ca_ws/install/px4_msgs/include/px4_msgs/px4_msgs/msg/detail/vehicle_rates_setpoint__rosidl_typesupport_introspection_c.h
[170.252s] -- Symlinking: /home/ansl/ca_ws/install/px4_msgs/include/px4_msgs/px4_msgs/msg/detail/vehicle_roi__rosidl_typesupport_introspection_c.h
[170.257s] -- Symlinking: /home/ansl/ca_ws/install/px4_msgs/include/px4_msgs/px4_msgs/msg/detail/vehicle_status__rosidl_typesupport_introspection_c.h
[170.263s] -- Symlinking: /home/ansl/ca_ws/install/px4_msgs/include/px4_msgs/px4_msgs/msg/detail/vehicle_thrust_setpoint__rosidl_typesupport_introspection_c.h
[170.268s] -- Symlinking: /home/ansl/ca_ws/install/px4_msgs/include/px4_msgs/px4_msgs/msg/detail/vehicle_torque_setpoint__rosidl_typesupport_introspection_c.h
[170.273s] -- Symlinking: /home/ansl/ca_ws/install/px4_msgs/include/px4_msgs/px4_msgs/msg/detail/vehicle_trajectory_bezier__rosidl_typesupport_introspection_c.h
[170.278s] -- Symlinking: /home/ansl/ca_ws/install/px4_msgs/include/px4_msgs/px4_msgs/msg/detail/vehicle_trajectory_waypoint__rosidl_typesupport_introspection_c.h
[170.283s] -- Symlinking: /home/ansl/ca_ws/install/px4_msgs/include/px4_msgs/px4_msgs/msg/detail/vtol_vehicle_status__rosidl_typesupport_introspection_c.h
[170.288s] -- Symlinking: /home/ansl/ca_ws/install/px4_msgs/include/px4_msgs/px4_msgs/msg/detail/wind__rosidl_typesupport_introspection_c.h
[170.294s] -- Symlinking: /home/ansl/ca_ws/install/px4_msgs/include/px4_msgs/px4_msgs/msg/detail/yaw_estimator_status__rosidl_typesupport_introspection_c.h
[170.299s] -- Symlinking: /home/ansl/ca_ws/install/px4_msgs/include/px4_msgs/px4_msgs/msg/rosidl_typesupport_introspection_c__visibility_control.h
[170.304s] -- Symlinking: /home/ansl/ca_ws/install/px4_msgs/include/px4_msgs/px4_msgs/srv/detail/vehicle_command__rosidl_typesupport_introspection_c.h
[170.310s] -- Symlinking: /home/ansl/ca_ws/install/px4_msgs/include/px4_msgs/px4_msgs/msg/detail/action_request__rosidl_typesupport_introspection_cpp.hpp
[170.315s] -- Symlinking: /home/ansl/ca_ws/install/px4_msgs/include/px4_msgs/px4_msgs/msg/detail/actuator_armed__rosidl_typesupport_introspection_cpp.hpp
[170.321s] -- Symlinking: /home/ansl/ca_ws/install/px4_msgs/include/px4_msgs/px4_msgs/msg/detail/actuator_command__rosidl_typesupport_introspection_cpp.hpp
[170.326s] -- Symlinking: /home/ansl/ca_ws/install/px4_msgs/include/px4_msgs/px4_msgs/msg/detail/actuator_controls_status__rosidl_typesupport_introspection_cpp.hpp
[170.332s] -- Symlinking: /home/ansl/ca_ws/install/px4_msgs/include/px4_msgs/px4_msgs/msg/detail/actuator_motors__rosidl_typesupport_introspection_cpp.hpp
[170.337s] -- Symlinking: /home/ansl/ca_ws/install/px4_msgs/include/px4_msgs/px4_msgs/msg/detail/actuator_outputs__rosidl_typesupport_introspection_cpp.hpp
[170.343s] -- Symlinking: /home/ansl/ca_ws/install/px4_msgs/include/px4_msgs/px4_msgs/msg/detail/actuator_servos__rosidl_typesupport_introspection_cpp.hpp
[170.348s] -- Symlinking: /home/ansl/ca_ws/install/px4_msgs/include/px4_msgs/px4_msgs/msg/detail/actuator_servos_trim__rosidl_typesupport_introspection_cpp.hpp
[170.353s] -- Symlinking: /home/ansl/ca_ws/install/px4_msgs/include/px4_msgs/px4_msgs/msg/detail/actuator_test__rosidl_typesupport_introspection_cpp.hpp
[170.358s] -- Symlinking: /home/ansl/ca_ws/install/px4_msgs/include/px4_msgs/px4_msgs/msg/detail/adc_report__rosidl_typesupport_introspection_cpp.hpp
[170.364s] -- Symlinking: /home/ansl/ca_ws/install/px4_msgs/include/px4_msgs/px4_msgs/msg/detail/airspeed__rosidl_typesupport_introspection_cpp.hpp
[170.369s] -- Symlinking: /home/ansl/ca_ws/install/px4_msgs/include/px4_msgs/px4_msgs/msg/detail/airspeed_validated__rosidl_typesupport_introspection_cpp.hpp
[170.374s] -- Symlinking: /home/ansl/ca_ws/install/px4_msgs/include/px4_msgs/px4_msgs/msg/detail/airspeed_wind__rosidl_typesupport_introspection_cpp.hpp
[170.380s] -- Symlinking: /home/ansl/ca_ws/install/px4_msgs/include/px4_msgs/px4_msgs/msg/detail/autotune_attitude_control_status__rosidl_typesupport_introspection_cpp.hpp
[170.385s] -- Symlinking: /home/ansl/ca_ws/install/px4_msgs/include/px4_msgs/px4_msgs/msg/detail/battery_status__rosidl_typesupport_introspection_cpp.hpp
[170.391s] -- Symlinking: /home/ansl/ca_ws/install/px4_msgs/include/px4_msgs/px4_msgs/msg/detail/button_event__rosidl_typesupport_introspection_cpp.hpp
[170.396s] -- Symlinking: /home/ansl/ca_ws/install/px4_msgs/include/px4_msgs/px4_msgs/msg/detail/camera_capture__rosidl_typesupport_introspection_cpp.hpp
[170.401s] -- Symlinking: /home/ansl/ca_ws/install/px4_msgs/include/px4_msgs/px4_msgs/msg/detail/camera_status__rosidl_typesupport_introspection_cpp.hpp
[170.406s] -- Symlinking: /home/ansl/ca_ws/install/px4_msgs/include/px4_msgs/px4_msgs/msg/detail/camera_trigger__rosidl_typesupport_introspection_cpp.hpp
[170.411s] -- Symlinking: /home/ansl/ca_ws/install/px4_msgs/include/px4_msgs/px4_msgs/msg/detail/cellular_status__rosidl_typesupport_introspection_cpp.hpp
[170.416s] -- Symlinking: /home/ansl/ca_ws/install/px4_msgs/include/px4_msgs/px4_msgs/msg/detail/collision_constraints__rosidl_typesupport_introspection_cpp.hpp
[170.422s] -- Symlinking: /home/ansl/ca_ws/install/px4_msgs/include/px4_msgs/px4_msgs/msg/detail/collision_report__rosidl_typesupport_introspection_cpp.hpp
[170.427s] -- Symlinking: /home/ansl/ca_ws/install/px4_msgs/include/px4_msgs/px4_msgs/msg/detail/command_values__rosidl_typesupport_introspection_cpp.hpp
[170.433s] -- Symlinking: /home/ansl/ca_ws/install/px4_msgs/include/px4_msgs/px4_msgs/msg/detail/control_allocator_status__rosidl_typesupport_introspection_cpp.hpp
[170.438s] -- Symlinking: /home/ansl/ca_ws/install/px4_msgs/include/px4_msgs/px4_msgs/msg/detail/cpuload__rosidl_typesupport_introspection_cpp.hpp
[170.443s] -- Symlinking: /home/ansl/ca_ws/install/px4_msgs/include/px4_msgs/px4_msgs/msg/detail/debug_array__rosidl_typesupport_introspection_cpp.hpp
[170.448s] -- Symlinking: /home/ansl/ca_ws/install/px4_msgs/include/px4_msgs/px4_msgs/msg/detail/debug_key_value__rosidl_typesupport_introspection_cpp.hpp
[170.453s] -- Symlinking: /home/ansl/ca_ws/install/px4_msgs/include/px4_msgs/px4_msgs/msg/detail/debug_value__rosidl_typesupport_introspection_cpp.hpp
[170.458s] -- Symlinking: /home/ansl/ca_ws/install/px4_msgs/include/px4_msgs/px4_msgs/msg/detail/debug_vect__rosidl_typesupport_introspection_cpp.hpp
[170.464s] -- Symlinking: /home/ansl/ca_ws/install/px4_msgs/include/px4_msgs/px4_msgs/msg/detail/differential_pressure__rosidl_typesupport_introspection_cpp.hpp
[170.469s] -- Symlinking: /home/ansl/ca_ws/install/px4_msgs/include/px4_msgs/px4_msgs/msg/detail/distance_sensor__rosidl_typesupport_introspection_cpp.hpp
[170.474s] -- Symlinking: /home/ansl/ca_ws/install/px4_msgs/include/px4_msgs/px4_msgs/msg/detail/ekf2_timestamps__rosidl_typesupport_introspection_cpp.hpp
[170.479s] -- Symlinking: /home/ansl/ca_ws/install/px4_msgs/include/px4_msgs/px4_msgs/msg/detail/esc_report__rosidl_typesupport_introspection_cpp.hpp
[170.484s] -- Symlinking: /home/ansl/ca_ws/install/px4_msgs/include/px4_msgs/px4_msgs/msg/detail/esc_status__rosidl_typesupport_introspection_cpp.hpp
[170.489s] -- Symlinking: /home/ansl/ca_ws/install/px4_msgs/include/px4_msgs/px4_msgs/msg/detail/estimator_aid_source1d__rosidl_typesupport_introspection_cpp.hpp
[170.494s] -- Symlinking: /home/ansl/ca_ws/install/px4_msgs/include/px4_msgs/px4_msgs/msg/detail/estimator_aid_source2d__rosidl_typesupport_introspection_cpp.hpp
[170.500s] -- Symlinking: /home/ansl/ca_ws/install/px4_msgs/include/px4_msgs/px4_msgs/msg/detail/estimator_aid_source3d__rosidl_typesupport_introspection_cpp.hpp
[170.505s] -- Symlinking: /home/ansl/ca_ws/install/px4_msgs/include/px4_msgs/px4_msgs/msg/detail/estimator_bias3d__rosidl_typesupport_introspection_cpp.hpp
[170.510s] -- Symlinking: /home/ansl/ca_ws/install/px4_msgs/include/px4_msgs/px4_msgs/msg/detail/estimator_bias__rosidl_typesupport_introspection_cpp.hpp
[170.515s] -- Symlinking: /home/ansl/ca_ws/install/px4_msgs/include/px4_msgs/px4_msgs/msg/detail/estimator_event_flags__rosidl_typesupport_introspection_cpp.hpp
[170.520s] -- Symlinking: /home/ansl/ca_ws/install/px4_msgs/include/px4_msgs/px4_msgs/msg/detail/estimator_gps_status__rosidl_typesupport_introspection_cpp.hpp
[170.526s] -- Symlinking: /home/ansl/ca_ws/install/px4_msgs/include/px4_msgs/px4_msgs/msg/detail/estimator_innovations__rosidl_typesupport_introspection_cpp.hpp
[170.531s] -- Symlinking: /home/ansl/ca_ws/install/px4_msgs/include/px4_msgs/px4_msgs/msg/detail/estimator_selector_status__rosidl_typesupport_introspection_cpp.hpp
[170.536s] -- Symlinking: /home/ansl/ca_ws/install/px4_msgs/include/px4_msgs/px4_msgs/msg/detail/estimator_sensor_bias__rosidl_typesupport_introspection_cpp.hpp
[170.541s] -- Symlinking: /home/ansl/ca_ws/install/px4_msgs/include/px4_msgs/px4_msgs/msg/detail/estimator_states__rosidl_typesupport_introspection_cpp.hpp
[170.547s] -- Symlinking: /home/ansl/ca_ws/install/px4_msgs/include/px4_msgs/px4_msgs/msg/detail/estimator_status__rosidl_typesupport_introspection_cpp.hpp
[170.552s] -- Symlinking: /home/ansl/ca_ws/install/px4_msgs/include/px4_msgs/px4_msgs/msg/detail/estimator_status_flags__rosidl_typesupport_introspection_cpp.hpp
[170.557s] -- Symlinking: /home/ansl/ca_ws/install/px4_msgs/include/px4_msgs/px4_msgs/msg/detail/event__rosidl_typesupport_introspection_cpp.hpp
[170.562s] -- Symlinking: /home/ansl/ca_ws/install/px4_msgs/include/px4_msgs/px4_msgs/msg/detail/failsafe_flags__rosidl_typesupport_introspection_cpp.hpp
[170.568s] -- Symlinking: /home/ansl/ca_ws/install/px4_msgs/include/px4_msgs/px4_msgs/msg/detail/failure_detector_status__rosidl_typesupport_introspection_cpp.hpp
[170.573s] -- Symlinking: /home/ansl/ca_ws/install/px4_msgs/include/px4_msgs/px4_msgs/msg/detail/follow_target__rosidl_typesupport_introspection_cpp.hpp
[170.578s] -- Symlinking: /home/ansl/ca_ws/install/px4_msgs/include/px4_msgs/px4_msgs/msg/detail/follow_target_estimator__rosidl_typesupport_introspection_cpp.hpp
[170.583s] -- Symlinking: /home/ansl/ca_ws/install/px4_msgs/include/px4_msgs/px4_msgs/msg/detail/follow_target_status__rosidl_typesupport_introspection_cpp.hpp
[170.588s] -- Symlinking: /home/ansl/ca_ws/install/px4_msgs/include/px4_msgs/px4_msgs/msg/detail/generator_status__rosidl_typesupport_introspection_cpp.hpp
[170.593s] -- Symlinking: /home/ansl/ca_ws/install/px4_msgs/include/px4_msgs/px4_msgs/msg/detail/geofence_result__rosidl_typesupport_introspection_cpp.hpp
[170.598s] -- Symlinking: /home/ansl/ca_ws/install/px4_msgs/include/px4_msgs/px4_msgs/msg/detail/gimbal_controls__rosidl_typesupport_introspection_cpp.hpp
[170.604s] -- Symlinking: /home/ansl/ca_ws/install/px4_msgs/include/px4_msgs/px4_msgs/msg/detail/gimbal_device_attitude_status__rosidl_typesupport_introspection_cpp.hpp
[170.609s] -- Symlinking: /home/ansl/ca_ws/install/px4_msgs/include/px4_msgs/px4_msgs/msg/detail/gimbal_device_information__rosidl_typesupport_introspection_cpp.hpp
[170.614s] -- Symlinking: /home/ansl/ca_ws/install/px4_msgs/include/px4_msgs/px4_msgs/msg/detail/gimbal_device_set_attitude__rosidl_typesupport_introspection_cpp.hpp
[170.619s] -- Symlinking: /home/ansl/ca_ws/install/px4_msgs/include/px4_msgs/px4_msgs/msg/detail/gimbal_manager_information__rosidl_typesupport_introspection_cpp.hpp
[170.624s] -- Symlinking: /home/ansl/ca_ws/install/px4_msgs/include/px4_msgs/px4_msgs/msg/detail/gimbal_manager_set_attitude__rosidl_typesupport_introspection_cpp.hpp
[170.629s] -- Symlinking: /home/ansl/ca_ws/install/px4_msgs/include/px4_msgs/px4_msgs/msg/detail/gimbal_manager_set_manual_control__rosidl_typesupport_introspection_cpp.hpp
[170.635s] -- Symlinking: /home/ansl/ca_ws/install/px4_msgs/include/px4_msgs/px4_msgs/msg/detail/gimbal_manager_status__rosidl_typesupport_introspection_cpp.hpp
[170.640s] -- Symlinking: /home/ansl/ca_ws/install/px4_msgs/include/px4_msgs/px4_msgs/msg/detail/gps_dump__rosidl_typesupport_introspection_cpp.hpp
[170.645s] -- Symlinking: /home/ansl/ca_ws/install/px4_msgs/include/px4_msgs/px4_msgs/msg/detail/gps_inject_data__rosidl_typesupport_introspection_cpp.hpp
[170.650s] -- Symlinking: /home/ansl/ca_ws/install/px4_msgs/include/px4_msgs/px4_msgs/msg/detail/gripper__rosidl_typesupport_introspection_cpp.hpp
[170.656s] -- Symlinking: /home/ansl/ca_ws/install/px4_msgs/include/px4_msgs/px4_msgs/msg/detail/health_report__rosidl_typesupport_introspection_cpp.hpp
[170.660s] -- Symlinking: /home/ansl/ca_ws/install/px4_msgs/include/px4_msgs/px4_msgs/msg/detail/heater_status__rosidl_typesupport_introspection_cpp.hpp
[170.666s] -- Symlinking: /home/ansl/ca_ws/install/px4_msgs/include/px4_msgs/px4_msgs/msg/detail/home_position__rosidl_typesupport_introspection_cpp.hpp
[170.671s] -- Symlinking: /home/ansl/ca_ws/install/px4_msgs/include/px4_msgs/px4_msgs/msg/detail/hover_thrust_estimate__rosidl_typesupport_introspection_cpp.hpp
[170.677s] -- Symlinking: /home/ansl/ca_ws/install/px4_msgs/include/px4_msgs/px4_msgs/msg/detail/input_rc__rosidl_typesupport_introspection_cpp.hpp
[170.682s] -- Symlinking: /home/ansl/ca_ws/install/px4_msgs/include/px4_msgs/px4_msgs/msg/detail/input_tau__rosidl_typesupport_introspection_cpp.hpp
[170.687s] -- Symlinking: /home/ansl/ca_ws/install/px4_msgs/include/px4_msgs/px4_msgs/msg/detail/internal_combustion_engine_status__rosidl_typesupport_introspection_cpp.hpp
[170.692s] -- Symlinking: /home/ansl/ca_ws/install/px4_msgs/include/px4_msgs/px4_msgs/msg/detail/iridiumsbd_status__rosidl_typesupport_introspection_cpp.hpp
[170.697s] -- Symlinking: /home/ansl/ca_ws/install/px4_msgs/include/px4_msgs/px4_msgs/msg/detail/irlock_report__rosidl_typesupport_introspection_cpp.hpp
[170.702s] -- Symlinking: /home/ansl/ca_ws/install/px4_msgs/include/px4_msgs/px4_msgs/msg/detail/landing_gear__rosidl_typesupport_introspection_cpp.hpp
[170.707s] -- Symlinking: /home/ansl/ca_ws/install/px4_msgs/include/px4_msgs/px4_msgs/msg/detail/landing_gear_wheel__rosidl_typesupport_introspection_cpp.hpp
[170.713s] -- Symlinking: /home/ansl/ca_ws/install/px4_msgs/include/px4_msgs/px4_msgs/msg/detail/landing_target_innovations__rosidl_typesupport_introspection_cpp.hpp
[170.718s] -- Symlinking: /home/ansl/ca_ws/install/px4_msgs/include/px4_msgs/px4_msgs/msg/detail/landing_target_pose__rosidl_typesupport_introspection_cpp.hpp
[170.723s] -- Symlinking: /home/ansl/ca_ws/install/px4_msgs/include/px4_msgs/px4_msgs/msg/detail/launch_detection_status__rosidl_typesupport_introspection_cpp.hpp
[170.729s] -- Symlinking: /home/ansl/ca_ws/install/px4_msgs/include/px4_msgs/px4_msgs/msg/detail/led_control__rosidl_typesupport_introspection_cpp.hpp
[170.734s] -- Symlinking: /home/ansl/ca_ws/install/px4_msgs/include/px4_msgs/px4_msgs/msg/detail/log_message__rosidl_typesupport_introspection_cpp.hpp
[170.739s] -- Symlinking: /home/ansl/ca_ws/install/px4_msgs/include/px4_msgs/px4_msgs/msg/detail/logger_status__rosidl_typesupport_introspection_cpp.hpp
[170.745s] -- Symlinking: /home/ansl/ca_ws/install/px4_msgs/include/px4_msgs/px4_msgs/msg/detail/mag_worker_data__rosidl_typesupport_introspection_cpp.hpp
[170.750s] -- Symlinking: /home/ansl/ca_ws/install/px4_msgs/include/px4_msgs/px4_msgs/msg/detail/magnetometer_bias_estimate__rosidl_typesupport_introspection_cpp.hpp
[170.756s] -- Symlinking: /home/ansl/ca_ws/install/px4_msgs/include/px4_msgs/px4_msgs/msg/detail/manual_control_setpoint__rosidl_typesupport_introspection_cpp.hpp
[170.761s] -- Symlinking: /home/ansl/ca_ws/install/px4_msgs/include/px4_msgs/px4_msgs/msg/detail/manual_control_switches__rosidl_typesupport_introspection_cpp.hpp
[170.766s] -- Symlinking: /home/ansl/ca_ws/install/px4_msgs/include/px4_msgs/px4_msgs/msg/detail/mavlink_log__rosidl_typesupport_introspection_cpp.hpp
[170.771s] -- Symlinking: /home/ansl/ca_ws/install/px4_msgs/include/px4_msgs/px4_msgs/msg/detail/mavlink_tunnel__rosidl_typesupport_introspection_cpp.hpp
[170.776s] -- Symlinking: /home/ansl/ca_ws/install/px4_msgs/include/px4_msgs/px4_msgs/msg/detail/mission__rosidl_typesupport_introspection_cpp.hpp
[170.781s] -- Symlinking: /home/ansl/ca_ws/install/px4_msgs/include/px4_msgs/px4_msgs/msg/detail/mission_result__rosidl_typesupport_introspection_cpp.hpp
[170.786s] -- Symlinking: /home/ansl/ca_ws/install/px4_msgs/include/px4_msgs/px4_msgs/msg/detail/mode_completed__rosidl_typesupport_introspection_cpp.hpp
[170.791s] -- Symlinking: /home/ansl/ca_ws/install/px4_msgs/include/px4_msgs/px4_msgs/msg/detail/mode_flag__rosidl_typesupport_introspection_cpp.hpp
[170.797s] -- Symlinking: /home/ansl/ca_ws/install/px4_msgs/include/px4_msgs/px4_msgs/msg/detail/mount_orientation__rosidl_typesupport_introspection_cpp.hpp
[170.802s] -- Symlinking: /home/ansl/ca_ws/install/px4_msgs/include/px4_msgs/px4_msgs/msg/detail/navigator_mission_item__rosidl_typesupport_introspection_cpp.hpp
[170.808s] -- Symlinking: /home/ansl/ca_ws/install/px4_msgs/include/px4_msgs/px4_msgs/msg/detail/normalized_unsigned_setpoint__rosidl_typesupport_introspection_cpp.hpp
[170.813s] -- Symlinking: /home/ansl/ca_ws/install/px4_msgs/include/px4_msgs/px4_msgs/msg/detail/npfg_status__rosidl_typesupport_introspection_cpp.hpp
[170.820s] -- Symlinking: /home/ansl/ca_ws/install/px4_msgs/include/px4_msgs/px4_msgs/msg/detail/obstacle_distance__rosidl_typesupport_introspection_cpp.hpp
[170.825s] -- Symlinking: /home/ansl/ca_ws/install/px4_msgs/include/px4_msgs/px4_msgs/msg/detail/offboard_control_mode__rosidl_typesupport_introspection_cpp.hpp
[170.832s] -- Symlinking: /home/ansl/ca_ws/install/px4_msgs/include/px4_msgs/px4_msgs/msg/detail/onboard_computer_status__rosidl_typesupport_introspection_cpp.hpp
[170.837s] -- Symlinking: /home/ansl/ca_ws/install/px4_msgs/include/px4_msgs/px4_msgs/msg/detail/orb_test__rosidl_typesupport_introspection_cpp.hpp
[170.843s] -- Symlinking: /home/ansl/ca_ws/install/px4_msgs/include/px4_msgs/px4_msgs/msg/detail/orb_test_large__rosidl_typesupport_introspection_cpp.hpp
[170.849s] -- Symlinking: /home/ansl/ca_ws/install/px4_msgs/include/px4_msgs/px4_msgs/msg/detail/orb_test_medium__rosidl_typesupport_introspection_cpp.hpp
[170.854s] -- Symlinking: /home/ansl/ca_ws/install/px4_msgs/include/px4_msgs/px4_msgs/msg/detail/orbit_status__rosidl_typesupport_introspection_cpp.hpp
[170.859s] -- Symlinking: /home/ansl/ca_ws/install/px4_msgs/include/px4_msgs/px4_msgs/msg/detail/output_test__rosidl_typesupport_introspection_cpp.hpp
[170.866s] -- Symlinking: /home/ansl/ca_ws/install/px4_msgs/include/px4_msgs/px4_msgs/msg/detail/parameter_update__rosidl_typesupport_introspection_cpp.hpp
[170.871s] -- Symlinking: /home/ansl/ca_ws/install/px4_msgs/include/px4_msgs/px4_msgs/msg/detail/ping__rosidl_typesupport_introspection_cpp.hpp
[170.878s] -- Symlinking: /home/ansl/ca_ws/install/px4_msgs/include/px4_msgs/px4_msgs/msg/detail/position_controller_landing_status__rosidl_typesupport_introspection_cpp.hpp
[170.883s] -- Symlinking: /home/ansl/ca_ws/install/px4_msgs/include/px4_msgs/px4_msgs/msg/detail/position_controller_status__rosidl_typesupport_introspection_cpp.hpp
[170.890s] -- Symlinking: /home/ansl/ca_ws/install/px4_msgs/include/px4_msgs/px4_msgs/msg/detail/position_setpoint__rosidl_typesupport_introspection_cpp.hpp
[170.895s] -- Symlinking: /home/ansl/ca_ws/install/px4_msgs/include/px4_msgs/px4_msgs/msg/detail/position_setpoint_triplet__rosidl_typesupport_introspection_cpp.hpp
[170.901s] -- Symlinking: /home/ansl/ca_ws/install/px4_msgs/include/px4_msgs/px4_msgs/msg/detail/power_button_state__rosidl_typesupport_introspection_cpp.hpp
[170.906s] -- Symlinking: /home/ansl/ca_ws/install/px4_msgs/include/px4_msgs/px4_msgs/msg/detail/power_monitor__rosidl_typesupport_introspection_cpp.hpp
[170.912s] -- Symlinking: /home/ansl/ca_ws/install/px4_msgs/include/px4_msgs/px4_msgs/msg/detail/pps_capture__rosidl_typesupport_introspection_cpp.hpp
[170.918s] -- Symlinking: /home/ansl/ca_ws/install/px4_msgs/include/px4_msgs/px4_msgs/msg/detail/pwm_input__rosidl_typesupport_introspection_cpp.hpp
[170.924s] -- Symlinking: /home/ansl/ca_ws/install/px4_msgs/include/px4_msgs/px4_msgs/msg/detail/px4io_status__rosidl_typesupport_introspection_cpp.hpp
[170.931s] -- Symlinking: /home/ansl/ca_ws/install/px4_msgs/include/px4_msgs/px4_msgs/msg/detail/qshell_req__rosidl_typesupport_introspection_cpp.hpp
[170.936s] -- Symlinking: /home/ansl/ca_ws/install/px4_msgs/include/px4_msgs/px4_msgs/msg/detail/qshell_retval__rosidl_typesupport_introspection_cpp.hpp
[170.941s] -- Symlinking: /home/ansl/ca_ws/install/px4_msgs/include/px4_msgs/px4_msgs/msg/detail/radio_status__rosidl_typesupport_introspection_cpp.hpp
[170.947s] -- Symlinking: /home/ansl/ca_ws/install/px4_msgs/include/px4_msgs/px4_msgs/msg/detail/rate_ctrl_status__rosidl_typesupport_introspection_cpp.hpp
[170.952s] -- Symlinking: /home/ansl/ca_ws/install/px4_msgs/include/px4_msgs/px4_msgs/msg/detail/rc_channels__rosidl_typesupport_introspection_cpp.hpp
[170.958s] -- Symlinking: /home/ansl/ca_ws/install/px4_msgs/include/px4_msgs/px4_msgs/msg/detail/rc_parameter_map__rosidl_typesupport_introspection_cpp.hpp
[170.964s] -- Symlinking: /home/ansl/ca_ws/install/px4_msgs/include/px4_msgs/px4_msgs/msg/detail/rpm__rosidl_typesupport_introspection_cpp.hpp
[170.971s] -- Symlinking: /home/ansl/ca_ws/install/px4_msgs/include/px4_msgs/px4_msgs/msg/detail/rtl_time_estimate__rosidl_typesupport_introspection_cpp.hpp
[170.978s] -- Symlinking: /home/ansl/ca_ws/install/px4_msgs/include/px4_msgs/px4_msgs/msg/detail/satellite_info__rosidl_typesupport_introspection_cpp.hpp
[170.983s] -- Symlinking: /home/ansl/ca_ws/install/px4_msgs/include/px4_msgs/px4_msgs/msg/detail/sensor_accel__rosidl_typesupport_introspection_cpp.hpp
[170.989s] -- Symlinking: /home/ansl/ca_ws/install/px4_msgs/include/px4_msgs/px4_msgs/msg/detail/sensor_accel_fifo__rosidl_typesupport_introspection_cpp.hpp
[170.995s] -- Symlinking: /home/ansl/ca_ws/install/px4_msgs/include/px4_msgs/px4_msgs/msg/detail/sensor_baro__rosidl_typesupport_introspection_cpp.hpp
[171.000s] -- Symlinking: /home/ansl/ca_ws/install/px4_msgs/include/px4_msgs/px4_msgs/msg/detail/sensor_combined__rosidl_typesupport_introspection_cpp.hpp
[171.006s] -- Symlinking: /home/ansl/ca_ws/install/px4_msgs/include/px4_msgs/px4_msgs/msg/detail/sensor_correction__rosidl_typesupport_introspection_cpp.hpp
[171.013s] -- Symlinking: /home/ansl/ca_ws/install/px4_msgs/include/px4_msgs/px4_msgs/msg/detail/sensor_gnss_relative__rosidl_typesupport_introspection_cpp.hpp
[171.020s] -- Symlinking: /home/ansl/ca_ws/install/px4_msgs/include/px4_msgs/px4_msgs/msg/detail/sensor_gps__rosidl_typesupport_introspection_cpp.hpp
[171.025s] -- Symlinking: /home/ansl/ca_ws/install/px4_msgs/include/px4_msgs/px4_msgs/msg/detail/sensor_gyro__rosidl_typesupport_introspection_cpp.hpp
[171.030s] -- Symlinking: /home/ansl/ca_ws/install/px4_msgs/include/px4_msgs/px4_msgs/msg/detail/sensor_gyro_fft__rosidl_typesupport_introspection_cpp.hpp
[171.036s] -- Symlinking: /home/ansl/ca_ws/install/px4_msgs/include/px4_msgs/px4_msgs/msg/detail/sensor_gyro_fifo__rosidl_typesupport_introspection_cpp.hpp
[171.041s] -- Symlinking: /home/ansl/ca_ws/install/px4_msgs/include/px4_msgs/px4_msgs/msg/detail/sensor_hygrometer__rosidl_typesupport_introspection_cpp.hpp
[171.047s] -- Symlinking: /home/ansl/ca_ws/install/px4_msgs/include/px4_msgs/px4_msgs/msg/detail/sensor_mag__rosidl_typesupport_introspection_cpp.hpp
[171.053s] -- Symlinking: /home/ansl/ca_ws/install/px4_msgs/include/px4_msgs/px4_msgs/msg/detail/sensor_optical_flow__rosidl_typesupport_introspection_cpp.hpp
[171.059s] -- Symlinking: /home/ansl/ca_ws/install/px4_msgs/include/px4_msgs/px4_msgs/msg/detail/sensor_preflight_mag__rosidl_typesupport_introspection_cpp.hpp
[171.064s] -- Symlinking: /home/ansl/ca_ws/install/px4_msgs/include/px4_msgs/px4_msgs/msg/detail/sensor_selection__rosidl_typesupport_introspection_cpp.hpp
[171.069s] -- Symlinking: /home/ansl/ca_ws/install/px4_msgs/include/px4_msgs/px4_msgs/msg/detail/sensor_uwb__rosidl_typesupport_introspection_cpp.hpp
[171.075s] -- Symlinking: /home/ansl/ca_ws/install/px4_msgs/include/px4_msgs/px4_msgs/msg/detail/sensors_status__rosidl_typesupport_introspection_cpp.hpp
[171.080s] -- Symlinking: /home/ansl/ca_ws/install/px4_msgs/include/px4_msgs/px4_msgs/msg/detail/sensors_status_imu__rosidl_typesupport_introspection_cpp.hpp
[171.086s] -- Symlinking: /home/ansl/ca_ws/install/px4_msgs/include/px4_msgs/px4_msgs/msg/detail/simulink_custom_message__rosidl_typesupport_introspection_cpp.hpp
[171.092s] -- Symlinking: /home/ansl/ca_ws/install/px4_msgs/include/px4_msgs/px4_msgs/msg/detail/states_and_actuators__rosidl_typesupport_introspection_cpp.hpp
[171.099s] -- Symlinking: /home/ansl/ca_ws/install/px4_msgs/include/px4_msgs/px4_msgs/msg/detail/system_power__rosidl_typesupport_introspection_cpp.hpp
[171.104s] -- Symlinking: /home/ansl/ca_ws/install/px4_msgs/include/px4_msgs/px4_msgs/msg/detail/takeoff_status__rosidl_typesupport_introspection_cpp.hpp
[171.110s] -- Symlinking: /home/ansl/ca_ws/install/px4_msgs/include/px4_msgs/px4_msgs/msg/detail/task_stack_info__rosidl_typesupport_introspection_cpp.hpp
[171.116s] -- Symlinking: /home/ansl/ca_ws/install/px4_msgs/include/px4_msgs/px4_msgs/msg/detail/tecs_status__rosidl_typesupport_introspection_cpp.hpp
[171.122s] -- Symlinking: /home/ansl/ca_ws/install/px4_msgs/include/px4_msgs/px4_msgs/msg/detail/telemetry_status__rosidl_typesupport_introspection_cpp.hpp
[171.127s] -- Symlinking: /home/ansl/ca_ws/install/px4_msgs/include/px4_msgs/px4_msgs/msg/detail/tiltrotor_extra_controls__rosidl_typesupport_introspection_cpp.hpp
[171.132s] -- Symlinking: /home/ansl/ca_ws/install/px4_msgs/include/px4_msgs/px4_msgs/msg/detail/timesync_status__rosidl_typesupport_introspection_cpp.hpp
[171.139s] -- Symlinking: /home/ansl/ca_ws/install/px4_msgs/include/px4_msgs/px4_msgs/msg/detail/trajectory_bezier__rosidl_typesupport_introspection_cpp.hpp
[171.146s] -- Symlinking: /home/ansl/ca_ws/install/px4_msgs/include/px4_msgs/px4_msgs/msg/detail/trajectory_setpoint__rosidl_typesupport_introspection_cpp.hpp
[171.151s] -- Symlinking: /home/ansl/ca_ws/install/px4_msgs/include/px4_msgs/px4_msgs/msg/detail/trajectory_waypoint__rosidl_typesupport_introspection_cpp.hpp
[171.156s] -- Symlinking: /home/ansl/ca_ws/install/px4_msgs/include/px4_msgs/px4_msgs/msg/detail/transponder_report__rosidl_typesupport_introspection_cpp.hpp
[171.163s] -- Symlinking: /home/ansl/ca_ws/install/px4_msgs/include/px4_msgs/px4_msgs/msg/detail/tune_control__rosidl_typesupport_introspection_cpp.hpp
[171.169s] -- Symlinking: /home/ansl/ca_ws/install/px4_msgs/include/px4_msgs/px4_msgs/msg/detail/uavcan_parameter_request__rosidl_typesupport_introspection_cpp.hpp
[171.175s] -- Symlinking: /home/ansl/ca_ws/install/px4_msgs/include/px4_msgs/px4_msgs/msg/detail/uavcan_parameter_value__rosidl_typesupport_introspection_cpp.hpp
[171.181s] -- Symlinking: /home/ansl/ca_ws/install/px4_msgs/include/px4_msgs/px4_msgs/msg/detail/ulog_stream__rosidl_typesupport_introspection_cpp.hpp
[171.186s] -- Symlinking: /home/ansl/ca_ws/install/px4_msgs/include/px4_msgs/px4_msgs/msg/detail/ulog_stream_ack__rosidl_typesupport_introspection_cpp.hpp
[171.192s] -- Symlinking: /home/ansl/ca_ws/install/px4_msgs/include/px4_msgs/px4_msgs/msg/detail/vehicle_acceleration__rosidl_typesupport_introspection_cpp.hpp
[171.198s] -- Symlinking: /home/ansl/ca_ws/install/px4_msgs/include/px4_msgs/px4_msgs/msg/detail/vehicle_air_data__rosidl_typesupport_introspection_cpp.hpp
[171.203s] -- Symlinking: /home/ansl/ca_ws/install/px4_msgs/include/px4_msgs/px4_msgs/msg/detail/vehicle_angular_acceleration_setpoint__rosidl_typesupport_introspection_cpp.hpp
[171.209s] -- Symlinking: /home/ansl/ca_ws/install/px4_msgs/include/px4_msgs/px4_msgs/msg/detail/vehicle_angular_velocity__rosidl_typesupport_introspection_cpp.hpp
[171.214s] -- Symlinking: /home/ansl/ca_ws/install/px4_msgs/include/px4_msgs/px4_msgs/msg/detail/vehicle_attitude__rosidl_typesupport_introspection_cpp.hpp
[171.220s] -- Symlinking: /home/ansl/ca_ws/install/px4_msgs/include/px4_msgs/px4_msgs/msg/detail/vehicle_attitude_setpoint__rosidl_typesupport_introspection_cpp.hpp
[171.226s] -- Symlinking: /home/ansl/ca_ws/install/px4_msgs/include/px4_msgs/px4_msgs/msg/detail/vehicle_command__rosidl_typesupport_introspection_cpp.hpp
[171.231s] -- Symlinking: /home/ansl/ca_ws/install/px4_msgs/include/px4_msgs/px4_msgs/msg/detail/vehicle_command_ack__rosidl_typesupport_introspection_cpp.hpp
[171.237s] -- Symlinking: /home/ansl/ca_ws/install/px4_msgs/include/px4_msgs/px4_msgs/msg/detail/vehicle_constraints__rosidl_typesupport_introspection_cpp.hpp
[171.242s] -- Symlinking: /home/ansl/ca_ws/install/px4_msgs/include/px4_msgs/px4_msgs/msg/detail/vehicle_control_mode__rosidl_typesupport_introspection_cpp.hpp
[171.248s] -- Symlinking: /home/ansl/ca_ws/install/px4_msgs/include/px4_msgs/px4_msgs/msg/detail/vehicle_global_position__rosidl_typesupport_introspection_cpp.hpp
[171.253s] -- Symlinking: /home/ansl/ca_ws/install/px4_msgs/include/px4_msgs/px4_msgs/msg/detail/vehicle_imu__rosidl_typesupport_introspection_cpp.hpp
[171.259s] -- Symlinking: /home/ansl/ca_ws/install/px4_msgs/include/px4_msgs/px4_msgs/msg/detail/vehicle_imu_status__rosidl_typesupport_introspection_cpp.hpp
[171.265s] -- Symlinking: /home/ansl/ca_ws/install/px4_msgs/include/px4_msgs/px4_msgs/msg/detail/vehicle_land_detected__rosidl_typesupport_introspection_cpp.hpp
[171.270s] -- Symlinking: /home/ansl/ca_ws/install/px4_msgs/include/px4_msgs/px4_msgs/msg/detail/vehicle_local_position__rosidl_typesupport_introspection_cpp.hpp
[171.275s] -- Symlinking: /home/ansl/ca_ws/install/px4_msgs/include/px4_msgs/px4_msgs/msg/detail/vehicle_local_position_setpoint__rosidl_typesupport_introspection_cpp.hpp
[171.280s] -- Symlinking: /home/ansl/ca_ws/install/px4_msgs/include/px4_msgs/px4_msgs/msg/detail/vehicle_magnetometer__rosidl_typesupport_introspection_cpp.hpp
[171.285s] -- Symlinking: /home/ansl/ca_ws/install/px4_msgs/include/px4_msgs/px4_msgs/msg/detail/vehicle_odometry__rosidl_typesupport_introspection_cpp.hpp
[171.291s] -- Symlinking: /home/ansl/ca_ws/install/px4_msgs/include/px4_msgs/px4_msgs/msg/detail/vehicle_optical_flow__rosidl_typesupport_introspection_cpp.hpp
[171.296s] -- Symlinking: /home/ansl/ca_ws/install/px4_msgs/include/px4_msgs/px4_msgs/msg/detail/vehicle_optical_flow_vel__rosidl_typesupport_introspection_cpp.hpp
[171.301s] -- Symlinking: /home/ansl/ca_ws/install/px4_msgs/include/px4_msgs/px4_msgs/msg/detail/vehicle_rates_setpoint__rosidl_typesupport_introspection_cpp.hpp
[171.306s] -- Symlinking: /home/ansl/ca_ws/install/px4_msgs/include/px4_msgs/px4_msgs/msg/detail/vehicle_roi__rosidl_typesupport_introspection_cpp.hpp
[171.311s] -- Symlinking: /home/ansl/ca_ws/install/px4_msgs/include/px4_msgs/px4_msgs/msg/detail/vehicle_status__rosidl_typesupport_introspection_cpp.hpp
[171.316s] -- Symlinking: /home/ansl/ca_ws/install/px4_msgs/include/px4_msgs/px4_msgs/msg/detail/vehicle_thrust_setpoint__rosidl_typesupport_introspection_cpp.hpp
[171.321s] -- Symlinking: /home/ansl/ca_ws/install/px4_msgs/include/px4_msgs/px4_msgs/msg/detail/vehicle_torque_setpoint__rosidl_typesupport_introspection_cpp.hpp
[171.327s] -- Symlinking: /home/ansl/ca_ws/install/px4_msgs/include/px4_msgs/px4_msgs/msg/detail/vehicle_trajectory_bezier__rosidl_typesupport_introspection_cpp.hpp
[171.332s] -- Symlinking: /home/ansl/ca_ws/install/px4_msgs/include/px4_msgs/px4_msgs/msg/detail/vehicle_trajectory_waypoint__rosidl_typesupport_introspection_cpp.hpp
[171.337s] -- Symlinking: /home/ansl/ca_ws/install/px4_msgs/include/px4_msgs/px4_msgs/msg/detail/vtol_vehicle_status__rosidl_typesupport_introspection_cpp.hpp
[171.343s] -- Symlinking: /home/ansl/ca_ws/install/px4_msgs/include/px4_msgs/px4_msgs/msg/detail/wind__rosidl_typesupport_introspection_cpp.hpp
[171.348s] -- Symlinking: /home/ansl/ca_ws/install/px4_msgs/include/px4_msgs/px4_msgs/msg/detail/yaw_estimator_status__rosidl_typesupport_introspection_cpp.hpp
[171.353s] -- Symlinking: /home/ansl/ca_ws/install/px4_msgs/include/px4_msgs/px4_msgs/srv/detail/vehicle_command__rosidl_typesupport_introspection_cpp.hpp
[171.358s] -- Symlinking: /home/ansl/ca_ws/install/px4_msgs/share/px4_msgs/environment/pythonpath.sh
[171.363s] -- Symlinking: /home/ansl/ca_ws/install/px4_msgs/share/px4_msgs/environment/pythonpath.dsv
[171.369s] -- Symlinking: /home/ansl/ca_ws/install/px4_msgs/local/lib/python3.10/dist-packages/px4_msgs-2.0.1-py3.10.egg-info/PKG-INFO
[171.374s] -- Symlinking: /home/ansl/ca_ws/install/px4_msgs/local/lib/python3.10/dist-packages/px4_msgs-2.0.1-py3.10.egg-info/SOURCES.txt
[171.379s] -- Symlinking: /home/ansl/ca_ws/install/px4_msgs/local/lib/python3.10/dist-packages/px4_msgs-2.0.1-py3.10.egg-info/dependency_links.txt
[171.384s] -- Symlinking: /home/ansl/ca_ws/install/px4_msgs/local/lib/python3.10/dist-packages/px4_msgs-2.0.1-py3.10.egg-info/top_level.txt
[171.394s] -- Symlinking: /home/ansl/ca_ws/install/px4_msgs/local/lib/python3.10/dist-packages/px4_msgs/__init__.py
[171.399s] -- Symlinking: /home/ansl/ca_ws/install/px4_msgs/local/lib/python3.10/dist-packages/px4_msgs/_px4_msgs_s.ep.rosidl_typesupport_c.c
[171.405s] -- Symlinking: /home/ansl/ca_ws/install/px4_msgs/local/lib/python3.10/dist-packages/px4_msgs/_px4_msgs_s.ep.rosidl_typesupport_fastrtps_c.c
[171.410s] -- Symlinking: /home/ansl/ca_ws/install/px4_msgs/local/lib/python3.10/dist-packages/px4_msgs/_px4_msgs_s.ep.rosidl_typesupport_introspection_c.c
[171.415s] -- Symlinking: /home/ansl/ca_ws/install/px4_msgs/local/lib/python3.10/dist-packages/px4_msgs/libpx4_msgs__rosidl_generator_py.so
[171.420s] -- Symlinking: /home/ansl/ca_ws/install/px4_msgs/local/lib/python3.10/dist-packages/px4_msgs/msg/__init__.py
[171.425s] -- Symlinking: /home/ansl/ca_ws/install/px4_msgs/local/lib/python3.10/dist-packages/px4_msgs/msg/_action_request.py
[171.431s] -- Symlinking: /home/ansl/ca_ws/install/px4_msgs/local/lib/python3.10/dist-packages/px4_msgs/msg/_action_request_s.c
[171.436s] -- Symlinking: /home/ansl/ca_ws/install/px4_msgs/local/lib/python3.10/dist-packages/px4_msgs/msg/_actuator_armed.py
[171.441s] -- Symlinking: /home/ansl/ca_ws/install/px4_msgs/local/lib/python3.10/dist-packages/px4_msgs/msg/_actuator_armed_s.c
[171.447s] -- Symlinking: /home/ansl/ca_ws/install/px4_msgs/local/lib/python3.10/dist-packages/px4_msgs/msg/_actuator_command.py
[171.452s] -- Symlinking: /home/ansl/ca_ws/install/px4_msgs/local/lib/python3.10/dist-packages/px4_msgs/msg/_actuator_command_s.c
[171.457s] -- Symlinking: /home/ansl/ca_ws/install/px4_msgs/local/lib/python3.10/dist-packages/px4_msgs/msg/_actuator_controls_status.py
[171.463s] -- Symlinking: /home/ansl/ca_ws/install/px4_msgs/local/lib/python3.10/dist-packages/px4_msgs/msg/_actuator_controls_status_s.c
[171.468s] -- Symlinking: /home/ansl/ca_ws/install/px4_msgs/local/lib/python3.10/dist-packages/px4_msgs/msg/_actuator_motors.py
[171.473s] -- Symlinking: /home/ansl/ca_ws/install/px4_msgs/local/lib/python3.10/dist-packages/px4_msgs/msg/_actuator_motors_s.c
[171.478s] -- Symlinking: /home/ansl/ca_ws/install/px4_msgs/local/lib/python3.10/dist-packages/px4_msgs/msg/_actuator_outputs.py
[171.483s] -- Symlinking: /home/ansl/ca_ws/install/px4_msgs/local/lib/python3.10/dist-packages/px4_msgs/msg/_actuator_outputs_s.c
[171.488s] -- Symlinking: /home/ansl/ca_ws/install/px4_msgs/local/lib/python3.10/dist-packages/px4_msgs/msg/_actuator_servos.py
[171.493s] -- Symlinking: /home/ansl/ca_ws/install/px4_msgs/local/lib/python3.10/dist-packages/px4_msgs/msg/_actuator_servos_s.c
[171.498s] -- Symlinking: /home/ansl/ca_ws/install/px4_msgs/local/lib/python3.10/dist-packages/px4_msgs/msg/_actuator_servos_trim.py
[171.504s] -- Symlinking: /home/ansl/ca_ws/install/px4_msgs/local/lib/python3.10/dist-packages/px4_msgs/msg/_actuator_servos_trim_s.c
[171.509s] -- Symlinking: /home/ansl/ca_ws/install/px4_msgs/local/lib/python3.10/dist-packages/px4_msgs/msg/_actuator_test.py
[171.514s] -- Symlinking: /home/ansl/ca_ws/install/px4_msgs/local/lib/python3.10/dist-packages/px4_msgs/msg/_actuator_test_s.c
[171.519s] -- Symlinking: /home/ansl/ca_ws/install/px4_msgs/local/lib/python3.10/dist-packages/px4_msgs/msg/_adc_report.py
[171.525s] -- Symlinking: /home/ansl/ca_ws/install/px4_msgs/local/lib/python3.10/dist-packages/px4_msgs/msg/_adc_report_s.c
[171.530s] -- Symlinking: /home/ansl/ca_ws/install/px4_msgs/local/lib/python3.10/dist-packages/px4_msgs/msg/_airspeed.py
[171.535s] -- Symlinking: /home/ansl/ca_ws/install/px4_msgs/local/lib/python3.10/dist-packages/px4_msgs/msg/_airspeed_s.c
[171.541s] -- Symlinking: /home/ansl/ca_ws/install/px4_msgs/local/lib/python3.10/dist-packages/px4_msgs/msg/_airspeed_validated.py
[171.546s] -- Symlinking: /home/ansl/ca_ws/install/px4_msgs/local/lib/python3.10/dist-packages/px4_msgs/msg/_airspeed_validated_s.c
[171.551s] -- Symlinking: /home/ansl/ca_ws/install/px4_msgs/local/lib/python3.10/dist-packages/px4_msgs/msg/_airspeed_wind.py
[171.556s] -- Symlinking: /home/ansl/ca_ws/install/px4_msgs/local/lib/python3.10/dist-packages/px4_msgs/msg/_airspeed_wind_s.c
[171.561s] -- Symlinking: /home/ansl/ca_ws/install/px4_msgs/local/lib/python3.10/dist-packages/px4_msgs/msg/_autotune_attitude_control_status.py
[171.566s] -- Symlinking: /home/ansl/ca_ws/install/px4_msgs/local/lib/python3.10/dist-packages/px4_msgs/msg/_autotune_attitude_control_status_s.c
[171.572s] -- Symlinking: /home/ansl/ca_ws/install/px4_msgs/local/lib/python3.10/dist-packages/px4_msgs/msg/_battery_status.py
[171.577s] -- Symlinking: /home/ansl/ca_ws/install/px4_msgs/local/lib/python3.10/dist-packages/px4_msgs/msg/_battery_status_s.c
[171.582s] -- Symlinking: /home/ansl/ca_ws/install/px4_msgs/local/lib/python3.10/dist-packages/px4_msgs/msg/_button_event.py
[171.587s] -- Symlinking: /home/ansl/ca_ws/install/px4_msgs/local/lib/python3.10/dist-packages/px4_msgs/msg/_button_event_s.c
[171.592s] -- Symlinking: /home/ansl/ca_ws/install/px4_msgs/local/lib/python3.10/dist-packages/px4_msgs/msg/_camera_capture.py
[171.597s] -- Symlinking: /home/ansl/ca_ws/install/px4_msgs/local/lib/python3.10/dist-packages/px4_msgs/msg/_camera_capture_s.c
[171.603s] -- Symlinking: /home/ansl/ca_ws/install/px4_msgs/local/lib/python3.10/dist-packages/px4_msgs/msg/_camera_status.py
[171.608s] -- Symlinking: /home/ansl/ca_ws/install/px4_msgs/local/lib/python3.10/dist-packages/px4_msgs/msg/_camera_status_s.c
[171.613s] -- Symlinking: /home/ansl/ca_ws/install/px4_msgs/local/lib/python3.10/dist-packages/px4_msgs/msg/_camera_trigger.py
[171.618s] -- Symlinking: /home/ansl/ca_ws/install/px4_msgs/local/lib/python3.10/dist-packages/px4_msgs/msg/_camera_trigger_s.c
[171.623s] -- Symlinking: /home/ansl/ca_ws/install/px4_msgs/local/lib/python3.10/dist-packages/px4_msgs/msg/_cellular_status.py
[171.629s] -- Symlinking: /home/ansl/ca_ws/install/px4_msgs/local/lib/python3.10/dist-packages/px4_msgs/msg/_cellular_status_s.c
[171.634s] -- Symlinking: /home/ansl/ca_ws/install/px4_msgs/local/lib/python3.10/dist-packages/px4_msgs/msg/_collision_constraints.py
[171.639s] -- Symlinking: /home/ansl/ca_ws/install/px4_msgs/local/lib/python3.10/dist-packages/px4_msgs/msg/_collision_constraints_s.c
[171.644s] -- Symlinking: /home/ansl/ca_ws/install/px4_msgs/local/lib/python3.10/dist-packages/px4_msgs/msg/_collision_report.py
[171.649s] -- Symlinking: /home/ansl/ca_ws/install/px4_msgs/local/lib/python3.10/dist-packages/px4_msgs/msg/_collision_report_s.c
[171.655s] -- Symlinking: /home/ansl/ca_ws/install/px4_msgs/local/lib/python3.10/dist-packages/px4_msgs/msg/_command_values.py
[171.660s] -- Symlinking: /home/ansl/ca_ws/install/px4_msgs/local/lib/python3.10/dist-packages/px4_msgs/msg/_command_values_s.c
[171.665s] -- Symlinking: /home/ansl/ca_ws/install/px4_msgs/local/lib/python3.10/dist-packages/px4_msgs/msg/_control_allocator_status.py
[171.670s] -- Symlinking: /home/ansl/ca_ws/install/px4_msgs/local/lib/python3.10/dist-packages/px4_msgs/msg/_control_allocator_status_s.c
[171.675s] -- Symlinking: /home/ansl/ca_ws/install/px4_msgs/local/lib/python3.10/dist-packages/px4_msgs/msg/_cpuload.py
[171.680s] -- Symlinking: /home/ansl/ca_ws/install/px4_msgs/local/lib/python3.10/dist-packages/px4_msgs/msg/_cpuload_s.c
[171.685s] -- Symlinking: /home/ansl/ca_ws/install/px4_msgs/local/lib/python3.10/dist-packages/px4_msgs/msg/_debug_array.py
[171.690s] -- Symlinking: /home/ansl/ca_ws/install/px4_msgs/local/lib/python3.10/dist-packages/px4_msgs/msg/_debug_array_s.c
[171.695s] -- Symlinking: /home/ansl/ca_ws/install/px4_msgs/local/lib/python3.10/dist-packages/px4_msgs/msg/_debug_key_value.py
[171.701s] -- Symlinking: /home/ansl/ca_ws/install/px4_msgs/local/lib/python3.10/dist-packages/px4_msgs/msg/_debug_key_value_s.c
[171.706s] -- Symlinking: /home/ansl/ca_ws/install/px4_msgs/local/lib/python3.10/dist-packages/px4_msgs/msg/_debug_value.py
[171.711s] -- Symlinking: /home/ansl/ca_ws/install/px4_msgs/local/lib/python3.10/dist-packages/px4_msgs/msg/_debug_value_s.c
[171.717s] -- Symlinking: /home/ansl/ca_ws/install/px4_msgs/local/lib/python3.10/dist-packages/px4_msgs/msg/_debug_vect.py
[171.722s] -- Symlinking: /home/ansl/ca_ws/install/px4_msgs/local/lib/python3.10/dist-packages/px4_msgs/msg/_debug_vect_s.c
[171.727s] -- Symlinking: /home/ansl/ca_ws/install/px4_msgs/local/lib/python3.10/dist-packages/px4_msgs/msg/_differential_pressure.py
[171.732s] -- Symlinking: /home/ansl/ca_ws/install/px4_msgs/local/lib/python3.10/dist-packages/px4_msgs/msg/_differential_pressure_s.c
[171.738s] -- Symlinking: /home/ansl/ca_ws/install/px4_msgs/local/lib/python3.10/dist-packages/px4_msgs/msg/_distance_sensor.py
[171.743s] -- Symlinking: /home/ansl/ca_ws/install/px4_msgs/local/lib/python3.10/dist-packages/px4_msgs/msg/_distance_sensor_s.c
[171.748s] -- Symlinking: /home/ansl/ca_ws/install/px4_msgs/local/lib/python3.10/dist-packages/px4_msgs/msg/_ekf2_timestamps.py
[171.753s] -- Symlinking: /home/ansl/ca_ws/install/px4_msgs/local/lib/python3.10/dist-packages/px4_msgs/msg/_ekf2_timestamps_s.c
[171.758s] -- Symlinking: /home/ansl/ca_ws/install/px4_msgs/local/lib/python3.10/dist-packages/px4_msgs/msg/_esc_report.py
[171.763s] -- Symlinking: /home/ansl/ca_ws/install/px4_msgs/local/lib/python3.10/dist-packages/px4_msgs/msg/_esc_report_s.c
[171.769s] -- Symlinking: /home/ansl/ca_ws/install/px4_msgs/local/lib/python3.10/dist-packages/px4_msgs/msg/_esc_status.py
[171.774s] -- Symlinking: /home/ansl/ca_ws/install/px4_msgs/local/lib/python3.10/dist-packages/px4_msgs/msg/_esc_status_s.c
[171.779s] -- Symlinking: /home/ansl/ca_ws/install/px4_msgs/local/lib/python3.10/dist-packages/px4_msgs/msg/_estimator_aid_source1d.py
[171.784s] -- Symlinking: /home/ansl/ca_ws/install/px4_msgs/local/lib/python3.10/dist-packages/px4_msgs/msg/_estimator_aid_source1d_s.c
[171.790s] -- Symlinking: /home/ansl/ca_ws/install/px4_msgs/local/lib/python3.10/dist-packages/px4_msgs/msg/_estimator_aid_source2d.py
[171.795s] -- Symlinking: /home/ansl/ca_ws/install/px4_msgs/local/lib/python3.10/dist-packages/px4_msgs/msg/_estimator_aid_source2d_s.c
[171.801s] -- Symlinking: /home/ansl/ca_ws/install/px4_msgs/local/lib/python3.10/dist-packages/px4_msgs/msg/_estimator_aid_source3d.py
[171.806s] -- Symlinking: /home/ansl/ca_ws/install/px4_msgs/local/lib/python3.10/dist-packages/px4_msgs/msg/_estimator_aid_source3d_s.c
[171.811s] -- Symlinking: /home/ansl/ca_ws/install/px4_msgs/local/lib/python3.10/dist-packages/px4_msgs/msg/_estimator_bias.py
[171.816s] -- Symlinking: /home/ansl/ca_ws/install/px4_msgs/local/lib/python3.10/dist-packages/px4_msgs/msg/_estimator_bias3d.py
[171.821s] -- Symlinking: /home/ansl/ca_ws/install/px4_msgs/local/lib/python3.10/dist-packages/px4_msgs/msg/_estimator_bias3d_s.c
[171.826s] -- Symlinking: /home/ansl/ca_ws/install/px4_msgs/local/lib/python3.10/dist-packages/px4_msgs/msg/_estimator_bias_s.c
[171.831s] -- Symlinking: /home/ansl/ca_ws/install/px4_msgs/local/lib/python3.10/dist-packages/px4_msgs/msg/_estimator_event_flags.py
[171.837s] -- Symlinking: /home/ansl/ca_ws/install/px4_msgs/local/lib/python3.10/dist-packages/px4_msgs/msg/_estimator_event_flags_s.c
[171.842s] -- Symlinking: /home/ansl/ca_ws/install/px4_msgs/local/lib/python3.10/dist-packages/px4_msgs/msg/_estimator_gps_status.py
[171.848s] -- Symlinking: /home/ansl/ca_ws/install/px4_msgs/local/lib/python3.10/dist-packages/px4_msgs/msg/_estimator_gps_status_s.c
[171.853s] -- Symlinking: /home/ansl/ca_ws/install/px4_msgs/local/lib/python3.10/dist-packages/px4_msgs/msg/_estimator_innovations.py
[171.858s] -- Symlinking: /home/ansl/ca_ws/install/px4_msgs/local/lib/python3.10/dist-packages/px4_msgs/msg/_estimator_innovations_s.c
[171.863s] -- Symlinking: /home/ansl/ca_ws/install/px4_msgs/local/lib/python3.10/dist-packages/px4_msgs/msg/_estimator_selector_status.py
[171.869s] -- Symlinking: /home/ansl/ca_ws/install/px4_msgs/local/lib/python3.10/dist-packages/px4_msgs/msg/_estimator_selector_status_s.c
[171.874s] -- Symlinking: /home/ansl/ca_ws/install/px4_msgs/local/lib/python3.10/dist-packages/px4_msgs/msg/_estimator_sensor_bias.py
[171.879s] -- Symlinking: /home/ansl/ca_ws/install/px4_msgs/local/lib/python3.10/dist-packages/px4_msgs/msg/_estimator_sensor_bias_s.c
[171.884s] -- Symlinking: /home/ansl/ca_ws/install/px4_msgs/local/lib/python3.10/dist-packages/px4_msgs/msg/_estimator_states.py
[171.890s] -- Symlinking: /home/ansl/ca_ws/install/px4_msgs/local/lib/python3.10/dist-packages/px4_msgs/msg/_estimator_states_s.c
[171.895s] -- Symlinking: /home/ansl/ca_ws/install/px4_msgs/local/lib/python3.10/dist-packages/px4_msgs/msg/_estimator_status.py
[171.901s] -- Symlinking: /home/ansl/ca_ws/install/px4_msgs/local/lib/python3.10/dist-packages/px4_msgs/msg/_estimator_status_flags.py
[171.906s] -- Symlinking: /home/ansl/ca_ws/install/px4_msgs/local/lib/python3.10/dist-packages/px4_msgs/msg/_estimator_status_flags_s.c
[171.911s] -- Symlinking: /home/ansl/ca_ws/install/px4_msgs/local/lib/python3.10/dist-packages/px4_msgs/msg/_estimator_status_s.c
[171.916s] -- Symlinking: /home/ansl/ca_ws/install/px4_msgs/local/lib/python3.10/dist-packages/px4_msgs/msg/_event.py
[171.922s] -- Symlinking: /home/ansl/ca_ws/install/px4_msgs/local/lib/python3.10/dist-packages/px4_msgs/msg/_event_s.c
[171.927s] -- Symlinking: /home/ansl/ca_ws/install/px4_msgs/local/lib/python3.10/dist-packages/px4_msgs/msg/_failsafe_flags.py
[171.932s] -- Symlinking: /home/ansl/ca_ws/install/px4_msgs/local/lib/python3.10/dist-packages/px4_msgs/msg/_failsafe_flags_s.c
[171.937s] -- Symlinking: /home/ansl/ca_ws/install/px4_msgs/local/lib/python3.10/dist-packages/px4_msgs/msg/_failure_detector_status.py
[171.942s] -- Symlinking: /home/ansl/ca_ws/install/px4_msgs/local/lib/python3.10/dist-packages/px4_msgs/msg/_failure_detector_status_s.c
[171.947s] -- Symlinking: /home/ansl/ca_ws/install/px4_msgs/local/lib/python3.10/dist-packages/px4_msgs/msg/_follow_target.py
[171.953s] -- Symlinking: /home/ansl/ca_ws/install/px4_msgs/local/lib/python3.10/dist-packages/px4_msgs/msg/_follow_target_estimator.py
[171.958s] -- Symlinking: /home/ansl/ca_ws/install/px4_msgs/local/lib/python3.10/dist-packages/px4_msgs/msg/_follow_target_estimator_s.c
[171.964s] -- Symlinking: /home/ansl/ca_ws/install/px4_msgs/local/lib/python3.10/dist-packages/px4_msgs/msg/_follow_target_s.c
[171.969s] -- Symlinking: /home/ansl/ca_ws/install/px4_msgs/local/lib/python3.10/dist-packages/px4_msgs/msg/_follow_target_status.py
[171.974s] -- Symlinking: /home/ansl/ca_ws/install/px4_msgs/local/lib/python3.10/dist-packages/px4_msgs/msg/_follow_target_status_s.c
[171.979s] -- Symlinking: /home/ansl/ca_ws/install/px4_msgs/local/lib/python3.10/dist-packages/px4_msgs/msg/_generator_status.py
[171.985s] -- Symlinking: /home/ansl/ca_ws/install/px4_msgs/local/lib/python3.10/dist-packages/px4_msgs/msg/_generator_status_s.c
[171.990s] -- Symlinking: /home/ansl/ca_ws/install/px4_msgs/local/lib/python3.10/dist-packages/px4_msgs/msg/_geofence_result.py
[171.996s] -- Symlinking: /home/ansl/ca_ws/install/px4_msgs/local/lib/python3.10/dist-packages/px4_msgs/msg/_geofence_result_s.c
[172.001s] -- Symlinking: /home/ansl/ca_ws/install/px4_msgs/local/lib/python3.10/dist-packages/px4_msgs/msg/_gimbal_controls.py
[172.006s] -- Symlinking: /home/ansl/ca_ws/install/px4_msgs/local/lib/python3.10/dist-packages/px4_msgs/msg/_gimbal_controls_s.c
[172.012s] -- Symlinking: /home/ansl/ca_ws/install/px4_msgs/local/lib/python3.10/dist-packages/px4_msgs/msg/_gimbal_device_attitude_status.py
[172.017s] -- Symlinking: /home/ansl/ca_ws/install/px4_msgs/local/lib/python3.10/dist-packages/px4_msgs/msg/_gimbal_device_attitude_status_s.c
[172.022s] -- Symlinking: /home/ansl/ca_ws/install/px4_msgs/local/lib/python3.10/dist-packages/px4_msgs/msg/_gimbal_device_information.py
[172.027s] -- Symlinking: /home/ansl/ca_ws/install/px4_msgs/local/lib/python3.10/dist-packages/px4_msgs/msg/_gimbal_device_information_s.c
[172.033s] -- Symlinking: /home/ansl/ca_ws/install/px4_msgs/local/lib/python3.10/dist-packages/px4_msgs/msg/_gimbal_device_set_attitude.py
[172.038s] -- Symlinking: /home/ansl/ca_ws/install/px4_msgs/local/lib/python3.10/dist-packages/px4_msgs/msg/_gimbal_device_set_attitude_s.c
[172.043s] -- Symlinking: /home/ansl/ca_ws/install/px4_msgs/local/lib/python3.10/dist-packages/px4_msgs/msg/_gimbal_manager_information.py
[172.048s] -- Symlinking: /home/ansl/ca_ws/install/px4_msgs/local/lib/python3.10/dist-packages/px4_msgs/msg/_gimbal_manager_information_s.c
[172.053s] -- Symlinking: /home/ansl/ca_ws/install/px4_msgs/local/lib/python3.10/dist-packages/px4_msgs/msg/_gimbal_manager_set_attitude.py
[172.058s] -- Symlinking: /home/ansl/ca_ws/install/px4_msgs/local/lib/python3.10/dist-packages/px4_msgs/msg/_gimbal_manager_set_attitude_s.c
[172.064s] -- Symlinking: /home/ansl/ca_ws/install/px4_msgs/local/lib/python3.10/dist-packages/px4_msgs/msg/_gimbal_manager_set_manual_control.py
[172.069s] -- Symlinking: /home/ansl/ca_ws/install/px4_msgs/local/lib/python3.10/dist-packages/px4_msgs/msg/_gimbal_manager_set_manual_control_s.c
[172.074s] -- Symlinking: /home/ansl/ca_ws/install/px4_msgs/local/lib/python3.10/dist-packages/px4_msgs/msg/_gimbal_manager_status.py
[172.079s] -- Symlinking: /home/ansl/ca_ws/install/px4_msgs/local/lib/python3.10/dist-packages/px4_msgs/msg/_gimbal_manager_status_s.c
[172.084s] -- Symlinking: /home/ansl/ca_ws/install/px4_msgs/local/lib/python3.10/dist-packages/px4_msgs/msg/_gps_dump.py
[172.089s] -- Symlinking: /home/ansl/ca_ws/install/px4_msgs/local/lib/python3.10/dist-packages/px4_msgs/msg/_gps_dump_s.c
[172.094s] -- Symlinking: /home/ansl/ca_ws/install/px4_msgs/local/lib/python3.10/dist-packages/px4_msgs/msg/_gps_inject_data.py
[172.100s] -- Symlinking: /home/ansl/ca_ws/install/px4_msgs/local/lib/python3.10/dist-packages/px4_msgs/msg/_gps_inject_data_s.c
[172.105s] -- Symlinking: /home/ansl/ca_ws/install/px4_msgs/local/lib/python3.10/dist-packages/px4_msgs/msg/_gripper.py
[172.110s] -- Symlinking: /home/ansl/ca_ws/install/px4_msgs/local/lib/python3.10/dist-packages/px4_msgs/msg/_gripper_s.c
[172.115s] -- Symlinking: /home/ansl/ca_ws/install/px4_msgs/local/lib/python3.10/dist-packages/px4_msgs/msg/_health_report.py
[172.120s] -- Symlinking: /home/ansl/ca_ws/install/px4_msgs/local/lib/python3.10/dist-packages/px4_msgs/msg/_health_report_s.c
[172.125s] -- Symlinking: /home/ansl/ca_ws/install/px4_msgs/local/lib/python3.10/dist-packages/px4_msgs/msg/_heater_status.py
[172.131s] -- Symlinking: /home/ansl/ca_ws/install/px4_msgs/local/lib/python3.10/dist-packages/px4_msgs/msg/_heater_status_s.c
[172.136s] -- Symlinking: /home/ansl/ca_ws/install/px4_msgs/local/lib/python3.10/dist-packages/px4_msgs/msg/_home_position.py
[172.142s] -- Symlinking: /home/ansl/ca_ws/install/px4_msgs/local/lib/python3.10/dist-packages/px4_msgs/msg/_home_position_s.c
[172.147s] -- Symlinking: /home/ansl/ca_ws/install/px4_msgs/local/lib/python3.10/dist-packages/px4_msgs/msg/_hover_thrust_estimate.py
[172.152s] -- Symlinking: /home/ansl/ca_ws/install/px4_msgs/local/lib/python3.10/dist-packages/px4_msgs/msg/_hover_thrust_estimate_s.c
[172.157s] -- Symlinking: /home/ansl/ca_ws/install/px4_msgs/local/lib/python3.10/dist-packages/px4_msgs/msg/_input_rc.py
[172.163s] -- Symlinking: /home/ansl/ca_ws/install/px4_msgs/local/lib/python3.10/dist-packages/px4_msgs/msg/_input_rc_s.c
[172.168s] -- Symlinking: /home/ansl/ca_ws/install/px4_msgs/local/lib/python3.10/dist-packages/px4_msgs/msg/_input_tau.py
[172.173s] -- Symlinking: /home/ansl/ca_ws/install/px4_msgs/local/lib/python3.10/dist-packages/px4_msgs/msg/_input_tau_s.c
[172.178s] -- Symlinking: /home/ansl/ca_ws/install/px4_msgs/local/lib/python3.10/dist-packages/px4_msgs/msg/_internal_combustion_engine_status.py
[172.184s] -- Symlinking: /home/ansl/ca_ws/install/px4_msgs/local/lib/python3.10/dist-packages/px4_msgs/msg/_internal_combustion_engine_status_s.c
[172.189s] -- Symlinking: /home/ansl/ca_ws/install/px4_msgs/local/lib/python3.10/dist-packages/px4_msgs/msg/_iridiumsbd_status.py
[172.194s] -- Symlinking: /home/ansl/ca_ws/install/px4_msgs/local/lib/python3.10/dist-packages/px4_msgs/msg/_iridiumsbd_status_s.c
[172.199s] -- Symlinking: /home/ansl/ca_ws/install/px4_msgs/local/lib/python3.10/dist-packages/px4_msgs/msg/_irlock_report.py
[172.205s] -- Symlinking: /home/ansl/ca_ws/install/px4_msgs/local/lib/python3.10/dist-packages/px4_msgs/msg/_irlock_report_s.c
[172.210s] -- Symlinking: /home/ansl/ca_ws/install/px4_msgs/local/lib/python3.10/dist-packages/px4_msgs/msg/_landing_gear.py
[172.215s] -- Symlinking: /home/ansl/ca_ws/install/px4_msgs/local/lib/python3.10/dist-packages/px4_msgs/msg/_landing_gear_s.c
[172.220s] -- Symlinking: /home/ansl/ca_ws/install/px4_msgs/local/lib/python3.10/dist-packages/px4_msgs/msg/_landing_gear_wheel.py
[172.225s] -- Symlinking: /home/ansl/ca_ws/install/px4_msgs/local/lib/python3.10/dist-packages/px4_msgs/msg/_landing_gear_wheel_s.c
[172.230s] -- Symlinking: /home/ansl/ca_ws/install/px4_msgs/local/lib/python3.10/dist-packages/px4_msgs/msg/_landing_target_innovations.py
[172.235s] -- Symlinking: /home/ansl/ca_ws/install/px4_msgs/local/lib/python3.10/dist-packages/px4_msgs/msg/_landing_target_innovations_s.c
[172.241s] -- Symlinking: /home/ansl/ca_ws/install/px4_msgs/local/lib/python3.10/dist-packages/px4_msgs/msg/_landing_target_pose.py
[172.246s] -- Symlinking: /home/ansl/ca_ws/install/px4_msgs/local/lib/python3.10/dist-packages/px4_msgs/msg/_landing_target_pose_s.c
[172.251s] -- Symlinking: /home/ansl/ca_ws/install/px4_msgs/local/lib/python3.10/dist-packages/px4_msgs/msg/_launch_detection_status.py
[172.256s] -- Symlinking: /home/ansl/ca_ws/install/px4_msgs/local/lib/python3.10/dist-packages/px4_msgs/msg/_launch_detection_status_s.c
[172.261s] -- Symlinking: /home/ansl/ca_ws/install/px4_msgs/local/lib/python3.10/dist-packages/px4_msgs/msg/_led_control.py
[172.267s] -- Symlinking: /home/ansl/ca_ws/install/px4_msgs/local/lib/python3.10/dist-packages/px4_msgs/msg/_led_control_s.c
[172.272s] -- Symlinking: /home/ansl/ca_ws/install/px4_msgs/local/lib/python3.10/dist-packages/px4_msgs/msg/_log_message.py
[172.277s] -- Symlinking: /home/ansl/ca_ws/install/px4_msgs/local/lib/python3.10/dist-packages/px4_msgs/msg/_log_message_s.c
[172.283s] -- Symlinking: /home/ansl/ca_ws/install/px4_msgs/local/lib/python3.10/dist-packages/px4_msgs/msg/_logger_status.py
[172.288s] -- Symlinking: /home/ansl/ca_ws/install/px4_msgs/local/lib/python3.10/dist-packages/px4_msgs/msg/_logger_status_s.c
[172.293s] -- Symlinking: /home/ansl/ca_ws/install/px4_msgs/local/lib/python3.10/dist-packages/px4_msgs/msg/_mag_worker_data.py
[172.299s] -- Symlinking: /home/ansl/ca_ws/install/px4_msgs/local/lib/python3.10/dist-packages/px4_msgs/msg/_mag_worker_data_s.c
[172.304s] -- Symlinking: /home/ansl/ca_ws/install/px4_msgs/local/lib/python3.10/dist-packages/px4_msgs/msg/_magnetometer_bias_estimate.py
[172.309s] -- Symlinking: /home/ansl/ca_ws/install/px4_msgs/local/lib/python3.10/dist-packages/px4_msgs/msg/_magnetometer_bias_estimate_s.c
[172.314s] -- Symlinking: /home/ansl/ca_ws/install/px4_msgs/local/lib/python3.10/dist-packages/px4_msgs/msg/_manual_control_setpoint.py
[172.320s] -- Symlinking: /home/ansl/ca_ws/install/px4_msgs/local/lib/python3.10/dist-packages/px4_msgs/msg/_manual_control_setpoint_s.c
[172.325s] -- Symlinking: /home/ansl/ca_ws/install/px4_msgs/local/lib/python3.10/dist-packages/px4_msgs/msg/_manual_control_switches.py
[172.330s] -- Symlinking: /home/ansl/ca_ws/install/px4_msgs/local/lib/python3.10/dist-packages/px4_msgs/msg/_manual_control_switches_s.c
[172.335s] -- Symlinking: /home/ansl/ca_ws/install/px4_msgs/local/lib/python3.10/dist-packages/px4_msgs/msg/_mavlink_log.py
[172.340s] -- Symlinking: /home/ansl/ca_ws/install/px4_msgs/local/lib/python3.10/dist-packages/px4_msgs/msg/_mavlink_log_s.c
[172.345s] -- Symlinking: /home/ansl/ca_ws/install/px4_msgs/local/lib/python3.10/dist-packages/px4_msgs/msg/_mavlink_tunnel.py
[172.351s] -- Symlinking: /home/ansl/ca_ws/install/px4_msgs/local/lib/python3.10/dist-packages/px4_msgs/msg/_mavlink_tunnel_s.c
[172.356s] -- Symlinking: /home/ansl/ca_ws/install/px4_msgs/local/lib/python3.10/dist-packages/px4_msgs/msg/_mission.py
[172.361s] -- Symlinking: /home/ansl/ca_ws/install/px4_msgs/local/lib/python3.10/dist-packages/px4_msgs/msg/_mission_result.py
[172.366s] -- Symlinking: /home/ansl/ca_ws/install/px4_msgs/local/lib/python3.10/dist-packages/px4_msgs/msg/_mission_result_s.c
[172.372s] -- Symlinking: /home/ansl/ca_ws/install/px4_msgs/local/lib/python3.10/dist-packages/px4_msgs/msg/_mission_s.c
[172.377s] -- Symlinking: /home/ansl/ca_ws/install/px4_msgs/local/lib/python3.10/dist-packages/px4_msgs/msg/_mode_completed.py
[172.383s] -- Symlinking: /home/ansl/ca_ws/install/px4_msgs/local/lib/python3.10/dist-packages/px4_msgs/msg/_mode_completed_s.c
[172.388s] -- Symlinking: /home/ansl/ca_ws/install/px4_msgs/local/lib/python3.10/dist-packages/px4_msgs/msg/_mode_flag.py
[172.393s] -- Symlinking: /home/ansl/ca_ws/install/px4_msgs/local/lib/python3.10/dist-packages/px4_msgs/msg/_mode_flag_s.c
[172.398s] -- Symlinking: /home/ansl/ca_ws/install/px4_msgs/local/lib/python3.10/dist-packages/px4_msgs/msg/_mount_orientation.py
[172.403s] -- Symlinking: /home/ansl/ca_ws/install/px4_msgs/local/lib/python3.10/dist-packages/px4_msgs/msg/_mount_orientation_s.c
[172.408s] -- Symlinking: /home/ansl/ca_ws/install/px4_msgs/local/lib/python3.10/dist-packages/px4_msgs/msg/_navigator_mission_item.py
[172.414s] -- Symlinking: /home/ansl/ca_ws/install/px4_msgs/local/lib/python3.10/dist-packages/px4_msgs/msg/_navigator_mission_item_s.c
[172.419s] -- Symlinking: /home/ansl/ca_ws/install/px4_msgs/local/lib/python3.10/dist-packages/px4_msgs/msg/_normalized_unsigned_setpoint.py
[172.424s] -- Symlinking: /home/ansl/ca_ws/install/px4_msgs/local/lib/python3.10/dist-packages/px4_msgs/msg/_normalized_unsigned_setpoint_s.c
[172.429s] -- Symlinking: /home/ansl/ca_ws/install/px4_msgs/local/lib/python3.10/dist-packages/px4_msgs/msg/_npfg_status.py
[172.434s] -- Symlinking: /home/ansl/ca_ws/install/px4_msgs/local/lib/python3.10/dist-packages/px4_msgs/msg/_npfg_status_s.c
[172.439s] -- Symlinking: /home/ansl/ca_ws/install/px4_msgs/local/lib/python3.10/dist-packages/px4_msgs/msg/_obstacle_distance.py
[172.444s] -- Symlinking: /home/ansl/ca_ws/install/px4_msgs/local/lib/python3.10/dist-packages/px4_msgs/msg/_obstacle_distance_s.c
[172.449s] -- Symlinking: /home/ansl/ca_ws/install/px4_msgs/local/lib/python3.10/dist-packages/px4_msgs/msg/_offboard_control_mode.py
[172.455s] -- Symlinking: /home/ansl/ca_ws/install/px4_msgs/local/lib/python3.10/dist-packages/px4_msgs/msg/_offboard_control_mode_s.c
[172.460s] -- Symlinking: /home/ansl/ca_ws/install/px4_msgs/local/lib/python3.10/dist-packages/px4_msgs/msg/_onboard_computer_status.py
[172.465s] -- Symlinking: /home/ansl/ca_ws/install/px4_msgs/local/lib/python3.10/dist-packages/px4_msgs/msg/_onboard_computer_status_s.c
[172.470s] -- Symlinking: /home/ansl/ca_ws/install/px4_msgs/local/lib/python3.10/dist-packages/px4_msgs/msg/_orb_test.py
[172.475s] -- Symlinking: /home/ansl/ca_ws/install/px4_msgs/local/lib/python3.10/dist-packages/px4_msgs/msg/_orb_test_large.py
[172.480s] -- Symlinking: /home/ansl/ca_ws/install/px4_msgs/local/lib/python3.10/dist-packages/px4_msgs/msg/_orb_test_large_s.c
[172.486s] -- Symlinking: /home/ansl/ca_ws/install/px4_msgs/local/lib/python3.10/dist-packages/px4_msgs/msg/_orb_test_medium.py
[172.490s] -- Symlinking: /home/ansl/ca_ws/install/px4_msgs/local/lib/python3.10/dist-packages/px4_msgs/msg/_orb_test_medium_s.c
[172.496s] -- Symlinking: /home/ansl/ca_ws/install/px4_msgs/local/lib/python3.10/dist-packages/px4_msgs/msg/_orb_test_s.c
[172.501s] -- Symlinking: /home/ansl/ca_ws/install/px4_msgs/local/lib/python3.10/dist-packages/px4_msgs/msg/_orbit_status.py
[172.506s] -- Symlinking: /home/ansl/ca_ws/install/px4_msgs/local/lib/python3.10/dist-packages/px4_msgs/msg/_orbit_status_s.c
[172.512s] -- Symlinking: /home/ansl/ca_ws/install/px4_msgs/local/lib/python3.10/dist-packages/px4_msgs/msg/_output_test.py
[172.517s] -- Symlinking: /home/ansl/ca_ws/install/px4_msgs/local/lib/python3.10/dist-packages/px4_msgs/msg/_output_test_s.c
[172.522s] -- Symlinking: /home/ansl/ca_ws/install/px4_msgs/local/lib/python3.10/dist-packages/px4_msgs/msg/_parameter_update.py
[172.527s] -- Symlinking: /home/ansl/ca_ws/install/px4_msgs/local/lib/python3.10/dist-packages/px4_msgs/msg/_parameter_update_s.c
[172.532s] -- Symlinking: /home/ansl/ca_ws/install/px4_msgs/local/lib/python3.10/dist-packages/px4_msgs/msg/_ping.py
[172.537s] -- Symlinking: /home/ansl/ca_ws/install/px4_msgs/local/lib/python3.10/dist-packages/px4_msgs/msg/_ping_s.c
[172.542s] -- Symlinking: /home/ansl/ca_ws/install/px4_msgs/local/lib/python3.10/dist-packages/px4_msgs/msg/_position_controller_landing_status.py
[172.548s] -- Symlinking: /home/ansl/ca_ws/install/px4_msgs/local/lib/python3.10/dist-packages/px4_msgs/msg/_position_controller_landing_status_s.c
[172.553s] -- Symlinking: /home/ansl/ca_ws/install/px4_msgs/local/lib/python3.10/dist-packages/px4_msgs/msg/_position_controller_status.py
[172.558s] -- Symlinking: /home/ansl/ca_ws/install/px4_msgs/local/lib/python3.10/dist-packages/px4_msgs/msg/_position_controller_status_s.c
[172.563s] -- Symlinking: /home/ansl/ca_ws/install/px4_msgs/local/lib/python3.10/dist-packages/px4_msgs/msg/_position_setpoint.py
[172.569s] -- Symlinking: /home/ansl/ca_ws/install/px4_msgs/local/lib/python3.10/dist-packages/px4_msgs/msg/_position_setpoint_s.c
[172.574s] -- Symlinking: /home/ansl/ca_ws/install/px4_msgs/local/lib/python3.10/dist-packages/px4_msgs/msg/_position_setpoint_triplet.py
[172.579s] -- Symlinking: /home/ansl/ca_ws/install/px4_msgs/local/lib/python3.10/dist-packages/px4_msgs/msg/_position_setpoint_triplet_s.c
[172.584s] -- Symlinking: /home/ansl/ca_ws/install/px4_msgs/local/lib/python3.10/dist-packages/px4_msgs/msg/_power_button_state.py
[172.590s] -- Symlinking: /home/ansl/ca_ws/install/px4_msgs/local/lib/python3.10/dist-packages/px4_msgs/msg/_power_button_state_s.c
[172.595s] -- Symlinking: /home/ansl/ca_ws/install/px4_msgs/local/lib/python3.10/dist-packages/px4_msgs/msg/_power_monitor.py
[172.600s] -- Symlinking: /home/ansl/ca_ws/install/px4_msgs/local/lib/python3.10/dist-packages/px4_msgs/msg/_power_monitor_s.c
[172.605s] -- Symlinking: /home/ansl/ca_ws/install/px4_msgs/local/lib/python3.10/dist-packages/px4_msgs/msg/_pps_capture.py
[172.610s] -- Symlinking: /home/ansl/ca_ws/install/px4_msgs/local/lib/python3.10/dist-packages/px4_msgs/msg/_pps_capture_s.c
[172.615s] -- Symlinking: /home/ansl/ca_ws/install/px4_msgs/local/lib/python3.10/dist-packages/px4_msgs/msg/_pwm_input.py
[172.621s] -- Symlinking: /home/ansl/ca_ws/install/px4_msgs/local/lib/python3.10/dist-packages/px4_msgs/msg/_pwm_input_s.c
[172.626s] -- Symlinking: /home/ansl/ca_ws/install/px4_msgs/local/lib/python3.10/dist-packages/px4_msgs/msg/_px4io_status.py
[172.631s] -- Symlinking: /home/ansl/ca_ws/install/px4_msgs/local/lib/python3.10/dist-packages/px4_msgs/msg/_px4io_status_s.c
[172.637s] -- Symlinking: /home/ansl/ca_ws/install/px4_msgs/local/lib/python3.10/dist-packages/px4_msgs/msg/_qshell_req.py
[172.642s] -- Symlinking: /home/ansl/ca_ws/install/px4_msgs/local/lib/python3.10/dist-packages/px4_msgs/msg/_qshell_req_s.c
[172.647s] -- Symlinking: /home/ansl/ca_ws/install/px4_msgs/local/lib/python3.10/dist-packages/px4_msgs/msg/_qshell_retval.py
[172.653s] -- Symlinking: /home/ansl/ca_ws/install/px4_msgs/local/lib/python3.10/dist-packages/px4_msgs/msg/_qshell_retval_s.c
[172.658s] -- Symlinking: /home/ansl/ca_ws/install/px4_msgs/local/lib/python3.10/dist-packages/px4_msgs/msg/_radio_status.py
[172.663s] -- Symlinking: /home/ansl/ca_ws/install/px4_msgs/local/lib/python3.10/dist-packages/px4_msgs/msg/_radio_status_s.c
[172.668s] -- Symlinking: /home/ansl/ca_ws/install/px4_msgs/local/lib/python3.10/dist-packages/px4_msgs/msg/_rate_ctrl_status.py
[172.674s] -- Symlinking: /home/ansl/ca_ws/install/px4_msgs/local/lib/python3.10/dist-packages/px4_msgs/msg/_rate_ctrl_status_s.c
[172.679s] -- Symlinking: /home/ansl/ca_ws/install/px4_msgs/local/lib/python3.10/dist-packages/px4_msgs/msg/_rc_channels.py
[172.684s] -- Symlinking: /home/ansl/ca_ws/install/px4_msgs/local/lib/python3.10/dist-packages/px4_msgs/msg/_rc_channels_s.c
[172.689s] -- Symlinking: /home/ansl/ca_ws/install/px4_msgs/local/lib/python3.10/dist-packages/px4_msgs/msg/_rc_parameter_map.py
[172.694s] -- Symlinking: /home/ansl/ca_ws/install/px4_msgs/local/lib/python3.10/dist-packages/px4_msgs/msg/_rc_parameter_map_s.c
[172.699s] -- Symlinking: /home/ansl/ca_ws/install/px4_msgs/local/lib/python3.10/dist-packages/px4_msgs/msg/_rpm.py
[172.704s] -- Symlinking: /home/ansl/ca_ws/install/px4_msgs/local/lib/python3.10/dist-packages/px4_msgs/msg/_rpm_s.c
[172.709s] -- Symlinking: /home/ansl/ca_ws/install/px4_msgs/local/lib/python3.10/dist-packages/px4_msgs/msg/_rtl_time_estimate.py
[172.715s] -- Symlinking: /home/ansl/ca_ws/install/px4_msgs/local/lib/python3.10/dist-packages/px4_msgs/msg/_rtl_time_estimate_s.c
[172.720s] -- Symlinking: /home/ansl/ca_ws/install/px4_msgs/local/lib/python3.10/dist-packages/px4_msgs/msg/_satellite_info.py
[172.725s] -- Symlinking: /home/ansl/ca_ws/install/px4_msgs/local/lib/python3.10/dist-packages/px4_msgs/msg/_satellite_info_s.c
[172.730s] -- Symlinking: /home/ansl/ca_ws/install/px4_msgs/local/lib/python3.10/dist-packages/px4_msgs/msg/_sensor_accel.py
[172.735s] -- Symlinking: /home/ansl/ca_ws/install/px4_msgs/local/lib/python3.10/dist-packages/px4_msgs/msg/_sensor_accel_fifo.py
[172.740s] -- Symlinking: /home/ansl/ca_ws/install/px4_msgs/local/lib/python3.10/dist-packages/px4_msgs/msg/_sensor_accel_fifo_s.c
[172.745s] -- Symlinking: /home/ansl/ca_ws/install/px4_msgs/local/lib/python3.10/dist-packages/px4_msgs/msg/_sensor_accel_s.c
[172.751s] -- Symlinking: /home/ansl/ca_ws/install/px4_msgs/local/lib/python3.10/dist-packages/px4_msgs/msg/_sensor_baro.py
[172.756s] -- Symlinking: /home/ansl/ca_ws/install/px4_msgs/local/lib/python3.10/dist-packages/px4_msgs/msg/_sensor_baro_s.c
[172.761s] -- Symlinking: /home/ansl/ca_ws/install/px4_msgs/local/lib/python3.10/dist-packages/px4_msgs/msg/_sensor_combined.py
[172.767s] -- Symlinking: /home/ansl/ca_ws/install/px4_msgs/local/lib/python3.10/dist-packages/px4_msgs/msg/_sensor_combined_s.c
[172.772s] -- Symlinking: /home/ansl/ca_ws/install/px4_msgs/local/lib/python3.10/dist-packages/px4_msgs/msg/_sensor_correction.py
[172.777s] -- Symlinking: /home/ansl/ca_ws/install/px4_msgs/local/lib/python3.10/dist-packages/px4_msgs/msg/_sensor_correction_s.c
[172.782s] -- Symlinking: /home/ansl/ca_ws/install/px4_msgs/local/lib/python3.10/dist-packages/px4_msgs/msg/_sensor_gnss_relative.py
[172.787s] -- Symlinking: /home/ansl/ca_ws/install/px4_msgs/local/lib/python3.10/dist-packages/px4_msgs/msg/_sensor_gnss_relative_s.c
[172.792s] -- Symlinking: /home/ansl/ca_ws/install/px4_msgs/local/lib/python3.10/dist-packages/px4_msgs/msg/_sensor_gps.py
[172.797s] -- Symlinking: /home/ansl/ca_ws/install/px4_msgs/local/lib/python3.10/dist-packages/px4_msgs/msg/_sensor_gps_s.c
[172.802s] -- Symlinking: /home/ansl/ca_ws/install/px4_msgs/local/lib/python3.10/dist-packages/px4_msgs/msg/_sensor_gyro.py
[172.808s] -- Symlinking: /home/ansl/ca_ws/install/px4_msgs/local/lib/python3.10/dist-packages/px4_msgs/msg/_sensor_gyro_fft.py
[172.813s] -- Symlinking: /home/ansl/ca_ws/install/px4_msgs/local/lib/python3.10/dist-packages/px4_msgs/msg/_sensor_gyro_fft_s.c
[172.818s] -- Symlinking: /home/ansl/ca_ws/install/px4_msgs/local/lib/python3.10/dist-packages/px4_msgs/msg/_sensor_gyro_fifo.py
[172.824s] -- Symlinking: /home/ansl/ca_ws/install/px4_msgs/local/lib/python3.10/dist-packages/px4_msgs/msg/_sensor_gyro_fifo_s.c
[172.829s] -- Symlinking: /home/ansl/ca_ws/install/px4_msgs/local/lib/python3.10/dist-packages/px4_msgs/msg/_sensor_gyro_s.c
[172.834s] -- Symlinking: /home/ansl/ca_ws/install/px4_msgs/local/lib/python3.10/dist-packages/px4_msgs/msg/_sensor_hygrometer.py
[172.839s] -- Symlinking: /home/ansl/ca_ws/install/px4_msgs/local/lib/python3.10/dist-packages/px4_msgs/msg/_sensor_hygrometer_s.c
[172.844s] -- Symlinking: /home/ansl/ca_ws/install/px4_msgs/local/lib/python3.10/dist-packages/px4_msgs/msg/_sensor_mag.py
[172.849s] -- Symlinking: /home/ansl/ca_ws/install/px4_msgs/local/lib/python3.10/dist-packages/px4_msgs/msg/_sensor_mag_s.c
[172.855s] -- Symlinking: /home/ansl/ca_ws/install/px4_msgs/local/lib/python3.10/dist-packages/px4_msgs/msg/_sensor_optical_flow.py
[172.860s] -- Symlinking: /home/ansl/ca_ws/install/px4_msgs/local/lib/python3.10/dist-packages/px4_msgs/msg/_sensor_optical_flow_s.c
[172.865s] -- Symlinking: /home/ansl/ca_ws/install/px4_msgs/local/lib/python3.10/dist-packages/px4_msgs/msg/_sensor_preflight_mag.py
[172.870s] -- Symlinking: /home/ansl/ca_ws/install/px4_msgs/local/lib/python3.10/dist-packages/px4_msgs/msg/_sensor_preflight_mag_s.c
[172.876s] -- Symlinking: /home/ansl/ca_ws/install/px4_msgs/local/lib/python3.10/dist-packages/px4_msgs/msg/_sensor_selection.py
[172.881s] -- Symlinking: /home/ansl/ca_ws/install/px4_msgs/local/lib/python3.10/dist-packages/px4_msgs/msg/_sensor_selection_s.c
[172.886s] -- Symlinking: /home/ansl/ca_ws/install/px4_msgs/local/lib/python3.10/dist-packages/px4_msgs/msg/_sensor_uwb.py
[172.891s] -- Symlinking: /home/ansl/ca_ws/install/px4_msgs/local/lib/python3.10/dist-packages/px4_msgs/msg/_sensor_uwb_s.c
[172.896s] -- Symlinking: /home/ansl/ca_ws/install/px4_msgs/local/lib/python3.10/dist-packages/px4_msgs/msg/_sensors_status.py
[172.901s] -- Symlinking: /home/ansl/ca_ws/install/px4_msgs/local/lib/python3.10/dist-packages/px4_msgs/msg/_sensors_status_imu.py
[172.906s] -- Symlinking: /home/ansl/ca_ws/install/px4_msgs/local/lib/python3.10/dist-packages/px4_msgs/msg/_sensors_status_imu_s.c
[172.911s] -- Symlinking: /home/ansl/ca_ws/install/px4_msgs/local/lib/python3.10/dist-packages/px4_msgs/msg/_sensors_status_s.c
[172.916s] -- Symlinking: /home/ansl/ca_ws/install/px4_msgs/local/lib/python3.10/dist-packages/px4_msgs/msg/_simulink_custom_message.py
[172.921s] -- Symlinking: /home/ansl/ca_ws/install/px4_msgs/local/lib/python3.10/dist-packages/px4_msgs/msg/_simulink_custom_message_s.c
[172.926s] -- Symlinking: /home/ansl/ca_ws/install/px4_msgs/local/lib/python3.10/dist-packages/px4_msgs/msg/_states_and_actuators.py
[172.931s] -- Symlinking: /home/ansl/ca_ws/install/px4_msgs/local/lib/python3.10/dist-packages/px4_msgs/msg/_states_and_actuators_s.c
[172.937s] -- Symlinking: /home/ansl/ca_ws/install/px4_msgs/local/lib/python3.10/dist-packages/px4_msgs/msg/_system_power.py
[172.942s] -- Symlinking: /home/ansl/ca_ws/install/px4_msgs/local/lib/python3.10/dist-packages/px4_msgs/msg/_system_power_s.c
[172.947s] -- Symlinking: /home/ansl/ca_ws/install/px4_msgs/local/lib/python3.10/dist-packages/px4_msgs/msg/_takeoff_status.py
[172.952s] -- Symlinking: /home/ansl/ca_ws/install/px4_msgs/local/lib/python3.10/dist-packages/px4_msgs/msg/_takeoff_status_s.c
[172.957s] -- Symlinking: /home/ansl/ca_ws/install/px4_msgs/local/lib/python3.10/dist-packages/px4_msgs/msg/_task_stack_info.py
[172.962s] -- Symlinking: /home/ansl/ca_ws/install/px4_msgs/local/lib/python3.10/dist-packages/px4_msgs/msg/_task_stack_info_s.c
[172.967s] -- Symlinking: /home/ansl/ca_ws/install/px4_msgs/local/lib/python3.10/dist-packages/px4_msgs/msg/_tecs_status.py
[172.972s] -- Symlinking: /home/ansl/ca_ws/install/px4_msgs/local/lib/python3.10/dist-packages/px4_msgs/msg/_tecs_status_s.c
[172.977s] -- Symlinking: /home/ansl/ca_ws/install/px4_msgs/local/lib/python3.10/dist-packages/px4_msgs/msg/_telemetry_status.py
[172.982s] -- Symlinking: /home/ansl/ca_ws/install/px4_msgs/local/lib/python3.10/dist-packages/px4_msgs/msg/_telemetry_status_s.c
[172.987s] -- Symlinking: /home/ansl/ca_ws/install/px4_msgs/local/lib/python3.10/dist-packages/px4_msgs/msg/_tiltrotor_extra_controls.py
[172.992s] -- Symlinking: /home/ansl/ca_ws/install/px4_msgs/local/lib/python3.10/dist-packages/px4_msgs/msg/_tiltrotor_extra_controls_s.c
[172.998s] -- Symlinking: /home/ansl/ca_ws/install/px4_msgs/local/lib/python3.10/dist-packages/px4_msgs/msg/_timesync_status.py
[173.003s] -- Symlinking: /home/ansl/ca_ws/install/px4_msgs/local/lib/python3.10/dist-packages/px4_msgs/msg/_timesync_status_s.c
[173.008s] -- Symlinking: /home/ansl/ca_ws/install/px4_msgs/local/lib/python3.10/dist-packages/px4_msgs/msg/_trajectory_bezier.py
[173.013s] -- Symlinking: /home/ansl/ca_ws/install/px4_msgs/local/lib/python3.10/dist-packages/px4_msgs/msg/_trajectory_bezier_s.c
[173.019s] -- Symlinking: /home/ansl/ca_ws/install/px4_msgs/local/lib/python3.10/dist-packages/px4_msgs/msg/_trajectory_setpoint.py
[173.024s] -- Symlinking: /home/ansl/ca_ws/install/px4_msgs/local/lib/python3.10/dist-packages/px4_msgs/msg/_trajectory_setpoint_s.c
[173.029s] -- Symlinking: /home/ansl/ca_ws/install/px4_msgs/local/lib/python3.10/dist-packages/px4_msgs/msg/_trajectory_waypoint.py
[173.034s] -- Symlinking: /home/ansl/ca_ws/install/px4_msgs/local/lib/python3.10/dist-packages/px4_msgs/msg/_trajectory_waypoint_s.c
[173.039s] -- Symlinking: /home/ansl/ca_ws/install/px4_msgs/local/lib/python3.10/dist-packages/px4_msgs/msg/_transponder_report.py
[173.045s] -- Symlinking: /home/ansl/ca_ws/install/px4_msgs/local/lib/python3.10/dist-packages/px4_msgs/msg/_transponder_report_s.c
[173.050s] -- Symlinking: /home/ansl/ca_ws/install/px4_msgs/local/lib/python3.10/dist-packages/px4_msgs/msg/_tune_control.py
[173.055s] -- Symlinking: /home/ansl/ca_ws/install/px4_msgs/local/lib/python3.10/dist-packages/px4_msgs/msg/_tune_control_s.c
[173.061s] -- Symlinking: /home/ansl/ca_ws/install/px4_msgs/local/lib/python3.10/dist-packages/px4_msgs/msg/_uavcan_parameter_request.py
[173.066s] -- Symlinking: /home/ansl/ca_ws/install/px4_msgs/local/lib/python3.10/dist-packages/px4_msgs/msg/_uavcan_parameter_request_s.c
[173.071s] -- Symlinking: /home/ansl/ca_ws/install/px4_msgs/local/lib/python3.10/dist-packages/px4_msgs/msg/_uavcan_parameter_value.py
[173.076s] -- Symlinking: /home/ansl/ca_ws/install/px4_msgs/local/lib/python3.10/dist-packages/px4_msgs/msg/_uavcan_parameter_value_s.c
[173.082s] -- Symlinking: /home/ansl/ca_ws/install/px4_msgs/local/lib/python3.10/dist-packages/px4_msgs/msg/_ulog_stream.py
[173.086s] -- Symlinking: /home/ansl/ca_ws/install/px4_msgs/local/lib/python3.10/dist-packages/px4_msgs/msg/_ulog_stream_ack.py
[173.092s] -- Symlinking: /home/ansl/ca_ws/install/px4_msgs/local/lib/python3.10/dist-packages/px4_msgs/msg/_ulog_stream_ack_s.c
[173.097s] -- Symlinking: /home/ansl/ca_ws/install/px4_msgs/local/lib/python3.10/dist-packages/px4_msgs/msg/_ulog_stream_s.c
[173.102s] -- Symlinking: /home/ansl/ca_ws/install/px4_msgs/local/lib/python3.10/dist-packages/px4_msgs/msg/_vehicle_acceleration.py
[173.107s] -- Symlinking: /home/ansl/ca_ws/install/px4_msgs/local/lib/python3.10/dist-packages/px4_msgs/msg/_vehicle_acceleration_s.c
[173.113s] -- Symlinking: /home/ansl/ca_ws/install/px4_msgs/local/lib/python3.10/dist-packages/px4_msgs/msg/_vehicle_air_data.py
[173.118s] -- Symlinking: /home/ansl/ca_ws/install/px4_msgs/local/lib/python3.10/dist-packages/px4_msgs/msg/_vehicle_air_data_s.c
[173.123s] -- Symlinking: /home/ansl/ca_ws/install/px4_msgs/local/lib/python3.10/dist-packages/px4_msgs/msg/_vehicle_angular_acceleration_setpoint.py
[173.129s] -- Symlinking: /home/ansl/ca_ws/install/px4_msgs/local/lib/python3.10/dist-packages/px4_msgs/msg/_vehicle_angular_acceleration_setpoint_s.c
[173.134s] -- Symlinking: /home/ansl/ca_ws/install/px4_msgs/local/lib/python3.10/dist-packages/px4_msgs/msg/_vehicle_angular_velocity.py
[173.139s] -- Symlinking: /home/ansl/ca_ws/install/px4_msgs/local/lib/python3.10/dist-packages/px4_msgs/msg/_vehicle_angular_velocity_s.c
[173.144s] -- Symlinking: /home/ansl/ca_ws/install/px4_msgs/local/lib/python3.10/dist-packages/px4_msgs/msg/_vehicle_attitude.py
[173.149s] -- Symlinking: /home/ansl/ca_ws/install/px4_msgs/local/lib/python3.10/dist-packages/px4_msgs/msg/_vehicle_attitude_s.c
[173.154s] -- Symlinking: /home/ansl/ca_ws/install/px4_msgs/local/lib/python3.10/dist-packages/px4_msgs/msg/_vehicle_attitude_setpoint.py
[173.160s] -- Symlinking: /home/ansl/ca_ws/install/px4_msgs/local/lib/python3.10/dist-packages/px4_msgs/msg/_vehicle_attitude_setpoint_s.c
[173.165s] -- Symlinking: /home/ansl/ca_ws/install/px4_msgs/local/lib/python3.10/dist-packages/px4_msgs/msg/_vehicle_command.py
[173.170s] -- Symlinking: /home/ansl/ca_ws/install/px4_msgs/local/lib/python3.10/dist-packages/px4_msgs/msg/_vehicle_command_ack.py
[173.176s] -- Symlinking: /home/ansl/ca_ws/install/px4_msgs/local/lib/python3.10/dist-packages/px4_msgs/msg/_vehicle_command_ack_s.c
[173.181s] -- Symlinking: /home/ansl/ca_ws/install/px4_msgs/local/lib/python3.10/dist-packages/px4_msgs/msg/_vehicle_command_s.c
[173.186s] -- Symlinking: /home/ansl/ca_ws/install/px4_msgs/local/lib/python3.10/dist-packages/px4_msgs/msg/_vehicle_constraints.py
[173.191s] -- Symlinking: /home/ansl/ca_ws/install/px4_msgs/local/lib/python3.10/dist-packages/px4_msgs/msg/_vehicle_constraints_s.c
[173.196s] -- Symlinking: /home/ansl/ca_ws/install/px4_msgs/local/lib/python3.10/dist-packages/px4_msgs/msg/_vehicle_control_mode.py
[173.201s] -- Symlinking: /home/ansl/ca_ws/install/px4_msgs/local/lib/python3.10/dist-packages/px4_msgs/msg/_vehicle_control_mode_s.c
[173.206s] -- Symlinking: /home/ansl/ca_ws/install/px4_msgs/local/lib/python3.10/dist-packages/px4_msgs/msg/_vehicle_global_position.py
[173.211s] -- Symlinking: /home/ansl/ca_ws/install/px4_msgs/local/lib/python3.10/dist-packages/px4_msgs/msg/_vehicle_global_position_s.c
[173.215s] -- Symlinking: /home/ansl/ca_ws/install/px4_msgs/local/lib/python3.10/dist-packages/px4_msgs/msg/_vehicle_imu.py
[173.221s] -- Symlinking: /home/ansl/ca_ws/install/px4_msgs/local/lib/python3.10/dist-packages/px4_msgs/msg/_vehicle_imu_s.c
[173.226s] -- Symlinking: /home/ansl/ca_ws/install/px4_msgs/local/lib/python3.10/dist-packages/px4_msgs/msg/_vehicle_imu_status.py
[173.231s] -- Symlinking: /home/ansl/ca_ws/install/px4_msgs/local/lib/python3.10/dist-packages/px4_msgs/msg/_vehicle_imu_status_s.c
[173.236s] -- Symlinking: /home/ansl/ca_ws/install/px4_msgs/local/lib/python3.10/dist-packages/px4_msgs/msg/_vehicle_land_detected.py
[173.241s] -- Symlinking: /home/ansl/ca_ws/install/px4_msgs/local/lib/python3.10/dist-packages/px4_msgs/msg/_vehicle_land_detected_s.c
[173.247s] -- Symlinking: /home/ansl/ca_ws/install/px4_msgs/local/lib/python3.10/dist-packages/px4_msgs/msg/_vehicle_local_position.py
[173.252s] -- Symlinking: /home/ansl/ca_ws/install/px4_msgs/local/lib/python3.10/dist-packages/px4_msgs/msg/_vehicle_local_position_s.c
[173.256s] -- Symlinking: /home/ansl/ca_ws/install/px4_msgs/local/lib/python3.10/dist-packages/px4_msgs/msg/_vehicle_local_position_setpoint.py
[173.261s] -- Symlinking: /home/ansl/ca_ws/install/px4_msgs/local/lib/python3.10/dist-packages/px4_msgs/msg/_vehicle_local_position_setpoint_s.c
[173.266s] -- Symlinking: /home/ansl/ca_ws/install/px4_msgs/local/lib/python3.10/dist-packages/px4_msgs/msg/_vehicle_magnetometer.py
[173.272s] -- Symlinking: /home/ansl/ca_ws/install/px4_msgs/local/lib/python3.10/dist-packages/px4_msgs/msg/_vehicle_magnetometer_s.c
[173.277s] -- Symlinking: /home/ansl/ca_ws/install/px4_msgs/local/lib/python3.10/dist-packages/px4_msgs/msg/_vehicle_odometry.py
[173.282s] -- Symlinking: /home/ansl/ca_ws/install/px4_msgs/local/lib/python3.10/dist-packages/px4_msgs/msg/_vehicle_odometry_s.c
[173.288s] -- Symlinking: /home/ansl/ca_ws/install/px4_msgs/local/lib/python3.10/dist-packages/px4_msgs/msg/_vehicle_optical_flow.py
[173.293s] -- Symlinking: /home/ansl/ca_ws/install/px4_msgs/local/lib/python3.10/dist-packages/px4_msgs/msg/_vehicle_optical_flow_s.c
[173.297s] -- Symlinking: /home/ansl/ca_ws/install/px4_msgs/local/lib/python3.10/dist-packages/px4_msgs/msg/_vehicle_optical_flow_vel.py
[173.303s] -- Symlinking: /home/ansl/ca_ws/install/px4_msgs/local/lib/python3.10/dist-packages/px4_msgs/msg/_vehicle_optical_flow_vel_s.c
[173.308s] -- Symlinking: /home/ansl/ca_ws/install/px4_msgs/local/lib/python3.10/dist-packages/px4_msgs/msg/_vehicle_rates_setpoint.py
[173.313s] -- Symlinking: /home/ansl/ca_ws/install/px4_msgs/local/lib/python3.10/dist-packages/px4_msgs/msg/_vehicle_rates_setpoint_s.c
[173.318s] -- Symlinking: /home/ansl/ca_ws/install/px4_msgs/local/lib/python3.10/dist-packages/px4_msgs/msg/_vehicle_roi.py
[173.323s] -- Symlinking: /home/ansl/ca_ws/install/px4_msgs/local/lib/python3.10/dist-packages/px4_msgs/msg/_vehicle_roi_s.c
[173.328s] -- Symlinking: /home/ansl/ca_ws/install/px4_msgs/local/lib/python3.10/dist-packages/px4_msgs/msg/_vehicle_status.py
[173.334s] -- Symlinking: /home/ansl/ca_ws/install/px4_msgs/local/lib/python3.10/dist-packages/px4_msgs/msg/_vehicle_status_s.c
[173.339s] -- Symlinking: /home/ansl/ca_ws/install/px4_msgs/local/lib/python3.10/dist-packages/px4_msgs/msg/_vehicle_thrust_setpoint.py
[173.344s] -- Symlinking: /home/ansl/ca_ws/install/px4_msgs/local/lib/python3.10/dist-packages/px4_msgs/msg/_vehicle_thrust_setpoint_s.c
[173.349s] -- Symlinking: /home/ansl/ca_ws/install/px4_msgs/local/lib/python3.10/dist-packages/px4_msgs/msg/_vehicle_torque_setpoint.py
[173.354s] -- Symlinking: /home/ansl/ca_ws/install/px4_msgs/local/lib/python3.10/dist-packages/px4_msgs/msg/_vehicle_torque_setpoint_s.c
[173.360s] -- Symlinking: /home/ansl/ca_ws/install/px4_msgs/local/lib/python3.10/dist-packages/px4_msgs/msg/_vehicle_trajectory_bezier.py
[173.365s] -- Symlinking: /home/ansl/ca_ws/install/px4_msgs/local/lib/python3.10/dist-packages/px4_msgs/msg/_vehicle_trajectory_bezier_s.c
[173.370s] -- Symlinking: /home/ansl/ca_ws/install/px4_msgs/local/lib/python3.10/dist-packages/px4_msgs/msg/_vehicle_trajectory_waypoint.py
[173.375s] -- Symlinking: /home/ansl/ca_ws/install/px4_msgs/local/lib/python3.10/dist-packages/px4_msgs/msg/_vehicle_trajectory_waypoint_s.c
[173.381s] -- Symlinking: /home/ansl/ca_ws/install/px4_msgs/local/lib/python3.10/dist-packages/px4_msgs/msg/_vtol_vehicle_status.py
[173.386s] -- Symlinking: /home/ansl/ca_ws/install/px4_msgs/local/lib/python3.10/dist-packages/px4_msgs/msg/_vtol_vehicle_status_s.c
[173.391s] -- Symlinking: /home/ansl/ca_ws/install/px4_msgs/local/lib/python3.10/dist-packages/px4_msgs/msg/_wind.py
[173.396s] -- Symlinking: /home/ansl/ca_ws/install/px4_msgs/local/lib/python3.10/dist-packages/px4_msgs/msg/_wind_s.c
[173.401s] -- Symlinking: /home/ansl/ca_ws/install/px4_msgs/local/lib/python3.10/dist-packages/px4_msgs/msg/_yaw_estimator_status.py
[173.406s] -- Symlinking: /home/ansl/ca_ws/install/px4_msgs/local/lib/python3.10/dist-packages/px4_msgs/msg/_yaw_estimator_status_s.c
[173.412s] -- Symlinking: /home/ansl/ca_ws/install/px4_msgs/local/lib/python3.10/dist-packages/px4_msgs/px4_msgs_s__rosidl_typesupport_c.cpython-310-x86_64-linux-gnu.so
[173.417s] -- Symlinking: /home/ansl/ca_ws/install/px4_msgs/local/lib/python3.10/dist-packages/px4_msgs/px4_msgs_s__rosidl_typesupport_fastrtps_c.cpython-310-x86_64-linux-gnu.so
[173.422s] -- Symlinking: /home/ansl/ca_ws/install/px4_msgs/local/lib/python3.10/dist-packages/px4_msgs/px4_msgs_s__rosidl_typesupport_introspection_c.cpython-310-x86_64-linux-gnu.so
[173.427s] -- Symlinking: /home/ansl/ca_ws/install/px4_msgs/local/lib/python3.10/dist-packages/px4_msgs/srv/__init__.py
[173.432s] -- Symlinking: /home/ansl/ca_ws/install/px4_msgs/local/lib/python3.10/dist-packages/px4_msgs/srv/_vehicle_command.py
[173.438s] -- Symlinking: /home/ansl/ca_ws/install/px4_msgs/local/lib/python3.10/dist-packages/px4_msgs/srv/_vehicle_command_s.c
[173.444s] -- Up-to-date symlink: /home/ansl/ca_ws/install/px4_msgs/local/lib/python3.10/dist-packages/px4_msgs/px4_msgs_s__rosidl_typesupport_fastrtps_c.cpython-310-x86_64-linux-gnu.so
[173.444s] -- Up-to-date symlink: /home/ansl/ca_ws/install/px4_msgs/local/lib/python3.10/dist-packages/px4_msgs/px4_msgs_s__rosidl_typesupport_introspection_c.cpython-310-x86_64-linux-gnu.so
[173.444s] -- Up-to-date symlink: /home/ansl/ca_ws/install/px4_msgs/local/lib/python3.10/dist-packages/px4_msgs/px4_msgs_s__rosidl_typesupport_c.cpython-310-x86_64-linux-gnu.so
[173.444s] -- Symlinking: /home/ansl/ca_ws/install/px4_msgs/share/ament_index/resource_index/rust_packages/px4_msgs
[173.450s] -- Symlinking: /home/ansl/ca_ws/install/px4_msgs/share/px4_msgs/rust/Cargo.toml
[173.455s] -- Symlinking: /home/ansl/ca_ws/install/px4_msgs/share/px4_msgs/rust/build.rs
[173.461s] -- Symlinking: /home/ansl/ca_ws/install/px4_msgs/share/px4_msgs/rust/src/lib.rs
[173.466s] -- Symlinking: /home/ansl/ca_ws/install/px4_msgs/share/px4_msgs/rust/src/msg.rs
[173.471s] -- Symlinking: /home/ansl/ca_ws/install/px4_msgs/share/px4_msgs/rust/src/msg/rmw.rs
[173.476s] -- Symlinking: /home/ansl/ca_ws/install/px4_msgs/share/px4_msgs/rust/src/srv.rs
[173.482s] -- Symlinking: /home/ansl/ca_ws/install/px4_msgs/share/px4_msgs/rust/src/srv/rmw.rs
[173.487s] -- Symlinking: /home/ansl/ca_ws/install/px4_msgs/share/px4_msgs/msg/ActionRequest.idl
[173.492s] -- Symlinking: /home/ansl/ca_ws/install/px4_msgs/share/px4_msgs/msg/ActuatorArmed.idl
[173.497s] -- Symlinking: /home/ansl/ca_ws/install/px4_msgs/share/px4_msgs/msg/ActuatorCommand.idl
[173.502s] -- Symlinking: /home/ansl/ca_ws/install/px4_msgs/share/px4_msgs/msg/ActuatorControlsStatus.idl
[173.507s] -- Symlinking: /home/ansl/ca_ws/install/px4_msgs/share/px4_msgs/msg/ActuatorMotors.idl
[173.512s] -- Symlinking: /home/ansl/ca_ws/install/px4_msgs/share/px4_msgs/msg/ActuatorOutputs.idl
[173.517s] -- Symlinking: /home/ansl/ca_ws/install/px4_msgs/share/px4_msgs/msg/ActuatorServos.idl
[173.523s] -- Symlinking: /home/ansl/ca_ws/install/px4_msgs/share/px4_msgs/msg/ActuatorServosTrim.idl
[173.528s] -- Symlinking: /home/ansl/ca_ws/install/px4_msgs/share/px4_msgs/msg/ActuatorTest.idl
[173.534s] -- Symlinking: /home/ansl/ca_ws/install/px4_msgs/share/px4_msgs/msg/AdcReport.idl
[173.539s] -- Symlinking: /home/ansl/ca_ws/install/px4_msgs/share/px4_msgs/msg/Airspeed.idl
[173.544s] -- Symlinking: /home/ansl/ca_ws/install/px4_msgs/share/px4_msgs/msg/AirspeedValidated.idl
[173.549s] -- Symlinking: /home/ansl/ca_ws/install/px4_msgs/share/px4_msgs/msg/AirspeedWind.idl
[173.555s] -- Symlinking: /home/ansl/ca_ws/install/px4_msgs/share/px4_msgs/msg/AutotuneAttitudeControlStatus.idl
[173.560s] -- Symlinking: /home/ansl/ca_ws/install/px4_msgs/share/px4_msgs/msg/BatteryStatus.idl
[173.565s] -- Symlinking: /home/ansl/ca_ws/install/px4_msgs/share/px4_msgs/msg/ButtonEvent.idl
[173.570s] -- Symlinking: /home/ansl/ca_ws/install/px4_msgs/share/px4_msgs/msg/CameraCapture.idl
[173.576s] -- Symlinking: /home/ansl/ca_ws/install/px4_msgs/share/px4_msgs/msg/CameraStatus.idl
[173.580s] -- Symlinking: /home/ansl/ca_ws/install/px4_msgs/share/px4_msgs/msg/CameraTrigger.idl
[173.585s] -- Symlinking: /home/ansl/ca_ws/install/px4_msgs/share/px4_msgs/msg/CellularStatus.idl
[173.591s] -- Symlinking: /home/ansl/ca_ws/install/px4_msgs/share/px4_msgs/msg/CollisionConstraints.idl
[173.596s] -- Symlinking: /home/ansl/ca_ws/install/px4_msgs/share/px4_msgs/msg/CollisionReport.idl
[173.601s] -- Symlinking: /home/ansl/ca_ws/install/px4_msgs/share/px4_msgs/msg/CommandValues.idl
[173.607s] -- Symlinking: /home/ansl/ca_ws/install/px4_msgs/share/px4_msgs/msg/ControlAllocatorStatus.idl
[173.612s] -- Symlinking: /home/ansl/ca_ws/install/px4_msgs/share/px4_msgs/msg/Cpuload.idl
[173.618s] -- Symlinking: /home/ansl/ca_ws/install/px4_msgs/share/px4_msgs/msg/DebugArray.idl
[173.623s] -- Symlinking: /home/ansl/ca_ws/install/px4_msgs/share/px4_msgs/msg/DebugKeyValue.idl
[173.628s] -- Symlinking: /home/ansl/ca_ws/install/px4_msgs/share/px4_msgs/msg/DebugValue.idl
[173.633s] -- Symlinking: /home/ansl/ca_ws/install/px4_msgs/share/px4_msgs/msg/DebugVect.idl
[173.639s] -- Symlinking: /home/ansl/ca_ws/install/px4_msgs/share/px4_msgs/msg/DifferentialPressure.idl
[173.644s] -- Symlinking: /home/ansl/ca_ws/install/px4_msgs/share/px4_msgs/msg/DistanceSensor.idl
[173.650s] -- Symlinking: /home/ansl/ca_ws/install/px4_msgs/share/px4_msgs/msg/Ekf2Timestamps.idl
[173.655s] -- Symlinking: /home/ansl/ca_ws/install/px4_msgs/share/px4_msgs/msg/EscReport.idl
[173.660s] -- Symlinking: /home/ansl/ca_ws/install/px4_msgs/share/px4_msgs/msg/EscStatus.idl
[173.665s] -- Symlinking: /home/ansl/ca_ws/install/px4_msgs/share/px4_msgs/msg/EstimatorAidSource1d.idl
[173.671s] -- Symlinking: /home/ansl/ca_ws/install/px4_msgs/share/px4_msgs/msg/EstimatorAidSource2d.idl
[173.676s] -- Symlinking: /home/ansl/ca_ws/install/px4_msgs/share/px4_msgs/msg/EstimatorAidSource3d.idl
[173.681s] -- Symlinking: /home/ansl/ca_ws/install/px4_msgs/share/px4_msgs/msg/EstimatorBias.idl
[173.686s] -- Symlinking: /home/ansl/ca_ws/install/px4_msgs/share/px4_msgs/msg/EstimatorBias3d.idl
[173.691s] -- Symlinking: /home/ansl/ca_ws/install/px4_msgs/share/px4_msgs/msg/EstimatorEventFlags.idl
[173.697s] -- Symlinking: /home/ansl/ca_ws/install/px4_msgs/share/px4_msgs/msg/EstimatorGpsStatus.idl
[173.702s] -- Symlinking: /home/ansl/ca_ws/install/px4_msgs/share/px4_msgs/msg/EstimatorInnovations.idl
[173.707s] -- Symlinking: /home/ansl/ca_ws/install/px4_msgs/share/px4_msgs/msg/EstimatorSelectorStatus.idl
[173.712s] -- Symlinking: /home/ansl/ca_ws/install/px4_msgs/share/px4_msgs/msg/EstimatorSensorBias.idl
[173.718s] -- Symlinking: /home/ansl/ca_ws/install/px4_msgs/share/px4_msgs/msg/EstimatorStates.idl
[173.723s] -- Symlinking: /home/ansl/ca_ws/install/px4_msgs/share/px4_msgs/msg/EstimatorStatus.idl
[173.728s] -- Symlinking: /home/ansl/ca_ws/install/px4_msgs/share/px4_msgs/msg/EstimatorStatusFlags.idl
[173.733s] -- Symlinking: /home/ansl/ca_ws/install/px4_msgs/share/px4_msgs/msg/Event.idl
[173.738s] -- Symlinking: /home/ansl/ca_ws/install/px4_msgs/share/px4_msgs/msg/FailsafeFlags.idl
[173.743s] -- Symlinking: /home/ansl/ca_ws/install/px4_msgs/share/px4_msgs/msg/FailureDetectorStatus.idl
[173.749s] -- Symlinking: /home/ansl/ca_ws/install/px4_msgs/share/px4_msgs/msg/FollowTarget.idl
[173.754s] -- Symlinking: /home/ansl/ca_ws/install/px4_msgs/share/px4_msgs/msg/FollowTargetEstimator.idl
[173.759s] -- Symlinking: /home/ansl/ca_ws/install/px4_msgs/share/px4_msgs/msg/FollowTargetStatus.idl
[173.765s] -- Symlinking: /home/ansl/ca_ws/install/px4_msgs/share/px4_msgs/msg/GeneratorStatus.idl
[173.770s] -- Symlinking: /home/ansl/ca_ws/install/px4_msgs/share/px4_msgs/msg/GeofenceResult.idl
[173.775s] -- Symlinking: /home/ansl/ca_ws/install/px4_msgs/share/px4_msgs/msg/GimbalControls.idl
[173.780s] -- Symlinking: /home/ansl/ca_ws/install/px4_msgs/share/px4_msgs/msg/GimbalDeviceAttitudeStatus.idl
[173.786s] -- Symlinking: /home/ansl/ca_ws/install/px4_msgs/share/px4_msgs/msg/GimbalDeviceInformation.idl
[173.790s] -- Symlinking: /home/ansl/ca_ws/install/px4_msgs/share/px4_msgs/msg/GimbalDeviceSetAttitude.idl
[173.796s] -- Symlinking: /home/ansl/ca_ws/install/px4_msgs/share/px4_msgs/msg/GimbalManagerInformation.idl
[173.801s] -- Symlinking: /home/ansl/ca_ws/install/px4_msgs/share/px4_msgs/msg/GimbalManagerSetAttitude.idl
[173.806s] -- Symlinking: /home/ansl/ca_ws/install/px4_msgs/share/px4_msgs/msg/GimbalManagerSetManualControl.idl
[173.811s] -- Symlinking: /home/ansl/ca_ws/install/px4_msgs/share/px4_msgs/msg/GimbalManagerStatus.idl
[173.816s] -- Symlinking: /home/ansl/ca_ws/install/px4_msgs/share/px4_msgs/msg/GpsDump.idl
[173.821s] -- Symlinking: /home/ansl/ca_ws/install/px4_msgs/share/px4_msgs/msg/GpsInjectData.idl
[173.826s] -- Symlinking: /home/ansl/ca_ws/install/px4_msgs/share/px4_msgs/msg/Gripper.idl
[173.831s] -- Symlinking: /home/ansl/ca_ws/install/px4_msgs/share/px4_msgs/msg/HealthReport.idl
[173.837s] -- Symlinking: /home/ansl/ca_ws/install/px4_msgs/share/px4_msgs/msg/HeaterStatus.idl
[173.842s] -- Symlinking: /home/ansl/ca_ws/install/px4_msgs/share/px4_msgs/msg/HomePosition.idl
[173.847s] -- Symlinking: /home/ansl/ca_ws/install/px4_msgs/share/px4_msgs/msg/HoverThrustEstimate.idl
[173.852s] -- Symlinking: /home/ansl/ca_ws/install/px4_msgs/share/px4_msgs/msg/InputRc.idl
[173.857s] -- Symlinking: /home/ansl/ca_ws/install/px4_msgs/share/px4_msgs/msg/InputTau.idl
[173.863s] -- Symlinking: /home/ansl/ca_ws/install/px4_msgs/share/px4_msgs/msg/InternalCombustionEngineStatus.idl
[173.868s] -- Symlinking: /home/ansl/ca_ws/install/px4_msgs/share/px4_msgs/msg/IridiumsbdStatus.idl
[173.873s] -- Symlinking: /home/ansl/ca_ws/install/px4_msgs/share/px4_msgs/msg/IrlockReport.idl
[173.878s] -- Symlinking: /home/ansl/ca_ws/install/px4_msgs/share/px4_msgs/msg/LandingGear.idl
[173.884s] -- Symlinking: /home/ansl/ca_ws/install/px4_msgs/share/px4_msgs/msg/LandingGearWheel.idl
[173.889s] -- Symlinking: /home/ansl/ca_ws/install/px4_msgs/share/px4_msgs/msg/LandingTargetInnovations.idl
[173.894s] -- Symlinking: /home/ansl/ca_ws/install/px4_msgs/share/px4_msgs/msg/LandingTargetPose.idl
[173.899s] -- Symlinking: /home/ansl/ca_ws/install/px4_msgs/share/px4_msgs/msg/LaunchDetectionStatus.idl
[173.910s] -- Symlinking: /home/ansl/ca_ws/install/px4_msgs/share/px4_msgs/msg/LedControl.idl
[173.915s] -- Symlinking: /home/ansl/ca_ws/install/px4_msgs/share/px4_msgs/msg/LogMessage.idl
[173.920s] -- Symlinking: /home/ansl/ca_ws/install/px4_msgs/share/px4_msgs/msg/LoggerStatus.idl
[173.926s] -- Symlinking: /home/ansl/ca_ws/install/px4_msgs/share/px4_msgs/msg/MagWorkerData.idl
[173.931s] -- Symlinking: /home/ansl/ca_ws/install/px4_msgs/share/px4_msgs/msg/MagnetometerBiasEstimate.idl
[173.937s] -- Symlinking: /home/ansl/ca_ws/install/px4_msgs/share/px4_msgs/msg/ManualControlSetpoint.idl
[173.942s] -- Symlinking: /home/ansl/ca_ws/install/px4_msgs/share/px4_msgs/msg/ManualControlSwitches.idl
[173.947s] -- Symlinking: /home/ansl/ca_ws/install/px4_msgs/share/px4_msgs/msg/MavlinkLog.idl
[173.952s] -- Symlinking: /home/ansl/ca_ws/install/px4_msgs/share/px4_msgs/msg/MavlinkTunnel.idl
[173.958s] -- Symlinking: /home/ansl/ca_ws/install/px4_msgs/share/px4_msgs/msg/Mission.idl
[173.963s] -- Symlinking: /home/ansl/ca_ws/install/px4_msgs/share/px4_msgs/msg/MissionResult.idl
[173.969s] -- Symlinking: /home/ansl/ca_ws/install/px4_msgs/share/px4_msgs/msg/ModeCompleted.idl
[173.974s] -- Symlinking: /home/ansl/ca_ws/install/px4_msgs/share/px4_msgs/msg/ModeFlag.idl
[173.979s] -- Symlinking: /home/ansl/ca_ws/install/px4_msgs/share/px4_msgs/msg/MountOrientation.idl
[173.984s] -- Symlinking: /home/ansl/ca_ws/install/px4_msgs/share/px4_msgs/msg/NavigatorMissionItem.idl
[173.989s] -- Symlinking: /home/ansl/ca_ws/install/px4_msgs/share/px4_msgs/msg/NormalizedUnsignedSetpoint.idl
[173.994s] -- Symlinking: /home/ansl/ca_ws/install/px4_msgs/share/px4_msgs/msg/NpfgStatus.idl
[173.999s] -- Symlinking: /home/ansl/ca_ws/install/px4_msgs/share/px4_msgs/msg/ObstacleDistance.idl
[174.004s] -- Symlinking: /home/ansl/ca_ws/install/px4_msgs/share/px4_msgs/msg/OffboardControlMode.idl
[174.010s] -- Symlinking: /home/ansl/ca_ws/install/px4_msgs/share/px4_msgs/msg/OnboardComputerStatus.idl
[174.015s] -- Symlinking: /home/ansl/ca_ws/install/px4_msgs/share/px4_msgs/msg/OrbTest.idl
[174.021s] -- Symlinking: /home/ansl/ca_ws/install/px4_msgs/share/px4_msgs/msg/OrbTestLarge.idl
[174.026s] -- Symlinking: /home/ansl/ca_ws/install/px4_msgs/share/px4_msgs/msg/OrbTestMedium.idl
[174.031s] -- Symlinking: /home/ansl/ca_ws/install/px4_msgs/share/px4_msgs/msg/OrbitStatus.idl
[174.037s] -- Symlinking: /home/ansl/ca_ws/install/px4_msgs/share/px4_msgs/msg/OutputTest.idl
[174.042s] -- Symlinking: /home/ansl/ca_ws/install/px4_msgs/share/px4_msgs/msg/ParameterUpdate.idl
[174.047s] -- Symlinking: /home/ansl/ca_ws/install/px4_msgs/share/px4_msgs/msg/Ping.idl
[174.052s] -- Symlinking: /home/ansl/ca_ws/install/px4_msgs/share/px4_msgs/msg/PositionControllerLandingStatus.idl
[174.058s] -- Symlinking: /home/ansl/ca_ws/install/px4_msgs/share/px4_msgs/msg/PositionControllerStatus.idl
[174.063s] -- Symlinking: /home/ansl/ca_ws/install/px4_msgs/share/px4_msgs/msg/PositionSetpoint.idl
[174.068s] -- Symlinking: /home/ansl/ca_ws/install/px4_msgs/share/px4_msgs/msg/PositionSetpointTriplet.idl
[174.074s] -- Symlinking: /home/ansl/ca_ws/install/px4_msgs/share/px4_msgs/msg/PowerButtonState.idl
[174.079s] -- Symlinking: /home/ansl/ca_ws/install/px4_msgs/share/px4_msgs/msg/PowerMonitor.idl
[174.084s] -- Symlinking: /home/ansl/ca_ws/install/px4_msgs/share/px4_msgs/msg/PpsCapture.idl
[174.089s] -- Symlinking: /home/ansl/ca_ws/install/px4_msgs/share/px4_msgs/msg/PwmInput.idl
[174.094s] -- Symlinking: /home/ansl/ca_ws/install/px4_msgs/share/px4_msgs/msg/Px4ioStatus.idl
[174.100s] -- Symlinking: /home/ansl/ca_ws/install/px4_msgs/share/px4_msgs/msg/QshellReq.idl
[174.105s] -- Symlinking: /home/ansl/ca_ws/install/px4_msgs/share/px4_msgs/msg/QshellRetval.idl
[174.110s] -- Symlinking: /home/ansl/ca_ws/install/px4_msgs/share/px4_msgs/msg/RadioStatus.idl
[174.115s] -- Symlinking: /home/ansl/ca_ws/install/px4_msgs/share/px4_msgs/msg/RateCtrlStatus.idl
[174.121s] -- Symlinking: /home/ansl/ca_ws/install/px4_msgs/share/px4_msgs/msg/RcChannels.idl
[174.126s] -- Symlinking: /home/ansl/ca_ws/install/px4_msgs/share/px4_msgs/msg/RcParameterMap.idl
[174.131s] -- Symlinking: /home/ansl/ca_ws/install/px4_msgs/share/px4_msgs/msg/Rpm.idl
[174.136s] -- Symlinking: /home/ansl/ca_ws/install/px4_msgs/share/px4_msgs/msg/RtlTimeEstimate.idl
[174.141s] -- Symlinking: /home/ansl/ca_ws/install/px4_msgs/share/px4_msgs/msg/SatelliteInfo.idl
[174.147s] -- Symlinking: /home/ansl/ca_ws/install/px4_msgs/share/px4_msgs/msg/SensorAccel.idl
[174.152s] -- Symlinking: /home/ansl/ca_ws/install/px4_msgs/share/px4_msgs/msg/SensorAccelFifo.idl
[174.158s] -- Symlinking: /home/ansl/ca_ws/install/px4_msgs/share/px4_msgs/msg/SensorBaro.idl
[174.163s] -- Symlinking: /home/ansl/ca_ws/install/px4_msgs/share/px4_msgs/msg/SensorCombined.idl
[174.168s] -- Symlinking: /home/ansl/ca_ws/install/px4_msgs/share/px4_msgs/msg/SensorCorrection.idl
[174.174s] -- Symlinking: /home/ansl/ca_ws/install/px4_msgs/share/px4_msgs/msg/SensorGnssRelative.idl
[174.179s] -- Symlinking: /home/ansl/ca_ws/install/px4_msgs/share/px4_msgs/msg/SensorGps.idl
[174.184s] -- Symlinking: /home/ansl/ca_ws/install/px4_msgs/share/px4_msgs/msg/SensorGyro.idl
[174.189s] -- Symlinking: /home/ansl/ca_ws/install/px4_msgs/share/px4_msgs/msg/SensorGyroFft.idl
[174.195s] -- Symlinking: /home/ansl/ca_ws/install/px4_msgs/share/px4_msgs/msg/SensorGyroFifo.idl
[174.200s] -- Symlinking: /home/ansl/ca_ws/install/px4_msgs/share/px4_msgs/msg/SensorHygrometer.idl
[174.205s] -- Symlinking: /home/ansl/ca_ws/install/px4_msgs/share/px4_msgs/msg/SensorMag.idl
[174.211s] -- Symlinking: /home/ansl/ca_ws/install/px4_msgs/share/px4_msgs/msg/SensorOpticalFlow.idl
[174.216s] -- Symlinking: /home/ansl/ca_ws/install/px4_msgs/share/px4_msgs/msg/SensorPreflightMag.idl
[174.221s] -- Symlinking: /home/ansl/ca_ws/install/px4_msgs/share/px4_msgs/msg/SensorSelection.idl
[174.226s] -- Symlinking: /home/ansl/ca_ws/install/px4_msgs/share/px4_msgs/msg/SensorUwb.idl
[174.231s] -- Symlinking: /home/ansl/ca_ws/install/px4_msgs/share/px4_msgs/msg/SensorsStatus.idl
[174.237s] -- Symlinking: /home/ansl/ca_ws/install/px4_msgs/share/px4_msgs/msg/SensorsStatusImu.idl
[174.242s] -- Symlinking: /home/ansl/ca_ws/install/px4_msgs/share/px4_msgs/msg/SimulinkCustomMessage.idl
[174.247s] -- Symlinking: /home/ansl/ca_ws/install/px4_msgs/share/px4_msgs/msg/StatesAndActuators.idl
[174.252s] -- Symlinking: /home/ansl/ca_ws/install/px4_msgs/share/px4_msgs/msg/SystemPower.idl
[174.258s] -- Symlinking: /home/ansl/ca_ws/install/px4_msgs/share/px4_msgs/msg/TakeoffStatus.idl
[174.263s] -- Symlinking: /home/ansl/ca_ws/install/px4_msgs/share/px4_msgs/msg/TaskStackInfo.idl
[174.268s] -- Symlinking: /home/ansl/ca_ws/install/px4_msgs/share/px4_msgs/msg/TecsStatus.idl
[174.273s] -- Symlinking: /home/ansl/ca_ws/install/px4_msgs/share/px4_msgs/msg/TelemetryStatus.idl
[174.278s] -- Symlinking: /home/ansl/ca_ws/install/px4_msgs/share/px4_msgs/msg/TiltrotorExtraControls.idl
[174.283s] -- Symlinking: /home/ansl/ca_ws/install/px4_msgs/share/px4_msgs/msg/TimesyncStatus.idl
[174.288s] -- Symlinking: /home/ansl/ca_ws/install/px4_msgs/share/px4_msgs/msg/TrajectoryBezier.idl
[174.294s] -- Symlinking: /home/ansl/ca_ws/install/px4_msgs/share/px4_msgs/msg/TrajectorySetpoint.idl
[174.299s] -- Symlinking: /home/ansl/ca_ws/install/px4_msgs/share/px4_msgs/msg/TrajectoryWaypoint.idl
[174.304s] -- Symlinking: /home/ansl/ca_ws/install/px4_msgs/share/px4_msgs/msg/TransponderReport.idl
[174.310s] -- Symlinking: /home/ansl/ca_ws/install/px4_msgs/share/px4_msgs/msg/TuneControl.idl
[174.315s] -- Symlinking: /home/ansl/ca_ws/install/px4_msgs/share/px4_msgs/msg/UavcanParameterRequest.idl
[174.320s] -- Symlinking: /home/ansl/ca_ws/install/px4_msgs/share/px4_msgs/msg/UavcanParameterValue.idl
[174.326s] -- Symlinking: /home/ansl/ca_ws/install/px4_msgs/share/px4_msgs/msg/UlogStream.idl
[174.331s] -- Symlinking: /home/ansl/ca_ws/install/px4_msgs/share/px4_msgs/msg/UlogStreamAck.idl
[174.336s] -- Symlinking: /home/ansl/ca_ws/install/px4_msgs/share/px4_msgs/msg/VehicleAcceleration.idl
[174.341s] -- Symlinking: /home/ansl/ca_ws/install/px4_msgs/share/px4_msgs/msg/VehicleAirData.idl
[174.347s] -- Symlinking: /home/ansl/ca_ws/install/px4_msgs/share/px4_msgs/msg/VehicleAngularAccelerationSetpoint.idl
[174.352s] -- Symlinking: /home/ansl/ca_ws/install/px4_msgs/share/px4_msgs/msg/VehicleAngularVelocity.idl
[174.357s] -- Symlinking: /home/ansl/ca_ws/install/px4_msgs/share/px4_msgs/msg/VehicleAttitude.idl
[174.363s] -- Symlinking: /home/ansl/ca_ws/install/px4_msgs/share/px4_msgs/msg/VehicleAttitudeSetpoint.idl
[174.368s] -- Symlinking: /home/ansl/ca_ws/install/px4_msgs/share/px4_msgs/msg/VehicleCommand.idl
[174.373s] -- Symlinking: /home/ansl/ca_ws/install/px4_msgs/share/px4_msgs/msg/VehicleCommandAck.idl
[174.379s] -- Symlinking: /home/ansl/ca_ws/install/px4_msgs/share/px4_msgs/msg/VehicleConstraints.idl
[174.384s] -- Symlinking: /home/ansl/ca_ws/install/px4_msgs/share/px4_msgs/msg/VehicleControlMode.idl
[174.389s] -- Symlinking: /home/ansl/ca_ws/install/px4_msgs/share/px4_msgs/msg/VehicleGlobalPosition.idl
[174.394s] -- Symlinking: /home/ansl/ca_ws/install/px4_msgs/share/px4_msgs/msg/VehicleImu.idl
[174.399s] -- Symlinking: /home/ansl/ca_ws/install/px4_msgs/share/px4_msgs/msg/VehicleImuStatus.idl
[174.405s] -- Symlinking: /home/ansl/ca_ws/install/px4_msgs/share/px4_msgs/msg/VehicleLandDetected.idl
[174.411s] -- Symlinking: /home/ansl/ca_ws/install/px4_msgs/share/px4_msgs/msg/VehicleLocalPosition.idl
[174.416s] -- Symlinking: /home/ansl/ca_ws/install/px4_msgs/share/px4_msgs/msg/VehicleLocalPositionSetpoint.idl
[174.421s] -- Symlinking: /home/ansl/ca_ws/install/px4_msgs/share/px4_msgs/msg/VehicleMagnetometer.idl
[174.426s] -- Symlinking: /home/ansl/ca_ws/install/px4_msgs/share/px4_msgs/msg/VehicleOdometry.idl
[174.432s] -- Symlinking: /home/ansl/ca_ws/install/px4_msgs/share/px4_msgs/msg/VehicleOpticalFlow.idl
[174.437s] -- Symlinking: /home/ansl/ca_ws/install/px4_msgs/share/px4_msgs/msg/VehicleOpticalFlowVel.idl
[174.442s] -- Symlinking: /home/ansl/ca_ws/install/px4_msgs/share/px4_msgs/msg/VehicleRatesSetpoint.idl
[174.448s] -- Symlinking: /home/ansl/ca_ws/install/px4_msgs/share/px4_msgs/msg/VehicleRoi.idl
[174.453s] -- Symlinking: /home/ansl/ca_ws/install/px4_msgs/share/px4_msgs/msg/VehicleStatus.idl
[174.458s] -- Symlinking: /home/ansl/ca_ws/install/px4_msgs/share/px4_msgs/msg/VehicleThrustSetpoint.idl
[174.463s] -- Symlinking: /home/ansl/ca_ws/install/px4_msgs/share/px4_msgs/msg/VehicleTorqueSetpoint.idl
[174.468s] -- Symlinking: /home/ansl/ca_ws/install/px4_msgs/share/px4_msgs/msg/VehicleTrajectoryBezier.idl
[174.473s] -- Symlinking: /home/ansl/ca_ws/install/px4_msgs/share/px4_msgs/msg/VehicleTrajectoryWaypoint.idl
[174.479s] -- Symlinking: /home/ansl/ca_ws/install/px4_msgs/share/px4_msgs/msg/VtolVehicleStatus.idl
[174.484s] -- Symlinking: /home/ansl/ca_ws/install/px4_msgs/share/px4_msgs/msg/Wind.idl
[174.489s] -- Symlinking: /home/ansl/ca_ws/install/px4_msgs/share/px4_msgs/msg/YawEstimatorStatus.idl
[174.494s] -- Symlinking: /home/ansl/ca_ws/install/px4_msgs/share/px4_msgs/srv/VehicleCommand.idl
[174.500s] -- Symlinking: /home/ansl/ca_ws/install/px4_msgs/share/px4_msgs/msg/ActionRequest.msg
[174.505s] -- Symlinking: /home/ansl/ca_ws/install/px4_msgs/share/px4_msgs/msg/ActuatorArmed.msg
[174.510s] -- Symlinking: /home/ansl/ca_ws/install/px4_msgs/share/px4_msgs/msg/ActuatorCommand.msg
[174.516s] -- Symlinking: /home/ansl/ca_ws/install/px4_msgs/share/px4_msgs/msg/ActuatorControlsStatus.msg
[174.521s] -- Symlinking: /home/ansl/ca_ws/install/px4_msgs/share/px4_msgs/msg/ActuatorMotors.msg
[174.526s] -- Symlinking: /home/ansl/ca_ws/install/px4_msgs/share/px4_msgs/msg/ActuatorOutputs.msg
[174.532s] -- Symlinking: /home/ansl/ca_ws/install/px4_msgs/share/px4_msgs/msg/ActuatorServos.msg
[174.537s] -- Symlinking: /home/ansl/ca_ws/install/px4_msgs/share/px4_msgs/msg/ActuatorServosTrim.msg
[174.542s] -- Symlinking: /home/ansl/ca_ws/install/px4_msgs/share/px4_msgs/msg/ActuatorTest.msg
[174.548s] -- Symlinking: /home/ansl/ca_ws/install/px4_msgs/share/px4_msgs/msg/AdcReport.msg
[174.553s] -- Symlinking: /home/ansl/ca_ws/install/px4_msgs/share/px4_msgs/msg/Airspeed.msg
[174.559s] -- Symlinking: /home/ansl/ca_ws/install/px4_msgs/share/px4_msgs/msg/AirspeedValidated.msg
[174.564s] -- Symlinking: /home/ansl/ca_ws/install/px4_msgs/share/px4_msgs/msg/AirspeedWind.msg
[174.569s] -- Symlinking: /home/ansl/ca_ws/install/px4_msgs/share/px4_msgs/msg/AutotuneAttitudeControlStatus.msg
[174.575s] -- Symlinking: /home/ansl/ca_ws/install/px4_msgs/share/px4_msgs/msg/BatteryStatus.msg
[174.580s] -- Symlinking: /home/ansl/ca_ws/install/px4_msgs/share/px4_msgs/msg/ButtonEvent.msg
[174.584s] -- Symlinking: /home/ansl/ca_ws/install/px4_msgs/share/px4_msgs/msg/CameraCapture.msg
[174.589s] -- Symlinking: /home/ansl/ca_ws/install/px4_msgs/share/px4_msgs/msg/CameraStatus.msg
[174.595s] -- Symlinking: /home/ansl/ca_ws/install/px4_msgs/share/px4_msgs/msg/CameraTrigger.msg
[174.600s] -- Symlinking: /home/ansl/ca_ws/install/px4_msgs/share/px4_msgs/msg/CellularStatus.msg
[174.605s] -- Symlinking: /home/ansl/ca_ws/install/px4_msgs/share/px4_msgs/msg/CollisionConstraints.msg
[174.610s] -- Symlinking: /home/ansl/ca_ws/install/px4_msgs/share/px4_msgs/msg/CollisionReport.msg
[174.615s] -- Symlinking: /home/ansl/ca_ws/install/px4_msgs/share/px4_msgs/msg/CommandValues.msg
[174.621s] -- Symlinking: /home/ansl/ca_ws/install/px4_msgs/share/px4_msgs/msg/ControlAllocatorStatus.msg
[174.626s] -- Symlinking: /home/ansl/ca_ws/install/px4_msgs/share/px4_msgs/msg/Cpuload.msg
[174.632s] -- Symlinking: /home/ansl/ca_ws/install/px4_msgs/share/px4_msgs/msg/DebugArray.msg
[174.637s] -- Symlinking: /home/ansl/ca_ws/install/px4_msgs/share/px4_msgs/msg/DebugKeyValue.msg
[174.642s] -- Symlinking: /home/ansl/ca_ws/install/px4_msgs/share/px4_msgs/msg/DebugValue.msg
[174.648s] -- Symlinking: /home/ansl/ca_ws/install/px4_msgs/share/px4_msgs/msg/DebugVect.msg
[174.654s] -- Symlinking: /home/ansl/ca_ws/install/px4_msgs/share/px4_msgs/msg/DifferentialPressure.msg
[174.659s] -- Symlinking: /home/ansl/ca_ws/install/px4_msgs/share/px4_msgs/msg/DistanceSensor.msg
[174.664s] -- Symlinking: /home/ansl/ca_ws/install/px4_msgs/share/px4_msgs/msg/Ekf2Timestamps.msg
[174.670s] -- Symlinking: /home/ansl/ca_ws/install/px4_msgs/share/px4_msgs/msg/EscReport.msg
[174.675s] -- Symlinking: /home/ansl/ca_ws/install/px4_msgs/share/px4_msgs/msg/EscStatus.msg
[174.680s] -- Symlinking: /home/ansl/ca_ws/install/px4_msgs/share/px4_msgs/msg/EstimatorAidSource1d.msg
[174.685s] -- Symlinking: /home/ansl/ca_ws/install/px4_msgs/share/px4_msgs/msg/EstimatorAidSource2d.msg
[174.690s] -- Symlinking: /home/ansl/ca_ws/install/px4_msgs/share/px4_msgs/msg/EstimatorAidSource3d.msg
[174.696s] -- Symlinking: /home/ansl/ca_ws/install/px4_msgs/share/px4_msgs/msg/EstimatorBias.msg
[174.702s] -- Symlinking: /home/ansl/ca_ws/install/px4_msgs/share/px4_msgs/msg/EstimatorBias3d.msg
[174.708s] -- Symlinking: /home/ansl/ca_ws/install/px4_msgs/share/px4_msgs/msg/EstimatorEventFlags.msg
[174.714s] -- Symlinking: /home/ansl/ca_ws/install/px4_msgs/share/px4_msgs/msg/EstimatorGpsStatus.msg
[174.719s] -- Symlinking: /home/ansl/ca_ws/install/px4_msgs/share/px4_msgs/msg/EstimatorInnovations.msg
[174.725s] -- Symlinking: /home/ansl/ca_ws/install/px4_msgs/share/px4_msgs/msg/EstimatorSelectorStatus.msg
[174.730s] -- Symlinking: /home/ansl/ca_ws/install/px4_msgs/share/px4_msgs/msg/EstimatorSensorBias.msg
[174.737s] -- Symlinking: /home/ansl/ca_ws/install/px4_msgs/share/px4_msgs/msg/EstimatorStates.msg
[174.742s] -- Symlinking: /home/ansl/ca_ws/install/px4_msgs/share/px4_msgs/msg/EstimatorStatus.msg
[174.748s] -- Symlinking: /home/ansl/ca_ws/install/px4_msgs/share/px4_msgs/msg/EstimatorStatusFlags.msg
[174.753s] -- Symlinking: /home/ansl/ca_ws/install/px4_msgs/share/px4_msgs/msg/Event.msg
[174.759s] -- Symlinking: /home/ansl/ca_ws/install/px4_msgs/share/px4_msgs/msg/FailsafeFlags.msg
[174.764s] -- Symlinking: /home/ansl/ca_ws/install/px4_msgs/share/px4_msgs/msg/FailureDetectorStatus.msg
[174.770s] -- Symlinking: /home/ansl/ca_ws/install/px4_msgs/share/px4_msgs/msg/FollowTarget.msg
[174.776s] -- Symlinking: /home/ansl/ca_ws/install/px4_msgs/share/px4_msgs/msg/FollowTargetEstimator.msg
[174.782s] -- Symlinking: /home/ansl/ca_ws/install/px4_msgs/share/px4_msgs/msg/FollowTargetStatus.msg
[174.788s] -- Symlinking: /home/ansl/ca_ws/install/px4_msgs/share/px4_msgs/msg/GeneratorStatus.msg
[174.794s] -- Symlinking: /home/ansl/ca_ws/install/px4_msgs/share/px4_msgs/msg/GeofenceResult.msg
[174.800s] -- Symlinking: /home/ansl/ca_ws/install/px4_msgs/share/px4_msgs/msg/GimbalControls.msg
[174.806s] -- Symlinking: /home/ansl/ca_ws/install/px4_msgs/share/px4_msgs/msg/GimbalDeviceAttitudeStatus.msg
[174.811s] -- Symlinking: /home/ansl/ca_ws/install/px4_msgs/share/px4_msgs/msg/GimbalDeviceInformation.msg
[174.816s] -- Symlinking: /home/ansl/ca_ws/install/px4_msgs/share/px4_msgs/msg/GimbalDeviceSetAttitude.msg
[174.822s] -- Symlinking: /home/ansl/ca_ws/install/px4_msgs/share/px4_msgs/msg/GimbalManagerInformation.msg
[174.827s] -- Symlinking: /home/ansl/ca_ws/install/px4_msgs/share/px4_msgs/msg/GimbalManagerSetAttitude.msg
[174.832s] -- Symlinking: /home/ansl/ca_ws/install/px4_msgs/share/px4_msgs/msg/GimbalManagerSetManualControl.msg
[174.837s] -- Symlinking: /home/ansl/ca_ws/install/px4_msgs/share/px4_msgs/msg/GimbalManagerStatus.msg
[174.844s] -- Symlinking: /home/ansl/ca_ws/install/px4_msgs/share/px4_msgs/msg/GpsDump.msg
[174.850s] -- Symlinking: /home/ansl/ca_ws/install/px4_msgs/share/px4_msgs/msg/GpsInjectData.msg
[174.856s] -- Symlinking: /home/ansl/ca_ws/install/px4_msgs/share/px4_msgs/msg/Gripper.msg
[174.861s] -- Symlinking: /home/ansl/ca_ws/install/px4_msgs/share/px4_msgs/msg/HealthReport.msg
[174.868s] -- Symlinking: /home/ansl/ca_ws/install/px4_msgs/share/px4_msgs/msg/HeaterStatus.msg
[174.873s] -- Symlinking: /home/ansl/ca_ws/install/px4_msgs/share/px4_msgs/msg/HomePosition.msg
[174.878s] -- Symlinking: /home/ansl/ca_ws/install/px4_msgs/share/px4_msgs/msg/HoverThrustEstimate.msg
[174.883s] -- Symlinking: /home/ansl/ca_ws/install/px4_msgs/share/px4_msgs/msg/InputRc.msg
[174.890s] -- Symlinking: /home/ansl/ca_ws/install/px4_msgs/share/px4_msgs/msg/InputTau.msg
[174.896s] -- Symlinking: /home/ansl/ca_ws/install/px4_msgs/share/px4_msgs/msg/InternalCombustionEngineStatus.msg
[174.901s] -- Symlinking: /home/ansl/ca_ws/install/px4_msgs/share/px4_msgs/msg/IridiumsbdStatus.msg
[174.907s] -- Symlinking: /home/ansl/ca_ws/install/px4_msgs/share/px4_msgs/msg/IrlockReport.msg
[174.913s] -- Symlinking: /home/ansl/ca_ws/install/px4_msgs/share/px4_msgs/msg/LandingGear.msg
[174.920s] -- Symlinking: /home/ansl/ca_ws/install/px4_msgs/share/px4_msgs/msg/LandingGearWheel.msg
[174.925s] -- Symlinking: /home/ansl/ca_ws/install/px4_msgs/share/px4_msgs/msg/LandingTargetInnovations.msg
[174.930s] -- Symlinking: /home/ansl/ca_ws/install/px4_msgs/share/px4_msgs/msg/LandingTargetPose.msg
[174.936s] -- Symlinking: /home/ansl/ca_ws/install/px4_msgs/share/px4_msgs/msg/LaunchDetectionStatus.msg
[174.941s] -- Symlinking: /home/ansl/ca_ws/install/px4_msgs/share/px4_msgs/msg/LedControl.msg
[174.946s] -- Symlinking: /home/ansl/ca_ws/install/px4_msgs/share/px4_msgs/msg/LogMessage.msg
[174.953s] -- Symlinking: /home/ansl/ca_ws/install/px4_msgs/share/px4_msgs/msg/LoggerStatus.msg
[174.959s] -- Symlinking: /home/ansl/ca_ws/install/px4_msgs/share/px4_msgs/msg/MagWorkerData.msg
[174.964s] -- Symlinking: /home/ansl/ca_ws/install/px4_msgs/share/px4_msgs/msg/MagnetometerBiasEstimate.msg
[174.970s] -- Symlinking: /home/ansl/ca_ws/install/px4_msgs/share/px4_msgs/msg/ManualControlSetpoint.msg
[174.977s] -- Symlinking: /home/ansl/ca_ws/install/px4_msgs/share/px4_msgs/msg/ManualControlSwitches.msg
[174.982s] -- Symlinking: /home/ansl/ca_ws/install/px4_msgs/share/px4_msgs/msg/MavlinkLog.msg
[174.988s] -- Symlinking: /home/ansl/ca_ws/install/px4_msgs/share/px4_msgs/msg/MavlinkTunnel.msg
[174.994s] -- Symlinking: /home/ansl/ca_ws/install/px4_msgs/share/px4_msgs/msg/Mission.msg
[174.999s] -- Symlinking: /home/ansl/ca_ws/install/px4_msgs/share/px4_msgs/msg/MissionResult.msg
[175.006s] -- Symlinking: /home/ansl/ca_ws/install/px4_msgs/share/px4_msgs/msg/ModeCompleted.msg
[175.011s] -- Symlinking: /home/ansl/ca_ws/install/px4_msgs/share/px4_msgs/msg/ModeFlag.msg
[175.016s] -- Symlinking: /home/ansl/ca_ws/install/px4_msgs/share/px4_msgs/msg/MountOrientation.msg
[175.023s] -- Symlinking: /home/ansl/ca_ws/install/px4_msgs/share/px4_msgs/msg/NavigatorMissionItem.msg
[175.028s] -- Symlinking: /home/ansl/ca_ws/install/px4_msgs/share/px4_msgs/msg/NormalizedUnsignedSetpoint.msg
[175.034s] -- Symlinking: /home/ansl/ca_ws/install/px4_msgs/share/px4_msgs/msg/NpfgStatus.msg
[175.039s] -- Symlinking: /home/ansl/ca_ws/install/px4_msgs/share/px4_msgs/msg/ObstacleDistance.msg
[175.045s] -- Symlinking: /home/ansl/ca_ws/install/px4_msgs/share/px4_msgs/msg/OffboardControlMode.msg
[175.050s] -- Symlinking: /home/ansl/ca_ws/install/px4_msgs/share/px4_msgs/msg/OnboardComputerStatus.msg
[175.055s] -- Symlinking: /home/ansl/ca_ws/install/px4_msgs/share/px4_msgs/msg/OrbTest.msg
[175.061s] -- Symlinking: /home/ansl/ca_ws/install/px4_msgs/share/px4_msgs/msg/OrbTestLarge.msg
[175.066s] -- Symlinking: /home/ansl/ca_ws/install/px4_msgs/share/px4_msgs/msg/OrbTestMedium.msg
[175.073s] -- Symlinking: /home/ansl/ca_ws/install/px4_msgs/share/px4_msgs/msg/OrbitStatus.msg
[175.079s] -- Symlinking: /home/ansl/ca_ws/install/px4_msgs/share/px4_msgs/msg/OutputTest.msg
[175.085s] -- Symlinking: /home/ansl/ca_ws/install/px4_msgs/share/px4_msgs/msg/ParameterUpdate.msg
[175.091s] -- Symlinking: /home/ansl/ca_ws/install/px4_msgs/share/px4_msgs/msg/Ping.msg
[175.097s] -- Symlinking: /home/ansl/ca_ws/install/px4_msgs/share/px4_msgs/msg/PositionControllerLandingStatus.msg
[175.103s] -- Symlinking: /home/ansl/ca_ws/install/px4_msgs/share/px4_msgs/msg/PositionControllerStatus.msg
[175.108s] -- Symlinking: /home/ansl/ca_ws/install/px4_msgs/share/px4_msgs/msg/PositionSetpoint.msg
[175.113s] -- Symlinking: /home/ansl/ca_ws/install/px4_msgs/share/px4_msgs/msg/PositionSetpointTriplet.msg
[175.119s] -- Symlinking: /home/ansl/ca_ws/install/px4_msgs/share/px4_msgs/msg/PowerButtonState.msg
[175.124s] -- Symlinking: /home/ansl/ca_ws/install/px4_msgs/share/px4_msgs/msg/PowerMonitor.msg
[175.129s] -- Symlinking: /home/ansl/ca_ws/install/px4_msgs/share/px4_msgs/msg/PpsCapture.msg
[175.135s] -- Symlinking: /home/ansl/ca_ws/install/px4_msgs/share/px4_msgs/msg/PwmInput.msg
[175.141s] -- Symlinking: /home/ansl/ca_ws/install/px4_msgs/share/px4_msgs/msg/Px4ioStatus.msg
[175.147s] -- Symlinking: /home/ansl/ca_ws/install/px4_msgs/share/px4_msgs/msg/QshellReq.msg
[175.153s] -- Symlinking: /home/ansl/ca_ws/install/px4_msgs/share/px4_msgs/msg/QshellRetval.msg
[175.158s] -- Symlinking: /home/ansl/ca_ws/install/px4_msgs/share/px4_msgs/msg/RadioStatus.msg
[175.164s] -- Symlinking: /home/ansl/ca_ws/install/px4_msgs/share/px4_msgs/msg/RateCtrlStatus.msg
[175.170s] -- Symlinking: /home/ansl/ca_ws/install/px4_msgs/share/px4_msgs/msg/RcChannels.msg
[175.176s] -- Symlinking: /home/ansl/ca_ws/install/px4_msgs/share/px4_msgs/msg/RcParameterMap.msg
[175.181s] -- Symlinking: /home/ansl/ca_ws/install/px4_msgs/share/px4_msgs/msg/Rpm.msg
[175.187s] -- Symlinking: /home/ansl/ca_ws/install/px4_msgs/share/px4_msgs/msg/RtlTimeEstimate.msg
[175.192s] -- Symlinking: /home/ansl/ca_ws/install/px4_msgs/share/px4_msgs/msg/SatelliteInfo.msg
[175.198s] -- Symlinking: /home/ansl/ca_ws/install/px4_msgs/share/px4_msgs/msg/SensorAccel.msg
[175.203s] -- Symlinking: /home/ansl/ca_ws/install/px4_msgs/share/px4_msgs/msg/SensorAccelFifo.msg
[175.209s] -- Symlinking: /home/ansl/ca_ws/install/px4_msgs/share/px4_msgs/msg/SensorBaro.msg
[175.215s] -- Symlinking: /home/ansl/ca_ws/install/px4_msgs/share/px4_msgs/msg/SensorCombined.msg
[175.221s] -- Symlinking: /home/ansl/ca_ws/install/px4_msgs/share/px4_msgs/msg/SensorCorrection.msg
[175.227s] -- Symlinking: /home/ansl/ca_ws/install/px4_msgs/share/px4_msgs/msg/SensorGnssRelative.msg
[175.232s] -- Symlinking: /home/ansl/ca_ws/install/px4_msgs/share/px4_msgs/msg/SensorGps.msg
[175.237s] -- Symlinking: /home/ansl/ca_ws/install/px4_msgs/share/px4_msgs/msg/SensorGyro.msg
[175.243s] -- Symlinking: /home/ansl/ca_ws/install/px4_msgs/share/px4_msgs/msg/SensorGyroFft.msg
[175.248s] -- Symlinking: /home/ansl/ca_ws/install/px4_msgs/share/px4_msgs/msg/SensorGyroFifo.msg
[175.253s] -- Symlinking: /home/ansl/ca_ws/install/px4_msgs/share/px4_msgs/msg/SensorHygrometer.msg
[175.260s] -- Symlinking: /home/ansl/ca_ws/install/px4_msgs/share/px4_msgs/msg/SensorMag.msg
[175.266s] -- Symlinking: /home/ansl/ca_ws/install/px4_msgs/share/px4_msgs/msg/SensorOpticalFlow.msg
[175.271s] -- Symlinking: /home/ansl/ca_ws/install/px4_msgs/share/px4_msgs/msg/SensorPreflightMag.msg
[175.277s] -- Symlinking: /home/ansl/ca_ws/install/px4_msgs/share/px4_msgs/msg/SensorSelection.msg
[175.282s] -- Symlinking: /home/ansl/ca_ws/install/px4_msgs/share/px4_msgs/msg/SensorUwb.msg
[175.288s] -- Symlinking: /home/ansl/ca_ws/install/px4_msgs/share/px4_msgs/msg/SensorsStatus.msg
[175.294s] -- Symlinking: /home/ansl/ca_ws/install/px4_msgs/share/px4_msgs/msg/SensorsStatusImu.msg
[175.300s] -- Symlinking: /home/ansl/ca_ws/install/px4_msgs/share/px4_msgs/msg/SimulinkCustomMessage.msg
[175.306s] -- Symlinking: /home/ansl/ca_ws/install/px4_msgs/share/px4_msgs/msg/StatesAndActuators.msg
[175.311s] -- Symlinking: /home/ansl/ca_ws/install/px4_msgs/share/px4_msgs/msg/SystemPower.msg
[175.317s] -- Symlinking: /home/ansl/ca_ws/install/px4_msgs/share/px4_msgs/msg/TakeoffStatus.msg
[175.324s] -- Symlinking: /home/ansl/ca_ws/install/px4_msgs/share/px4_msgs/msg/TaskStackInfo.msg
[175.329s] -- Symlinking: /home/ansl/ca_ws/install/px4_msgs/share/px4_msgs/msg/TecsStatus.msg
[175.334s] -- Symlinking: /home/ansl/ca_ws/install/px4_msgs/share/px4_msgs/msg/TelemetryStatus.msg
[175.339s] -- Symlinking: /home/ansl/ca_ws/install/px4_msgs/share/px4_msgs/msg/TiltrotorExtraControls.msg
[175.345s] -- Symlinking: /home/ansl/ca_ws/install/px4_msgs/share/px4_msgs/msg/TimesyncStatus.msg
[175.350s] -- Symlinking: /home/ansl/ca_ws/install/px4_msgs/share/px4_msgs/msg/TrajectoryBezier.msg
[175.355s] -- Symlinking: /home/ansl/ca_ws/install/px4_msgs/share/px4_msgs/msg/TrajectorySetpoint.msg
[175.361s] -- Symlinking: /home/ansl/ca_ws/install/px4_msgs/share/px4_msgs/msg/TrajectoryWaypoint.msg
[175.367s] -- Symlinking: /home/ansl/ca_ws/install/px4_msgs/share/px4_msgs/msg/TransponderReport.msg
[175.373s] -- Symlinking: /home/ansl/ca_ws/install/px4_msgs/share/px4_msgs/msg/TuneControl.msg
[175.378s] -- Symlinking: /home/ansl/ca_ws/install/px4_msgs/share/px4_msgs/msg/UavcanParameterRequest.msg
[175.383s] -- Symlinking: /home/ansl/ca_ws/install/px4_msgs/share/px4_msgs/msg/UavcanParameterValue.msg
[175.390s] -- Symlinking: /home/ansl/ca_ws/install/px4_msgs/share/px4_msgs/msg/UlogStream.msg
[175.395s] -- Symlinking: /home/ansl/ca_ws/install/px4_msgs/share/px4_msgs/msg/UlogStreamAck.msg
[175.402s] -- Symlinking: /home/ansl/ca_ws/install/px4_msgs/share/px4_msgs/msg/VehicleAcceleration.msg
[175.408s] -- Symlinking: /home/ansl/ca_ws/install/px4_msgs/share/px4_msgs/msg/VehicleAirData.msg
[175.413s] -- Symlinking: /home/ansl/ca_ws/install/px4_msgs/share/px4_msgs/msg/VehicleAngularAccelerationSetpoint.msg
[175.418s] -- Symlinking: /home/ansl/ca_ws/install/px4_msgs/share/px4_msgs/msg/VehicleAngularVelocity.msg
[175.424s] -- Symlinking: /home/ansl/ca_ws/install/px4_msgs/share/px4_msgs/msg/VehicleAttitude.msg
[175.431s] -- Symlinking: /home/ansl/ca_ws/install/px4_msgs/share/px4_msgs/msg/VehicleAttitudeSetpoint.msg
[175.437s] -- Symlinking: /home/ansl/ca_ws/install/px4_msgs/share/px4_msgs/msg/VehicleCommand.msg
[175.443s] -- Symlinking: /home/ansl/ca_ws/install/px4_msgs/share/px4_msgs/msg/VehicleCommandAck.msg
[175.449s] -- Symlinking: /home/ansl/ca_ws/install/px4_msgs/share/px4_msgs/msg/VehicleConstraints.msg
[175.454s] -- Symlinking: /home/ansl/ca_ws/install/px4_msgs/share/px4_msgs/msg/VehicleControlMode.msg
[175.460s] -- Symlinking: /home/ansl/ca_ws/install/px4_msgs/share/px4_msgs/msg/VehicleGlobalPosition.msg
[175.465s] -- Symlinking: /home/ansl/ca_ws/install/px4_msgs/share/px4_msgs/msg/VehicleImu.msg
[175.471s] -- Symlinking: /home/ansl/ca_ws/install/px4_msgs/share/px4_msgs/msg/VehicleImuStatus.msg
[175.476s] -- Symlinking: /home/ansl/ca_ws/install/px4_msgs/share/px4_msgs/msg/VehicleLandDetected.msg
[175.482s] -- Symlinking: /home/ansl/ca_ws/install/px4_msgs/share/px4_msgs/msg/VehicleLocalPosition.msg
[175.488s] -- Symlinking: /home/ansl/ca_ws/install/px4_msgs/share/px4_msgs/msg/VehicleLocalPositionSetpoint.msg
[175.493s] -- Symlinking: /home/ansl/ca_ws/install/px4_msgs/share/px4_msgs/msg/VehicleMagnetometer.msg
[175.505s] -- Symlinking: /home/ansl/ca_ws/install/px4_msgs/share/px4_msgs/msg/VehicleOdometry.msg
[175.510s] -- Symlinking: /home/ansl/ca_ws/install/px4_msgs/share/px4_msgs/msg/VehicleOpticalFlow.msg
[175.521s] -- Symlinking: /home/ansl/ca_ws/install/px4_msgs/share/px4_msgs/msg/VehicleOpticalFlowVel.msg
[175.526s] -- Symlinking: /home/ansl/ca_ws/install/px4_msgs/share/px4_msgs/msg/VehicleRatesSetpoint.msg
[175.539s] -- Symlinking: /home/ansl/ca_ws/install/px4_msgs/share/px4_msgs/msg/VehicleRoi.msg
[175.544s] -- Symlinking: /home/ansl/ca_ws/install/px4_msgs/share/px4_msgs/msg/VehicleStatus.msg
[175.556s] -- Symlinking: /home/ansl/ca_ws/install/px4_msgs/share/px4_msgs/msg/VehicleThrustSetpoint.msg
[175.561s] -- Symlinking: /home/ansl/ca_ws/install/px4_msgs/share/px4_msgs/msg/VehicleTorqueSetpoint.msg
[175.566s] -- Symlinking: /home/ansl/ca_ws/install/px4_msgs/share/px4_msgs/msg/VehicleTrajectoryBezier.msg
[175.572s] -- Symlinking: /home/ansl/ca_ws/install/px4_msgs/share/px4_msgs/msg/VehicleTrajectoryWaypoint.msg
[175.578s] -- Symlinking: /home/ansl/ca_ws/install/px4_msgs/share/px4_msgs/msg/VtolVehicleStatus.msg
[175.584s] -- Symlinking: /home/ansl/ca_ws/install/px4_msgs/share/px4_msgs/msg/Wind.msg
[175.590s] -- Symlinking: /home/ansl/ca_ws/install/px4_msgs/share/px4_msgs/msg/YawEstimatorStatus.msg
[175.595s] -- Symlinking: /home/ansl/ca_ws/install/px4_msgs/share/px4_msgs/srv/VehicleCommand.srv
[175.600s] -- Symlinking: /home/ansl/ca_ws/install/px4_msgs/share/px4_msgs/srv/VehicleCommand_Request.msg
[175.606s] -- Symlinking: /home/ansl/ca_ws/install/px4_msgs/share/px4_msgs/srv/VehicleCommand_Response.msg
[175.617s] -- Symlinking: /home/ansl/ca_ws/install/px4_msgs/share/ament_index/resource_index/package_run_dependencies/px4_msgs
[175.623s] -- Symlinking: /home/ansl/ca_ws/install/px4_msgs/share/ament_index/resource_index/parent_prefix_path/px4_msgs
[175.628s] -- Symlinking: /home/ansl/ca_ws/install/px4_msgs/share/px4_msgs/environment/ament_prefix_path.sh
[175.633s] -- Symlinking: /home/ansl/ca_ws/install/px4_msgs/share/px4_msgs/environment/ament_prefix_path.dsv
[175.640s] -- Symlinking: /home/ansl/ca_ws/install/px4_msgs/share/px4_msgs/environment/path.sh
[175.645s] -- Symlinking: /home/ansl/ca_ws/install/px4_msgs/share/px4_msgs/environment/path.dsv
[175.652s] -- Symlinking: /home/ansl/ca_ws/install/px4_msgs/share/px4_msgs/local_setup.bash
[175.658s] -- Symlinking: /home/ansl/ca_ws/install/px4_msgs/share/px4_msgs/local_setup.sh
[175.663s] -- Symlinking: /home/ansl/ca_ws/install/px4_msgs/share/px4_msgs/local_setup.zsh
[175.669s] -- Symlinking: /home/ansl/ca_ws/install/px4_msgs/share/px4_msgs/local_setup.dsv
[175.676s] -- Symlinking: /home/ansl/ca_ws/install/px4_msgs/share/px4_msgs/package.dsv
[175.681s] -- Symlinking: /home/ansl/ca_ws/install/px4_msgs/share/ament_index/resource_index/packages/px4_msgs
[175.686s] -- Symlinking: /home/ansl/ca_ws/install/px4_msgs/share/px4_msgs/cmake/rosidl_cmake-extras.cmake
[175.692s] -- Symlinking: /home/ansl/ca_ws/install/px4_msgs/share/px4_msgs/cmake/ament_cmake_export_dependencies-extras.cmake
[175.698s] -- Symlinking: /home/ansl/ca_ws/install/px4_msgs/share/px4_msgs/cmake/ament_cmake_export_include_directories-extras.cmake
[175.703s] -- Symlinking: /home/ansl/ca_ws/install/px4_msgs/share/px4_msgs/cmake/ament_cmake_export_libraries-extras.cmake
[175.709s] -- Symlinking: /home/ansl/ca_ws/install/px4_msgs/share/px4_msgs/cmake/ament_cmake_export_targets-extras.cmake
[175.715s] -- Symlinking: /home/ansl/ca_ws/install/px4_msgs/share/px4_msgs/cmake/rosidl_cmake_export_typesupport_targets-extras.cmake
[175.720s] -- Symlinking: /home/ansl/ca_ws/install/px4_msgs/share/px4_msgs/cmake/rosidl_cmake_export_typesupport_libraries-extras.cmake
[175.725s] -- Symlinking: /home/ansl/ca_ws/install/px4_msgs/share/px4_msgs/cmake/px4_msgsConfig.cmake
[175.730s] -- Symlinking: /home/ansl/ca_ws/install/px4_msgs/share/px4_msgs/cmake/px4_msgsConfig-version.cmake
[175.737s] -- Symlinking: /home/ansl/ca_ws/install/px4_msgs/share/px4_msgs/package.xml
[175.744s] -- Installing: /home/ansl/ca_ws/install/px4_msgs/lib/libpx4_msgs__rosidl_generator_c.so
[175.744s] -- Set runtime path of "/home/ansl/ca_ws/install/px4_msgs/lib/libpx4_msgs__rosidl_generator_c.so" to ""
[175.745s] -- Installing: /home/ansl/ca_ws/install/px4_msgs/lib/libpx4_msgs__rosidl_typesupport_fastrtps_c.so
[175.745s] -- Set runtime path of "/home/ansl/ca_ws/install/px4_msgs/lib/libpx4_msgs__rosidl_typesupport_fastrtps_c.so" to ""
[175.745s] -- Installing: /home/ansl/ca_ws/install/px4_msgs/lib/libpx4_msgs__rosidl_typesupport_fastrtps_cpp.so
[175.746s] -- Set runtime path of "/home/ansl/ca_ws/install/px4_msgs/lib/libpx4_msgs__rosidl_typesupport_fastrtps_cpp.so" to ""
[175.746s] -- Installing: /home/ansl/ca_ws/install/px4_msgs/lib/libpx4_msgs__rosidl_typesupport_introspection_c.so
[175.747s] -- Set runtime path of "/home/ansl/ca_ws/install/px4_msgs/lib/libpx4_msgs__rosidl_typesupport_introspection_c.so" to ""
[175.747s] -- Installing: /home/ansl/ca_ws/install/px4_msgs/lib/libpx4_msgs__rosidl_typesupport_c.so
[175.748s] -- Set runtime path of "/home/ansl/ca_ws/install/px4_msgs/lib/libpx4_msgs__rosidl_typesupport_c.so" to ""
[175.748s] -- Installing: /home/ansl/ca_ws/install/px4_msgs/lib/libpx4_msgs__rosidl_typesupport_introspection_cpp.so
[175.749s] -- Set runtime path of "/home/ansl/ca_ws/install/px4_msgs/lib/libpx4_msgs__rosidl_typesupport_introspection_cpp.so" to ""
[175.749s] -- Installing: /home/ansl/ca_ws/install/px4_msgs/lib/libpx4_msgs__rosidl_typesupport_cpp.so
[175.749s] -- Set runtime path of "/home/ansl/ca_ws/install/px4_msgs/lib/libpx4_msgs__rosidl_typesupport_cpp.so" to ""
[175.847s] Listing '/home/ansl/ca_ws/install/px4_msgs/local/lib/python3.10/dist-packages/px4_msgs'...
[175.847s] Compiling '/home/ansl/ca_ws/install/px4_msgs/local/lib/python3.10/dist-packages/px4_msgs/__init__.py'...
[175.847s] Listing '/home/ansl/ca_ws/install/px4_msgs/local/lib/python3.10/dist-packages/px4_msgs/msg'...
[175.847s] Compiling '/home/ansl/ca_ws/install/px4_msgs/local/lib/python3.10/dist-packages/px4_msgs/msg/__init__.py'...
[175.847s] Compiling '/home/ansl/ca_ws/install/px4_msgs/local/lib/python3.10/dist-packages/px4_msgs/msg/_action_request.py'...
[175.847s] Compiling '/home/ansl/ca_ws/install/px4_msgs/local/lib/python3.10/dist-packages/px4_msgs/msg/_actuator_armed.py'...
[175.847s] Compiling '/home/ansl/ca_ws/install/px4_msgs/local/lib/python3.10/dist-packages/px4_msgs/msg/_actuator_command.py'...
[175.847s] Compiling '/home/ansl/ca_ws/install/px4_msgs/local/lib/python3.10/dist-packages/px4_msgs/msg/_actuator_controls_status.py'...
[175.847s] Compiling '/home/ansl/ca_ws/install/px4_msgs/local/lib/python3.10/dist-packages/px4_msgs/msg/_actuator_motors.py'...
[175.847s] Compiling '/home/ansl/ca_ws/install/px4_msgs/local/lib/python3.10/dist-packages/px4_msgs/msg/_actuator_outputs.py'...
[175.847s] Compiling '/home/ansl/ca_ws/install/px4_msgs/local/lib/python3.10/dist-packages/px4_msgs/msg/_actuator_servos.py'...
[175.847s] Compiling '/home/ansl/ca_ws/install/px4_msgs/local/lib/python3.10/dist-packages/px4_msgs/msg/_actuator_servos_trim.py'...
[175.847s] Compiling '/home/ansl/ca_ws/install/px4_msgs/local/lib/python3.10/dist-packages/px4_msgs/msg/_actuator_test.py'...
[175.847s] Compiling '/home/ansl/ca_ws/install/px4_msgs/local/lib/python3.10/dist-packages/px4_msgs/msg/_adc_report.py'...
[175.847s] Compiling '/home/ansl/ca_ws/install/px4_msgs/local/lib/python3.10/dist-packages/px4_msgs/msg/_airspeed.py'...
[175.847s] Compiling '/home/ansl/ca_ws/install/px4_msgs/local/lib/python3.10/dist-packages/px4_msgs/msg/_airspeed_validated.py'...
[175.847s] Compiling '/home/ansl/ca_ws/install/px4_msgs/local/lib/python3.10/dist-packages/px4_msgs/msg/_airspeed_wind.py'...
[175.847s] Compiling '/home/ansl/ca_ws/install/px4_msgs/local/lib/python3.10/dist-packages/px4_msgs/msg/_autotune_attitude_control_status.py'...
[175.847s] Compiling '/home/ansl/ca_ws/install/px4_msgs/local/lib/python3.10/dist-packages/px4_msgs/msg/_battery_status.py'...
[175.847s] Compiling '/home/ansl/ca_ws/install/px4_msgs/local/lib/python3.10/dist-packages/px4_msgs/msg/_button_event.py'...
[175.847s] Compiling '/home/ansl/ca_ws/install/px4_msgs/local/lib/python3.10/dist-packages/px4_msgs/msg/_camera_capture.py'...
[175.847s] Compiling '/home/ansl/ca_ws/install/px4_msgs/local/lib/python3.10/dist-packages/px4_msgs/msg/_camera_status.py'...
[175.847s] Compiling '/home/ansl/ca_ws/install/px4_msgs/local/lib/python3.10/dist-packages/px4_msgs/msg/_camera_trigger.py'...
[175.847s] Compiling '/home/ansl/ca_ws/install/px4_msgs/local/lib/python3.10/dist-packages/px4_msgs/msg/_cellular_status.py'...
[175.847s] Compiling '/home/ansl/ca_ws/install/px4_msgs/local/lib/python3.10/dist-packages/px4_msgs/msg/_collision_constraints.py'...
[175.847s] Compiling '/home/ansl/ca_ws/install/px4_msgs/local/lib/python3.10/dist-packages/px4_msgs/msg/_collision_report.py'...
[175.847s] Compiling '/home/ansl/ca_ws/install/px4_msgs/local/lib/python3.10/dist-packages/px4_msgs/msg/_command_values.py'...
[175.847s] Compiling '/home/ansl/ca_ws/install/px4_msgs/local/lib/python3.10/dist-packages/px4_msgs/msg/_control_allocator_status.py'...
[175.847s] Compiling '/home/ansl/ca_ws/install/px4_msgs/local/lib/python3.10/dist-packages/px4_msgs/msg/_cpuload.py'...
[175.848s] Compiling '/home/ansl/ca_ws/install/px4_msgs/local/lib/python3.10/dist-packages/px4_msgs/msg/_debug_array.py'...
[175.848s] Compiling '/home/ansl/ca_ws/install/px4_msgs/local/lib/python3.10/dist-packages/px4_msgs/msg/_debug_key_value.py'...
[175.848s] Compiling '/home/ansl/ca_ws/install/px4_msgs/local/lib/python3.10/dist-packages/px4_msgs/msg/_debug_value.py'...
[175.848s] Compiling '/home/ansl/ca_ws/install/px4_msgs/local/lib/python3.10/dist-packages/px4_msgs/msg/_debug_vect.py'...
[175.848s] Compiling '/home/ansl/ca_ws/install/px4_msgs/local/lib/python3.10/dist-packages/px4_msgs/msg/_differential_pressure.py'...
[175.848s] Compiling '/home/ansl/ca_ws/install/px4_msgs/local/lib/python3.10/dist-packages/px4_msgs/msg/_distance_sensor.py'...
[175.848s] Compiling '/home/ansl/ca_ws/install/px4_msgs/local/lib/python3.10/dist-packages/px4_msgs/msg/_ekf2_timestamps.py'...
[175.848s] Compiling '/home/ansl/ca_ws/install/px4_msgs/local/lib/python3.10/dist-packages/px4_msgs/msg/_esc_report.py'...
[175.848s] Compiling '/home/ansl/ca_ws/install/px4_msgs/local/lib/python3.10/dist-packages/px4_msgs/msg/_esc_status.py'...
[175.848s] Compiling '/home/ansl/ca_ws/install/px4_msgs/local/lib/python3.10/dist-packages/px4_msgs/msg/_estimator_aid_source1d.py'...
[175.848s] Compiling '/home/ansl/ca_ws/install/px4_msgs/local/lib/python3.10/dist-packages/px4_msgs/msg/_estimator_aid_source2d.py'...
[175.848s] Compiling '/home/ansl/ca_ws/install/px4_msgs/local/lib/python3.10/dist-packages/px4_msgs/msg/_estimator_aid_source3d.py'...
[175.848s] Compiling '/home/ansl/ca_ws/install/px4_msgs/local/lib/python3.10/dist-packages/px4_msgs/msg/_estimator_bias.py'...
[175.848s] Compiling '/home/ansl/ca_ws/install/px4_msgs/local/lib/python3.10/dist-packages/px4_msgs/msg/_estimator_bias3d.py'...
[175.848s] Compiling '/home/ansl/ca_ws/install/px4_msgs/local/lib/python3.10/dist-packages/px4_msgs/msg/_estimator_event_flags.py'...
[175.848s] Compiling '/home/ansl/ca_ws/install/px4_msgs/local/lib/python3.10/dist-packages/px4_msgs/msg/_estimator_gps_status.py'...
[175.848s] Compiling '/home/ansl/ca_ws/install/px4_msgs/local/lib/python3.10/dist-packages/px4_msgs/msg/_estimator_innovations.py'...
[175.848s] Compiling '/home/ansl/ca_ws/install/px4_msgs/local/lib/python3.10/dist-packages/px4_msgs/msg/_estimator_selector_status.py'...
[175.848s] Compiling '/home/ansl/ca_ws/install/px4_msgs/local/lib/python3.10/dist-packages/px4_msgs/msg/_estimator_sensor_bias.py'...
[175.848s] Compiling '/home/ansl/ca_ws/install/px4_msgs/local/lib/python3.10/dist-packages/px4_msgs/msg/_estimator_states.py'...
[175.848s] Compiling '/home/ansl/ca_ws/install/px4_msgs/local/lib/python3.10/dist-packages/px4_msgs/msg/_estimator_status.py'...
[175.848s] Compiling '/home/ansl/ca_ws/install/px4_msgs/local/lib/python3.10/dist-packages/px4_msgs/msg/_estimator_status_flags.py'...
[175.848s] Compiling '/home/ansl/ca_ws/install/px4_msgs/local/lib/python3.10/dist-packages/px4_msgs/msg/_event.py'...
[175.848s] Compiling '/home/ansl/ca_ws/install/px4_msgs/local/lib/python3.10/dist-packages/px4_msgs/msg/_failsafe_flags.py'...
[175.848s] Compiling '/home/ansl/ca_ws/install/px4_msgs/local/lib/python3.10/dist-packages/px4_msgs/msg/_failure_detector_status.py'...
[175.848s] Compiling '/home/ansl/ca_ws/install/px4_msgs/local/lib/python3.10/dist-packages/px4_msgs/msg/_follow_target.py'...
[175.848s] Compiling '/home/ansl/ca_ws/install/px4_msgs/local/lib/python3.10/dist-packages/px4_msgs/msg/_follow_target_estimator.py'...
[175.848s] Compiling '/home/ansl/ca_ws/install/px4_msgs/local/lib/python3.10/dist-packages/px4_msgs/msg/_follow_target_status.py'...
[175.848s] Compiling '/home/ansl/ca_ws/install/px4_msgs/local/lib/python3.10/dist-packages/px4_msgs/msg/_generator_status.py'...
[175.848s] Compiling '/home/ansl/ca_ws/install/px4_msgs/local/lib/python3.10/dist-packages/px4_msgs/msg/_geofence_result.py'...
[175.848s] Compiling '/home/ansl/ca_ws/install/px4_msgs/local/lib/python3.10/dist-packages/px4_msgs/msg/_gimbal_controls.py'...
[175.848s] Compiling '/home/ansl/ca_ws/install/px4_msgs/local/lib/python3.10/dist-packages/px4_msgs/msg/_gimbal_device_attitude_status.py'...
[175.849s] Compiling '/home/ansl/ca_ws/install/px4_msgs/local/lib/python3.10/dist-packages/px4_msgs/msg/_gimbal_device_information.py'...
[175.849s] Compiling '/home/ansl/ca_ws/install/px4_msgs/local/lib/python3.10/dist-packages/px4_msgs/msg/_gimbal_device_set_attitude.py'...
[175.849s] Compiling '/home/ansl/ca_ws/install/px4_msgs/local/lib/python3.10/dist-packages/px4_msgs/msg/_gimbal_manager_information.py'...
[175.849s] Compiling '/home/ansl/ca_ws/install/px4_msgs/local/lib/python3.10/dist-packages/px4_msgs/msg/_gimbal_manager_set_attitude.py'...
[175.849s] Compiling '/home/ansl/ca_ws/install/px4_msgs/local/lib/python3.10/dist-packages/px4_msgs/msg/_gimbal_manager_set_manual_control.py'...
[175.849s] Compiling '/home/ansl/ca_ws/install/px4_msgs/local/lib/python3.10/dist-packages/px4_msgs/msg/_gimbal_manager_status.py'...
[175.849s] Compiling '/home/ansl/ca_ws/install/px4_msgs/local/lib/python3.10/dist-packages/px4_msgs/msg/_gps_dump.py'...
[175.849s] Compiling '/home/ansl/ca_ws/install/px4_msgs/local/lib/python3.10/dist-packages/px4_msgs/msg/_gps_inject_data.py'...
[175.914s] Compiling '/home/ansl/ca_ws/install/px4_msgs/local/lib/python3.10/dist-packages/px4_msgs/msg/_gripper.py'...
[175.914s] Compiling '/home/ansl/ca_ws/install/px4_msgs/local/lib/python3.10/dist-packages/px4_msgs/msg/_health_report.py'...
[175.914s] Compiling '/home/ansl/ca_ws/install/px4_msgs/local/lib/python3.10/dist-packages/px4_msgs/msg/_heater_status.py'...
[175.914s] Compiling '/home/ansl/ca_ws/install/px4_msgs/local/lib/python3.10/dist-packages/px4_msgs/msg/_home_position.py'...
[175.914s] Compiling '/home/ansl/ca_ws/install/px4_msgs/local/lib/python3.10/dist-packages/px4_msgs/msg/_hover_thrust_estimate.py'...
[175.914s] Compiling '/home/ansl/ca_ws/install/px4_msgs/local/lib/python3.10/dist-packages/px4_msgs/msg/_input_rc.py'...
[175.915s] Compiling '/home/ansl/ca_ws/install/px4_msgs/local/lib/python3.10/dist-packages/px4_msgs/msg/_input_tau.py'...
[175.915s] Compiling '/home/ansl/ca_ws/install/px4_msgs/local/lib/python3.10/dist-packages/px4_msgs/msg/_internal_combustion_engine_status.py'...
[175.915s] Compiling '/home/ansl/ca_ws/install/px4_msgs/local/lib/python3.10/dist-packages/px4_msgs/msg/_iridiumsbd_status.py'...
[175.915s] Compiling '/home/ansl/ca_ws/install/px4_msgs/local/lib/python3.10/dist-packages/px4_msgs/msg/_irlock_report.py'...
[175.915s] Compiling '/home/ansl/ca_ws/install/px4_msgs/local/lib/python3.10/dist-packages/px4_msgs/msg/_landing_gear.py'...
[175.915s] Compiling '/home/ansl/ca_ws/install/px4_msgs/local/lib/python3.10/dist-packages/px4_msgs/msg/_landing_gear_wheel.py'...
[175.915s] Compiling '/home/ansl/ca_ws/install/px4_msgs/local/lib/python3.10/dist-packages/px4_msgs/msg/_landing_target_innovations.py'...
[175.915s] Compiling '/home/ansl/ca_ws/install/px4_msgs/local/lib/python3.10/dist-packages/px4_msgs/msg/_landing_target_pose.py'...
[175.915s] Compiling '/home/ansl/ca_ws/install/px4_msgs/local/lib/python3.10/dist-packages/px4_msgs/msg/_launch_detection_status.py'...
[175.915s] Compiling '/home/ansl/ca_ws/install/px4_msgs/local/lib/python3.10/dist-packages/px4_msgs/msg/_led_control.py'...
[175.915s] Compiling '/home/ansl/ca_ws/install/px4_msgs/local/lib/python3.10/dist-packages/px4_msgs/msg/_log_message.py'...
[175.915s] Compiling '/home/ansl/ca_ws/install/px4_msgs/local/lib/python3.10/dist-packages/px4_msgs/msg/_logger_status.py'...
[175.915s] Compiling '/home/ansl/ca_ws/install/px4_msgs/local/lib/python3.10/dist-packages/px4_msgs/msg/_mag_worker_data.py'...
[175.915s] Compiling '/home/ansl/ca_ws/install/px4_msgs/local/lib/python3.10/dist-packages/px4_msgs/msg/_magnetometer_bias_estimate.py'...
[175.915s] Compiling '/home/ansl/ca_ws/install/px4_msgs/local/lib/python3.10/dist-packages/px4_msgs/msg/_manual_control_setpoint.py'...
[175.915s] Compiling '/home/ansl/ca_ws/install/px4_msgs/local/lib/python3.10/dist-packages/px4_msgs/msg/_manual_control_switches.py'...
[175.915s] Compiling '/home/ansl/ca_ws/install/px4_msgs/local/lib/python3.10/dist-packages/px4_msgs/msg/_mavlink_log.py'...
[175.915s] Compiling '/home/ansl/ca_ws/install/px4_msgs/local/lib/python3.10/dist-packages/px4_msgs/msg/_mavlink_tunnel.py'...
[175.915s] Compiling '/home/ansl/ca_ws/install/px4_msgs/local/lib/python3.10/dist-packages/px4_msgs/msg/_mission.py'...
[175.915s] Compiling '/home/ansl/ca_ws/install/px4_msgs/local/lib/python3.10/dist-packages/px4_msgs/msg/_mission_result.py'...
[175.915s] Compiling '/home/ansl/ca_ws/install/px4_msgs/local/lib/python3.10/dist-packages/px4_msgs/msg/_mode_completed.py'...
[175.915s] Compiling '/home/ansl/ca_ws/install/px4_msgs/local/lib/python3.10/dist-packages/px4_msgs/msg/_mode_flag.py'...
[175.915s] Compiling '/home/ansl/ca_ws/install/px4_msgs/local/lib/python3.10/dist-packages/px4_msgs/msg/_mount_orientation.py'...
[175.915s] Compiling '/home/ansl/ca_ws/install/px4_msgs/local/lib/python3.10/dist-packages/px4_msgs/msg/_navigator_mission_item.py'...
[175.915s] Compiling '/home/ansl/ca_ws/install/px4_msgs/local/lib/python3.10/dist-packages/px4_msgs/msg/_normalized_unsigned_setpoint.py'...
[175.915s] Compiling '/home/ansl/ca_ws/install/px4_msgs/local/lib/python3.10/dist-packages/px4_msgs/msg/_npfg_status.py'...
[175.915s] Compiling '/home/ansl/ca_ws/install/px4_msgs/local/lib/python3.10/dist-packages/px4_msgs/msg/_obstacle_distance.py'...
[175.915s] Compiling '/home/ansl/ca_ws/install/px4_msgs/local/lib/python3.10/dist-packages/px4_msgs/msg/_offboard_control_mode.py'...
[175.915s] Compiling '/home/ansl/ca_ws/install/px4_msgs/local/lib/python3.10/dist-packages/px4_msgs/msg/_onboard_computer_status.py'...
[175.915s] Compiling '/home/ansl/ca_ws/install/px4_msgs/local/lib/python3.10/dist-packages/px4_msgs/msg/_orb_test.py'...
[175.915s] Compiling '/home/ansl/ca_ws/install/px4_msgs/local/lib/python3.10/dist-packages/px4_msgs/msg/_orb_test_large.py'...
[175.916s] Compiling '/home/ansl/ca_ws/install/px4_msgs/local/lib/python3.10/dist-packages/px4_msgs/msg/_orb_test_medium.py'...
[175.916s] Compiling '/home/ansl/ca_ws/install/px4_msgs/local/lib/python3.10/dist-packages/px4_msgs/msg/_orbit_status.py'...
[175.916s] Compiling '/home/ansl/ca_ws/install/px4_msgs/local/lib/python3.10/dist-packages/px4_msgs/msg/_output_test.py'...
[175.916s] Compiling '/home/ansl/ca_ws/install/px4_msgs/local/lib/python3.10/dist-packages/px4_msgs/msg/_parameter_update.py'...
[175.916s] Compiling '/home/ansl/ca_ws/install/px4_msgs/local/lib/python3.10/dist-packages/px4_msgs/msg/_ping.py'...
[175.916s] Compiling '/home/ansl/ca_ws/install/px4_msgs/local/lib/python3.10/dist-packages/px4_msgs/msg/_position_controller_landing_status.py'...
[175.916s] Compiling '/home/ansl/ca_ws/install/px4_msgs/local/lib/python3.10/dist-packages/px4_msgs/msg/_position_controller_status.py'...
[175.916s] Compiling '/home/ansl/ca_ws/install/px4_msgs/local/lib/python3.10/dist-packages/px4_msgs/msg/_position_setpoint.py'...
[175.916s] Compiling '/home/ansl/ca_ws/install/px4_msgs/local/lib/python3.10/dist-packages/px4_msgs/msg/_position_setpoint_triplet.py'...
[175.916s] Compiling '/home/ansl/ca_ws/install/px4_msgs/local/lib/python3.10/dist-packages/px4_msgs/msg/_power_button_state.py'...
[175.916s] Compiling '/home/ansl/ca_ws/install/px4_msgs/local/lib/python3.10/dist-packages/px4_msgs/msg/_power_monitor.py'...
[175.916s] Compiling '/home/ansl/ca_ws/install/px4_msgs/local/lib/python3.10/dist-packages/px4_msgs/msg/_pps_capture.py'...
[175.916s] Compiling '/home/ansl/ca_ws/install/px4_msgs/local/lib/python3.10/dist-packages/px4_msgs/msg/_pwm_input.py'...
[175.916s] Compiling '/home/ansl/ca_ws/install/px4_msgs/local/lib/python3.10/dist-packages/px4_msgs/msg/_px4io_status.py'...
[175.916s] Compiling '/home/ansl/ca_ws/install/px4_msgs/local/lib/python3.10/dist-packages/px4_msgs/msg/_qshell_req.py'...
[175.916s] Compiling '/home/ansl/ca_ws/install/px4_msgs/local/lib/python3.10/dist-packages/px4_msgs/msg/_qshell_retval.py'...
[175.916s] Compiling '/home/ansl/ca_ws/install/px4_msgs/local/lib/python3.10/dist-packages/px4_msgs/msg/_radio_status.py'...
[175.916s] Compiling '/home/ansl/ca_ws/install/px4_msgs/local/lib/python3.10/dist-packages/px4_msgs/msg/_rate_ctrl_status.py'...
[175.916s] Compiling '/home/ansl/ca_ws/install/px4_msgs/local/lib/python3.10/dist-packages/px4_msgs/msg/_rc_channels.py'...
[175.916s] Compiling '/home/ansl/ca_ws/install/px4_msgs/local/lib/python3.10/dist-packages/px4_msgs/msg/_rc_parameter_map.py'...
[175.916s] Compiling '/home/ansl/ca_ws/install/px4_msgs/local/lib/python3.10/dist-packages/px4_msgs/msg/_rpm.py'...
[175.916s] Compiling '/home/ansl/ca_ws/install/px4_msgs/local/lib/python3.10/dist-packages/px4_msgs/msg/_rtl_time_estimate.py'...
[175.916s] Compiling '/home/ansl/ca_ws/install/px4_msgs/local/lib/python3.10/dist-packages/px4_msgs/msg/_satellite_info.py'...
[175.916s] Compiling '/home/ansl/ca_ws/install/px4_msgs/local/lib/python3.10/dist-packages/px4_msgs/msg/_sensor_accel.py'...
[175.916s] Compiling '/home/ansl/ca_ws/install/px4_msgs/local/lib/python3.10/dist-packages/px4_msgs/msg/_sensor_accel_fifo.py'...
[175.916s] Compiling '/home/ansl/ca_ws/install/px4_msgs/local/lib/python3.10/dist-packages/px4_msgs/msg/_sensor_baro.py'...
[175.916s] Compiling '/home/ansl/ca_ws/install/px4_msgs/local/lib/python3.10/dist-packages/px4_msgs/msg/_sensor_combined.py'...
[175.916s] Compiling '/home/ansl/ca_ws/install/px4_msgs/local/lib/python3.10/dist-packages/px4_msgs/msg/_sensor_correction.py'...
[175.916s] Compiling '/home/ansl/ca_ws/install/px4_msgs/local/lib/python3.10/dist-packages/px4_msgs/msg/_sensor_gnss_relative.py'...
[175.916s] Compiling '/home/ansl/ca_ws/install/px4_msgs/local/lib/python3.10/dist-packages/px4_msgs/msg/_sensor_gps.py'...
[175.916s] Compiling '/home/ansl/ca_ws/install/px4_msgs/local/lib/python3.10/dist-packages/px4_msgs/msg/_sensor_gyro.py'...
[175.916s] Compiling '/home/ansl/ca_ws/install/px4_msgs/local/lib/python3.10/dist-packages/px4_msgs/msg/_sensor_gyro_fft.py'...
[175.978s] Compiling '/home/ansl/ca_ws/install/px4_msgs/local/lib/python3.10/dist-packages/px4_msgs/msg/_sensor_gyro_fifo.py'...
[175.978s] Compiling '/home/ansl/ca_ws/install/px4_msgs/local/lib/python3.10/dist-packages/px4_msgs/msg/_sensor_hygrometer.py'...
[175.978s] Compiling '/home/ansl/ca_ws/install/px4_msgs/local/lib/python3.10/dist-packages/px4_msgs/msg/_sensor_mag.py'...
[175.978s] Compiling '/home/ansl/ca_ws/install/px4_msgs/local/lib/python3.10/dist-packages/px4_msgs/msg/_sensor_optical_flow.py'...
[175.978s] Compiling '/home/ansl/ca_ws/install/px4_msgs/local/lib/python3.10/dist-packages/px4_msgs/msg/_sensor_preflight_mag.py'...
[175.979s] Compiling '/home/ansl/ca_ws/install/px4_msgs/local/lib/python3.10/dist-packages/px4_msgs/msg/_sensor_selection.py'...
[175.979s] Compiling '/home/ansl/ca_ws/install/px4_msgs/local/lib/python3.10/dist-packages/px4_msgs/msg/_sensor_uwb.py'...
[175.979s] Compiling '/home/ansl/ca_ws/install/px4_msgs/local/lib/python3.10/dist-packages/px4_msgs/msg/_sensors_status.py'...
[175.979s] Compiling '/home/ansl/ca_ws/install/px4_msgs/local/lib/python3.10/dist-packages/px4_msgs/msg/_sensors_status_imu.py'...
[175.979s] Compiling '/home/ansl/ca_ws/install/px4_msgs/local/lib/python3.10/dist-packages/px4_msgs/msg/_simulink_custom_message.py'...
[175.979s] Compiling '/home/ansl/ca_ws/install/px4_msgs/local/lib/python3.10/dist-packages/px4_msgs/msg/_states_and_actuators.py'...
[175.979s] Compiling '/home/ansl/ca_ws/install/px4_msgs/local/lib/python3.10/dist-packages/px4_msgs/msg/_system_power.py'...
[175.979s] Compiling '/home/ansl/ca_ws/install/px4_msgs/local/lib/python3.10/dist-packages/px4_msgs/msg/_takeoff_status.py'...
[175.979s] Compiling '/home/ansl/ca_ws/install/px4_msgs/local/lib/python3.10/dist-packages/px4_msgs/msg/_task_stack_info.py'...
[175.979s] Compiling '/home/ansl/ca_ws/install/px4_msgs/local/lib/python3.10/dist-packages/px4_msgs/msg/_tecs_status.py'...
[175.979s] Compiling '/home/ansl/ca_ws/install/px4_msgs/local/lib/python3.10/dist-packages/px4_msgs/msg/_telemetry_status.py'...
[175.979s] Compiling '/home/ansl/ca_ws/install/px4_msgs/local/lib/python3.10/dist-packages/px4_msgs/msg/_tiltrotor_extra_controls.py'...
[175.979s] Compiling '/home/ansl/ca_ws/install/px4_msgs/local/lib/python3.10/dist-packages/px4_msgs/msg/_timesync_status.py'...
[175.979s] Compiling '/home/ansl/ca_ws/install/px4_msgs/local/lib/python3.10/dist-packages/px4_msgs/msg/_trajectory_bezier.py'...
[175.979s] Compiling '/home/ansl/ca_ws/install/px4_msgs/local/lib/python3.10/dist-packages/px4_msgs/msg/_trajectory_setpoint.py'...
[175.979s] Compiling '/home/ansl/ca_ws/install/px4_msgs/local/lib/python3.10/dist-packages/px4_msgs/msg/_trajectory_waypoint.py'...
[175.979s] Compiling '/home/ansl/ca_ws/install/px4_msgs/local/lib/python3.10/dist-packages/px4_msgs/msg/_transponder_report.py'...
[175.979s] Compiling '/home/ansl/ca_ws/install/px4_msgs/local/lib/python3.10/dist-packages/px4_msgs/msg/_tune_control.py'...
[175.979s] Compiling '/home/ansl/ca_ws/install/px4_msgs/local/lib/python3.10/dist-packages/px4_msgs/msg/_uavcan_parameter_request.py'...
[175.979s] Compiling '/home/ansl/ca_ws/install/px4_msgs/local/lib/python3.10/dist-packages/px4_msgs/msg/_uavcan_parameter_value.py'...
[175.979s] Compiling '/home/ansl/ca_ws/install/px4_msgs/local/lib/python3.10/dist-packages/px4_msgs/msg/_ulog_stream.py'...
[175.979s] Compiling '/home/ansl/ca_ws/install/px4_msgs/local/lib/python3.10/dist-packages/px4_msgs/msg/_ulog_stream_ack.py'...
[175.979s] Compiling '/home/ansl/ca_ws/install/px4_msgs/local/lib/python3.10/dist-packages/px4_msgs/msg/_vehicle_acceleration.py'...
[175.979s] Compiling '/home/ansl/ca_ws/install/px4_msgs/local/lib/python3.10/dist-packages/px4_msgs/msg/_vehicle_air_data.py'...
[175.979s] Compiling '/home/ansl/ca_ws/install/px4_msgs/local/lib/python3.10/dist-packages/px4_msgs/msg/_vehicle_angular_acceleration_setpoint.py'...
[175.979s] Compiling '/home/ansl/ca_ws/install/px4_msgs/local/lib/python3.10/dist-packages/px4_msgs/msg/_vehicle_angular_velocity.py'...
[175.979s] Compiling '/home/ansl/ca_ws/install/px4_msgs/local/lib/python3.10/dist-packages/px4_msgs/msg/_vehicle_attitude.py'...
[175.979s] Compiling '/home/ansl/ca_ws/install/px4_msgs/local/lib/python3.10/dist-packages/px4_msgs/msg/_vehicle_attitude_setpoint.py'...
[175.979s] Compiling '/home/ansl/ca_ws/install/px4_msgs/local/lib/python3.10/dist-packages/px4_msgs/msg/_vehicle_command.py'...
[175.979s] Compiling '/home/ansl/ca_ws/install/px4_msgs/local/lib/python3.10/dist-packages/px4_msgs/msg/_vehicle_command_ack.py'...
[175.979s] Compiling '/home/ansl/ca_ws/install/px4_msgs/local/lib/python3.10/dist-packages/px4_msgs/msg/_vehicle_constraints.py'...
[175.980s] Compiling '/home/ansl/ca_ws/install/px4_msgs/local/lib/python3.10/dist-packages/px4_msgs/msg/_vehicle_control_mode.py'...
[175.980s] Compiling '/home/ansl/ca_ws/install/px4_msgs/local/lib/python3.10/dist-packages/px4_msgs/msg/_vehicle_global_position.py'...
[175.980s] Compiling '/home/ansl/ca_ws/install/px4_msgs/local/lib/python3.10/dist-packages/px4_msgs/msg/_vehicle_imu.py'...
[175.980s] Compiling '/home/ansl/ca_ws/install/px4_msgs/local/lib/python3.10/dist-packages/px4_msgs/msg/_vehicle_imu_status.py'...
[175.980s] Compiling '/home/ansl/ca_ws/install/px4_msgs/local/lib/python3.10/dist-packages/px4_msgs/msg/_vehicle_land_detected.py'...
[175.980s] Compiling '/home/ansl/ca_ws/install/px4_msgs/local/lib/python3.10/dist-packages/px4_msgs/msg/_vehicle_local_position.py'...
[175.980s] Compiling '/home/ansl/ca_ws/install/px4_msgs/local/lib/python3.10/dist-packages/px4_msgs/msg/_vehicle_local_position_setpoint.py'...
[175.980s] Compiling '/home/ansl/ca_ws/install/px4_msgs/local/lib/python3.10/dist-packages/px4_msgs/msg/_vehicle_magnetometer.py'...
[175.980s] Compiling '/home/ansl/ca_ws/install/px4_msgs/local/lib/python3.10/dist-packages/px4_msgs/msg/_vehicle_odometry.py'...
[175.980s] Compiling '/home/ansl/ca_ws/install/px4_msgs/local/lib/python3.10/dist-packages/px4_msgs/msg/_vehicle_optical_flow.py'...
[175.980s] Compiling '/home/ansl/ca_ws/install/px4_msgs/local/lib/python3.10/dist-packages/px4_msgs/msg/_vehicle_optical_flow_vel.py'...
[175.980s] Compiling '/home/ansl/ca_ws/install/px4_msgs/local/lib/python3.10/dist-packages/px4_msgs/msg/_vehicle_rates_setpoint.py'...
[175.980s] Compiling '/home/ansl/ca_ws/install/px4_msgs/local/lib/python3.10/dist-packages/px4_msgs/msg/_vehicle_roi.py'...
[175.980s] Compiling '/home/ansl/ca_ws/install/px4_msgs/local/lib/python3.10/dist-packages/px4_msgs/msg/_vehicle_status.py'...
[175.980s] Compiling '/home/ansl/ca_ws/install/px4_msgs/local/lib/python3.10/dist-packages/px4_msgs/msg/_vehicle_thrust_setpoint.py'...
[175.980s] Compiling '/home/ansl/ca_ws/install/px4_msgs/local/lib/python3.10/dist-packages/px4_msgs/msg/_vehicle_torque_setpoint.py'...
[175.980s] Compiling '/home/ansl/ca_ws/install/px4_msgs/local/lib/python3.10/dist-packages/px4_msgs/msg/_vehicle_trajectory_bezier.py'...
[175.980s] Compiling '/home/ansl/ca_ws/install/px4_msgs/local/lib/python3.10/dist-packages/px4_msgs/msg/_vehicle_trajectory_waypoint.py'...
[175.980s] Compiling '/home/ansl/ca_ws/install/px4_msgs/local/lib/python3.10/dist-packages/px4_msgs/msg/_vtol_vehicle_status.py'...
[175.980s] Compiling '/home/ansl/ca_ws/install/px4_msgs/local/lib/python3.10/dist-packages/px4_msgs/msg/_wind.py'...
[175.980s] Compiling '/home/ansl/ca_ws/install/px4_msgs/local/lib/python3.10/dist-packages/px4_msgs/msg/_yaw_estimator_status.py'...
[175.980s] Listing '/home/ansl/ca_ws/install/px4_msgs/local/lib/python3.10/dist-packages/px4_msgs/srv'...
[175.980s] Compiling '/home/ansl/ca_ws/install/px4_msgs/local/lib/python3.10/dist-packages/px4_msgs/srv/__init__.py'...
[175.980s] Compiling '/home/ansl/ca_ws/install/px4_msgs/local/lib/python3.10/dist-packages/px4_msgs/srv/_vehicle_command.py'...
[175.982s] -- Installing: /home/ansl/ca_ws/install/px4_msgs/lib/libpx4_msgs__rosidl_generator_py.so
[175.983s] -- Set runtime path of "/home/ansl/ca_ws/install/px4_msgs/lib/libpx4_msgs__rosidl_generator_py.so" to ""
[175.983s] -- Installing: /home/ansl/ca_ws/install/px4_msgs/share/px4_msgs/cmake/export_px4_msgs__rosidl_generator_cExport.cmake
[175.983s] -- Installing: /home/ansl/ca_ws/install/px4_msgs/share/px4_msgs/cmake/export_px4_msgs__rosidl_generator_cExport-noconfig.cmake
[175.983s] -- Installing: /home/ansl/ca_ws/install/px4_msgs/share/px4_msgs/cmake/export_px4_msgs__rosidl_typesupport_fastrtps_cExport.cmake
[175.983s] -- Installing: /home/ansl/ca_ws/install/px4_msgs/share/px4_msgs/cmake/export_px4_msgs__rosidl_typesupport_fastrtps_cExport-noconfig.cmake
[175.983s] -- Installing: /home/ansl/ca_ws/install/px4_msgs/share/px4_msgs/cmake/export_px4_msgs__rosidl_generator_cppExport.cmake
[175.983s] -- Installing: /home/ansl/ca_ws/install/px4_msgs/share/px4_msgs/cmake/export_px4_msgs__rosidl_typesupport_fastrtps_cppExport.cmake
[175.983s] -- Installing: /home/ansl/ca_ws/install/px4_msgs/share/px4_msgs/cmake/export_px4_msgs__rosidl_typesupport_fastrtps_cppExport-noconfig.cmake
[175.984s] -- Installing: /home/ansl/ca_ws/install/px4_msgs/share/px4_msgs/cmake/px4_msgs__rosidl_typesupport_introspection_cExport.cmake
[175.984s] -- Installing: /home/ansl/ca_ws/install/px4_msgs/share/px4_msgs/cmake/px4_msgs__rosidl_typesupport_introspection_cExport-noconfig.cmake
[175.984s] -- Installing: /home/ansl/ca_ws/install/px4_msgs/share/px4_msgs/cmake/px4_msgs__rosidl_typesupport_cExport.cmake
[175.984s] -- Installing: /home/ansl/ca_ws/install/px4_msgs/share/px4_msgs/cmake/px4_msgs__rosidl_typesupport_cExport-noconfig.cmake
[175.984s] -- Installing: /home/ansl/ca_ws/install/px4_msgs/share/px4_msgs/cmake/px4_msgs__rosidl_typesupport_introspection_cppExport.cmake
[175.984s] -- Installing: /home/ansl/ca_ws/install/px4_msgs/share/px4_msgs/cmake/px4_msgs__rosidl_typesupport_introspection_cppExport-noconfig.cmake
[175.984s] -- Installing: /home/ansl/ca_ws/install/px4_msgs/share/px4_msgs/cmake/px4_msgs__rosidl_typesupport_cppExport.cmake
[175.984s] -- Installing: /home/ansl/ca_ws/install/px4_msgs/share/px4_msgs/cmake/px4_msgs__rosidl_typesupport_cppExport-noconfig.cmake
[175.984s] -- Installing: /home/ansl/ca_ws/install/px4_msgs/share/px4_msgs/cmake/export_px4_msgs__rosidl_generator_pyExport.cmake
[175.984s] -- Installing: /home/ansl/ca_ws/install/px4_msgs/share/px4_msgs/cmake/export_px4_msgs__rosidl_generator_pyExport-noconfig.cmake
[175.987s] Invoked command in '/home/ansl/ca_ws/build/px4_msgs' returned '0': CMAKE_PREFIX_PATH=${CMAKE_PREFIX_PATH}:/home/ansl/px4_ros2_ws/install/usv_control_pkg:/home/ansl/px4_ros2_ws/install/ugv_collision_avoidance_lidar_example2:/home/ansl/px4_ros2_ws/install/ugv_collision_avoidance_lidar_example1:/opt/ros/humble /usr/bin/cmake --install /home/ansl/ca_ws/build/px4_msgs
